cod_municipio_ibge,cod_produto,ano,qtd_produzida_ton,area_colhida_ha,valor_producao_reais,produtividade_ton_ha
3503208,41151,2015,59762.0,3040.0,30576052.0,19.658552631578946
3503208,41151,2016,48091.0,3032.0,42397746.0,15.861147757255937
3503208,41151,2017,51414.0,3440.0,51776257.0,14.945930232558139
3503208,41151,2018,48244.0,3127.0,33152480.0,15.428205948193156
3503208,41151,2019,63018.0,2934.0,39987607.0,21.478527607361965
3503208,41151,2020,58316.0,3378.0,69289742.0,17.26346950858496
3503208,41151,2021,49333.0,3111.0,46182601.0,15.85760205721633
3503208,41151,2022,50813.0,3179.0,31298687.0,15.983957219251337
3503208,41151,2023,47410.0,3410.0,49497777.0,13.903225806451612
3503208,41155,2015,11734.0,2754.0,14578234.0,4.260711692084241
3503208,41155,2016,13717.0,2492.0,12441991.0,5.504414125200642
3503208,41155,2017,10604.0,2608.0,18121293.0,4.065950920245399
3503208,41155,2018,14006.0,2727.0,8628724.0,5.136046938027136
3503208,41155,2019,10612.0,2510.0,13108082.0,4.22788844621514
3503208,41155,2020,13776.0,2732.0,14021525.0,5.0424597364568085
3503208,41155,2022,11386.0,2319.0,20827424.0,4.909874946097456
3503208,41155,2023,13175.0,2679.0,10273180.0,4.917879805897723
3503208,41176,2015,2456.0,676.0,3925003.0,3.633136094674556
3503208,41176,2016,2082.0,595.0,,3.499159663865546
3503208,41176,2017,1949.0,590.0,2071007.0,3.3033898305084746
3503208,41176,2018,2550.0,661.0,2397500.0,3.8577912254160363
3503208,41176,2019,2202.0,699.0,1488198.0,3.1502145922746783
3503208,41176,2020,1980.0,611.0,2674584.0,3.2405891980360066
3503208,41176,2021,2495.0,698.0,,3.5744985673352434
3503208,41176,2022,2074.0,639.0,2642072.0,3.2456964006259783
3503208,41176,2023,2187.0,707.0,3716109.0,3.0933521923620932
3503208,41160,2015,1000.0,121.0,681876.0,8.264462809917354
3503208,41160,2017,1243.0,126.0,,9.865079365079366
3503208,41160,2018,1136.0,124.0,1096321.0,9.161290322580646
3503208,41160,2020,979.0,125.0,681685.0,7.832
3503208,41160,2021,1287.0,136.0,1725245.0,9.463235294117647
3503208,41160,2022,1027.0,139.0,1683646.0,7.388489208633094
3503208,41160,2023,1240.0,129.0,1179946.0,9.612403100775193
3506102,41151,2015,88762.0,3877.0,,22.89450606138767
3506102,41151,2016,95558.0,4399.0,79931613.0,21.722664241873154
3506102,41151,2017,95997.0,4312.0,104498692.0,22.262755102040817
3506102,41151,2018,95587.0,3994.0,85696537.0,23.93264897346019
3506102,41151,2019,95512.0,3684.0,94485396.0,25.926167209554833
3506102,41151,2020,78532.0,4304.0,38203972.0,18.24628252788104
3506102,41151,2022,88883.0,3989.0,105319222.0,22.282025570318375
3506102,41151,2023,97753.0,3880.0,47578539.0,25.194072164948455
3506102,41155,2015,16084.0,2600.0,19469368.0,6.186153846153847
3506102,41155,2016,16124.0,2821.0,31093913.0,5.715703651187522
3506102,41155,2017,17927.0,2956.0,18942673.0,6.064614343707713
3506102,41155,2018,19329.0,2674.0,26997729.0,7.228496634255796
3506102,41155,2019,18506.0,2759.0,22549568.0,6.707502718376223
3506102,41155,2020,18810.0,2737.0,28767926.0,6.872488125685057
3506102,41155,2021,19669.0,2659.0,13073968.0,7.397141782625047
3506102,41155,2022,18326.0,2985.0,20847105.0,6.139363484087102
3506102,41155,2023,20127.0,3020.0,18242661.0,6.664569536423841
3506102,41176,2015,1335.0,562.0,1793685.0,2.3754448398576513
3506102,41176,2016,1709.0,558.0,3195140.0,3.0627240143369177
3506102,41176,2017,1683.0,541.0,2842157.0,3.11090573012939
3506102,41176,2018,1435.0,611.0,1022880.0,2.34860883797054
3506102,41176,2019,1433.0,563.0,984717.0,2.5452930728241565
3506102,41176,2020,1704.0,575.0,2160282.0,2.9634782608695653
3506102,41176,2021,1535.0,593.0,2639916.0,2.588532883642496
3506102,41176,2022,1599.0,600.0,2580552.0,2.665
3506102,41176,2023,1561.0,585.0,1120058.0,2.668376068376068
3506102,41160,2015,991.0,233.0,980653.0,4.253218884120171
3506102,41160,2016,894.0,236.0,817036.0,3.788135593220339
3506102,41160,2017,960.0,231.0,1411075.0,4.1558441558441555
3506102,41160,2018,963.0,211.0,1394664.0,4.563981042654029
3506102,41160,2019,1073.0,235.0,1508761.0,4.56595744680851
3506102,41160,2020,1158.0,205.0,1825089.0,5.648780487804878
3506102,41160,2021,890.0,218.0,,4.08256880733945
3506102,41160,2022,1023.0,211.0,1890713.0,4.848341232227488
3506102,41160,2023,1085.0,235.0,1827680.0,4.617021276595745
3526902,41151,2015,58597.0,5013.0,,11.689008577697985
3526902,41151,2016,47250.0,5598.0,31764808.0,8.440514469453376
3526902,41151,2017,59723.0,4846.0,58293215.0,12.324184894758563
3526902,41151,2018,57094.0,4853.0,32959059.0,11.764681640222543
3526902,41151,2019,50866.0,5543.0,33807224.0,9.176619159300017
3526902,41151,2020,45681.0,5321.0,46126466.0,8.585040405938733
3526902,41151,2021,52546.0,5054.0,25244195.0,10.396913335971508
3526902,41151,2022,52707.0,5045.0,62164530.0,10.447373637264619
3526902,41151,2023,58446.0,5362.0,45325899.0,10.900037299515107
3526902,41155,2015,7228.0,2173.0,11283135.0,3.326277036355269
3526902,41155,2016,7384.0,2105.0,10592920.0,3.507838479809976
3526902,41155,2017,7456.0,2110.0,10409181.0,3.533649289099526
3526902,41155,2018,6693.0,1961.0,6263384.0,3.41305456399796
3526902,41155,2019,6146.0,2050.0,6120221.0,2.998048780487805
3526902,41155,2020,7459.0,2271.0,6541146.0,3.2844561867018935
3526902,41155,2021,6210.0,2266.0,8899312.0,2.740511915269197
3526902,41155,2022,7018.0,2043.0,9516226.0,3.4351443954968186
3526902,41155,2023,6130.0,2024.0,,3.0286561264822134
3526902,41176,2015,5751.0,131.0,7628985.0,43.900763358778626
3526902,41176,2016,6106.0,140.0,7154322.0,43.614285714285714
3526902,41176,2018,5858.0,126.0,10644656.0,46.492063492063494
3526902,41176,2019,5198.0,128.0,5062221.0,40.609375
3526902,41176,2021,4632.0,153.0,6979467.0,30.274509803921568
3526902,41176,2022,5268.0,140.0,6529691.0,37.628571428571426
3526902,41176,2023,4557.0,148.0,8185180.0,30.79054054054054
3526902,41160,2015,1786.0,205.0,2721715.0,8.71219512195122
3526902,41160,2016,1545.0,219.0,2807948.0,7.054794520547945
3526902,41160,2017,1514.0,200.0,2844506.0,7.57
3526902,41160,2018,1853.0,186.0,3616120.0,9.96236559139785
3526902,41160,2019,1356.0,187.0,2466979.0,7.251336898395722
3526902,41160,2020,1556.0,185.0,1649347.0,8.41081081081081
3526902,41160,2021,1603.0,203.0,2347502.0,7.896551724137931
3526902,41160,2022,1860.0,212.0,2948931.0,8.773584905660377
3526902,41160,2023,1517.0,184.0,1671504.0,8.244565217391305
3529302,41151,2015,66164.0,3560.0,62624733.0,18.585393258426965
3529302,41151,2016,67355.0,3936.0,52011706.0,17.11255081300813
3529302,41151,2017,59718.0,3982.0,56866513.0,14.996986438975389
3529302,41151,2019,71473.0,3848.0,84258251.0,18.574064449064448
3529302,41151,2020,58284.0,3866.0,33525168.0,15.07604759441283
3529302,41151,2022,60290.0,3584.0,33800734.0,16.821986607142858
3529302,41151,2023,56922.0,3947.0,65764847.0,14.421586014694705
3529302,41155,2015,8205.0,1016.0,12691930.0,8.075787401574804
3529302,41155,2016,7319.0,1025.0,5657764.0,7.140487804878049
3529302,41155,2017,7262.0,1113.0,9150611.0,6.52470799640611
3529302,41155,2019,8801.0,993.0,8173665.0,8.863041289023162
3529302,41155,2020,7678.0,1094.0,12417159.0,7.0182815356489945
3529302,41155,2021,7036.0,1116.0,6361793.0,6.304659498207886
3529302,41155,2022,8568.0,1107.0,5867110.0,7.739837398373984
3529302,41176,2015,5259.0,331.0,4870876.0,15.88821752265861
3529302,41176,2016,5926.0,314.0,10180390.0,18.872611464968152
3529302,41176,2018,5029.0,303.0,7197164.0,16.597359735973598
3529302,41176,2020,5021.0,336.0,5276852.0,14.943452380952381
3529302,41176,2021,4917.0,318.0,4980217.0,15.462264150943396
3529302,41176,2022,5743.0,315.0,10404531.0,18.23174603174603
3529302,41176,2023,5497.0,300.0,5703318.0,18.323333333333334
3529302,41160,2015,271.0,101.0,303982.0,2.6831683168316833
3529302,41160,2016,270.0,104.0,517747.0,2.5961538461538463
3529302,41160,2017,242.0,97.0,197622.0,2.4948453608247423
3529302,41160,2018,258.0,91.0,309795.0,2.8351648351648353
3529302,41160,2020,245.0,100.0,170867.0,2.45
3529302,41160,2021,273.0,90.0,282907.0,3.033333333333333
3529302,41160,2022,301.0,88.0,214978.0,3.4204545454545454
3529302,41160,2023,279.0,93.0,210713.0,3.0
3507407,41151,2015,101071.0,3311.0,57508103.0,30.525823014195108
3507407,41151,2016,129996.0,3224.0,91538757.0,40.321339950372206
3507407,41151,2017,134485.0,3132.0,55810364.0,42.93901660280971
3507407,41151,2018,117112.0,3182.0,48798842.0,36.80452545568825
3507407,41151,2019,104218.0,3685.0,61973565.0,28.28168249660787
3507407,41151,2020,113801.0,3219.0,91995206.0,35.352904628766694
3507407,41151,2021,132810.0,3665.0,78227092.0,36.23738062755798
3507407,41151,2022,107701.0,3636.0,85653918.0,29.62073707370737
3507407,41151,2023,125625.0,3533.0,137106810.0,35.557599773563545
3507407,41155,2015,12159.0,2926.0,12579348.0,4.155502392344498
3507407,41155,2016,15892.0,3129.0,23218398.0,5.078938958133589
3507407,41155,2017,13977.0,3103.0,21141224.0,4.504350628424105
3507407,41155,2018,12378.0,3155.0,13378301.0,3.923296354992076
3507407,41155,2019,13930.0,2935.0,11453868.0,4.746166950596252
3507407,41155,2020,15546.0,3008.0,10762131.0,5.168218085106383
3507407,41155,2021,16087.0,3140.0,17160113.0,5.123248407643312
3507407,41155,2022,13710.0,2977.0,26230014.0,4.605307356399059
3507407,41155,2023,15729.0,3061.0,24530637.0,5.138516824567135
3507407,41176,2015,1902.0,335.0,1652471.0,5.677611940298507
3507407,41176,2016,2031.0,334.0,2715740.0,6.080838323353293
3507407,41176,2017,1797.0,331.0,2649922.0,5.429003021148036
3507407,41176,2018,2311.0,326.0,3820886.0,7.088957055214724
3507407,41176,2019,2269.0,299.0,3516109.0,7.588628762541806
3507407,41176,2020,1952.0,297.0,1716933.0,6.572390572390573
3507407,41176,2021,2288.0,332.0,3025360.0,6.891566265060241
3507407,41176,2022,2221.0,292.0,4163724.0,7.6061643835616435
3507407,41176,2023,1923.0,311.0,1373498.0,6.183279742765273
3507407,41160,2015,344.0,130.0,433934.0,2.646153846153846
3507407,41160,2016,341.0,113.0,275980.0,3.017699115044248
3507407,41160,2017,355.0,113.0,530559.0,3.1415929203539825
3507407,41160,2019,427.0,120.0,471768.0,3.558333333333333
3507407,41160,2020,454.0,109.0,518301.0,4.165137614678899
3507407,41160,2021,370.0,123.0,275697.0,3.008130081300813
3507407,41160,2022,423.0,127.0,659269.0,3.3307086614173227
3507407,41160,2023,463.0,108.0,408471.0,4.287037037037037
3522703,41151,2015,103793.0,7226.0,57385358.0,14.363825076114033
3522703,41151,2016,108001.0,7413.0,107422780.0,14.569135302846352
3522703,41151,2017,128410.0,6904.0,133664340.0,18.59936268829664
3522703,41151,2018,106284.0,6300.0,98709710.0,16.87047619047619
3522703,41151,2019,96053.0,7387.0,65512703.0,13.00297820495465
3522703,41151,2020,117888.0,6689.0,122706881.0,17.62415906712513
3522703,41151,2021,95776.0,6282.0,97960870.0,15.246099968163005
3522703,41151,2022,129310.0,6701.0,130663562.0,19.297119832860766
3522703,41151,2023,98661.0,7202.0,78853340.0,13.699111357956124
3522703,41155,2015,27028.0,1835.0,23791388.0,14.729155313351498
3522703,41155,2016,27991.0,1825.0,55455895.0,15.337534246575343
3522703,41155,2017,22593.0,1738.0,35703875.0,12.999424626006904
3522703,41155,2018,23248.0,1667.0,25694971.0,13.946010797840431
3522703,41155,2019,21835.0,1635.0,35016943.0,13.35474006116208
3522703,41155,2020,23912.0,1526.0,29941804.0,15.669724770642201
3522703,41155,2021,27638.0,1545.0,36040209.0,17.888673139158577
3522703,41155,2022,29018.0,1577.0,55902491.0,18.400760938490805
3522703,41155,2023,23560.0,1710.0,34402302.0,13.777777777777779
3522703,41176,2017,6268.0,821.0,7740740.0,7.634591961023142
3522703,41176,2018,5038.0,897.0,5275002.0,5.616499442586399
3522703,41176,2019,4969.0,793.0,3833735.0,6.266078184110971
3522703,41176,2020,5547.0,914.0,10335365.0,6.068927789934355
3522703,41176,2021,6618.0,831.0,12115611.0,7.963898916967509
3522703,41176,2022,5853.0,761.0,5817290.0,7.69119579500657
3522703,41160,2015,1212.0,142.0,1382756.0,8.535211267605634
3522703,41160,2016,1115.0,136.0,1251562.0,8.198529411764707
3522703,41160,2017,1228.0,135.0,803700.0,9.096296296296297
3522703,41160,2018,1120.0,161.0,1171455.0,6.956521739130435
3522703,41160,2020,1189.0,160.0,2165096.0,7.43125
3522703,41160,2021,1301.0,140.0,874138.0,9.292857142857143
3522703,41160,2022,1401.0,141.0,1963639.0,9.936170212765957
3522703,41160,2023,1146.0,149.0,1668655.0,7.691275167785235
3533502,41151,2015,133878.0,5637.0,93910037.0,23.749866950505588
3533502,41151,2016,128991.0,5866.0,134527554.0,21.989601091033073
3533502,41151,2017,131756.0,6208.0,133987869.0,21.223582474226806
3533502,41151,2018,131494.0,5913.0,82871660.0,22.23811939793675
3533502,41151,2019,125447.0,5261.0,54400491.0,23.844706329595134
3533502,41151,2020,104504.0,6033.0,64469163.0,17.322061992375268
3533502,41151,2021,98390.0,6120.0,57119066.0,16.076797385620914
3533502,41151,2022,101638.0,6188.0,120169511.0,16.42501616031028
3533502,41155,2016,5883.0,1104.0,5987417.0,5.328804347826087
3533502,41155,2017,6365.0,1311.0,5014855.0,4.855072463768116
3533502,41155,2018,6619.0,1270.0,4101912.0,5.211811023622047
3533502,41155,2019,6600.0,1193.0,7911978.0,5.532271584241408
3533502,41155,2020,7210.0,1096.0,8197799.0,6.578467153284672
3533502,41155,2021,5825.0,1182.0,5422047.0,4.928087986463621
3533502,41155,2022,7111.0,1282.0,11138716.0,5.546801872074883
3533502,41155,2023,6270.0,1206.0,12442019.0,5.199004975124378
3533502,41176,2015,7999.0,334.0,11471687.0,23.949101796407184
3533502,41176,2016,6442.0,344.0,12008167.0,18.726744186046513
3533502,41176,2017,7804.0,337.0,10023138.0,23.15727002967359
3533502,41176,2019,6695.0,295.0,7988315.0,22.694915254237287
3533502,41176,2020,7305.0,309.0,6223669.0,23.640776699029125
3533502,41176,2021,8309.0,319.0,15653832.0,26.047021943573668
3533502,41176,2022,8235.0,298.0,16387530.0,27.63422818791946
3533502,41176,2023,8518.0,320.0,13686139.0,26.61875
3533502,41160,2015,418.0,110.0,610653.0,3.8
3533502,41160,2016,508.0,105.0,782743.0,4.838095238095238
3533502,41160,2017,534.0,112.0,425165.0,4.767857142857143
3533502,41160,2018,536.0,113.0,499372.0,4.743362831858407
3533502,41160,2019,502.0,108.0,817907.0,4.648148148148148
3533502,41160,2020,468.0,110.0,530532.0,4.254545454545455
3533502,41160,2021,499.0,101.0,456825.0,4.9405940594059405
3533502,41160,2022,479.0,105.0,642812.0,4.561904761904762
3533502,41160,2023,485.0,104.0,654696.0,4.663461538461538
3552601,41151,2015,55262.0,4620.0,51789359.0,11.961471861471862
3552601,41151,2016,45570.0,4259.0,45259220.0,10.699694764029115
3552601,41151,2017,48592.0,4304.0,31939133.0,11.28996282527881
3552601,41151,2018,56540.0,4510.0,58929001.0,12.536585365853659
3552601,41151,2020,45868.0,4604.0,27364115.0,9.962641181581233
3552601,41151,2021,53936.0,4758.0,41458618.0,11.335855401429171
3552601,41151,2022,56647.0,4986.0,66038478.0,11.361211391897312
3552601,41151,2023,42212.0,4211.0,38183342.0,10.024222274994063
3552601,41155,2016,26304.0,2577.0,31638516.0,10.20721769499418
3552601,41155,2017,27309.0,2356.0,29936604.0,11.59125636672326
3552601,41155,2019,25475.0,2418.0,32261721.0,10.535566583953681
3552601,41155,2020,24843.0,2715.0,48776141.0,9.150276243093924
3552601,41155,2021,26856.0,2365.0,50860509.0,11.355602536997885
3552601,41155,2022,29280.0,2238.0,26059825.0,13.083109919571045
3552601,41155,2023,26832.0,2512.0,48008334.0,10.681528662420382
3552601,41176,2015,5383.0,882.0,5836266.0,6.103174603174603
3552601,41176,2016,6432.0,919.0,6798156.0,6.998911860718172
3552601,41176,2017,5985.0,788.0,8500047.0,7.595177664974619
3552601,41176,2018,5767.0,820.0,9789173.0,7.032926829268293
3552601,41176,2019,6126.0,884.0,4552377.0,6.929864253393665
3552601,41176,2020,5405.0,850.0,,6.358823529411764
3552601,41176,2021,6694.0,851.0,13319870.0,7.866039952996474
3552601,41176,2022,5768.0,781.0,4811033.0,7.3854033290653005
3552601,41176,2023,6686.0,840.0,,7.95952380952381
3552601,41160,2015,873.0,214.0,1530324.0,4.079439252336448
3552601,41160,2016,885.0,203.0,1024418.0,4.359605911330049
3552601,41160,2017,840.0,208.0,1428179.0,4.038461538461538
3552601,41160,2018,968.0,197.0,1566319.0,4.913705583756345
3552601,41160,2019,991.0,230.0,1528289.0,4.308695652173913
3552601,41160,2020,855.0,215.0,1228726.0,3.9767441860465116
3552601,41160,2021,756.0,238.0,1196209.0,3.176470588235294
3552601,41160,2022,938.0,203.0,1367368.0,4.620689655172414
3552601,41160,2023,976.0,200.0,720336.0,4.88
3511102,41151,2015,89286.0,6426.0,85031508.0,13.894491129785248
3511102,41151,2016,78203.0,6615.0,76961181.0,11.82207105064248
3511102,41151,2018,85760.0,5719.0,89193839.0,14.99562860639972
3511102,41151,2019,88208.0,6156.0,91577954.0,14.328784925276153
3511102,41151,2021,99171.0,6249.0,68689248.0,15.86989918386942
3511102,41151,2022,84889.0,6065.0,60613734.0,13.996537510305028
3511102,41151,2023,99204.0,6723.0,86519249.0,14.755912539045068
3511102,41155,2015,9421.0,2641.0,13233946.0,3.567209390382431
3511102,41155,2016,8737.0,2419.0,8775169.0,3.611823067383216
3511102,41155,2017,9727.0,2433.0,11064674.0,3.9979449239621867
3511102,41155,2018,9598.0,2419.0,,3.9677552707730466
3511102,41155,2019,10668.0,2626.0,17938953.0,4.062452399086062
3511102,41155,2020,11336.0,2613.0,18812100.0,4.338308457711443
3511102,41155,2022,10767.0,2441.0,17578830.0,4.410897173289635
3511102,41155,2023,10681.0,2754.0,18452673.0,3.8783587509077706
3511102,41176,2015,3009.0,431.0,3972424.0,6.981438515081207
3511102,41176,2016,2519.0,378.0,3824483.0,6.664021164021164
3511102,41176,2017,3268.0,387.0,2611263.0,8.444444444444445
3511102,41176,2018,3222.0,417.0,3750379.0,7.726618705035971
3511102,41176,2019,3018.0,425.0,5390251.0,7.101176470588236
3511102,41176,2020,3223.0,387.0,6302189.0,8.328165374677003
3511102,41176,2021,2587.0,423.0,4407278.0,6.115839243498818
3511102,41176,2022,2478.0,430.0,2034876.0,5.7627906976744185
3511102,41176,2023,3305.0,380.0,6028956.0,8.697368421052632
3511102,41160,2015,1238.0,137.0,2001083.0,9.036496350364963
3511102,41160,2017,1540.0,133.0,1417609.0,11.578947368421053
3511102,41160,2018,1394.0,142.0,2543068.0,9.816901408450704
3511102,41160,2019,1291.0,130.0,1159676.0,9.930769230769231
3511102,41160,2020,1636.0,124.0,1263679.0,13.193548387096774
3511102,41160,2021,1517.0,127.0,2186601.0,11.94488188976378
3511102,41160,2022,1612.0,144.0,1430849.0,11.194444444444445
3511102,41160,2023,1587.0,127.0,1809560.0,12.496062992125983
3530300,41151,2015,78033.0,5995.0,66695141.0,13.016346955796497
3530300,41151,2017,86201.0,5817.0,40164687.0,14.818806945160736
3530300,41151,2018,80085.0,5936.0,66399445.0,13.491408355795148
3530300,41151,2020,95604.0,5861.0,47376983.0,16.311892168571916
3530300,41151,2021,96794.0,5838.0,51646409.0,16.57999314833847
3530300,41151,2022,75075.0,5935.0,46365154.0,12.649536647009267
3530300,41151,2023,87347.0,5435.0,69850348.0,16.07120515179393
3530300,41155,2015,26543.0,973.0,17562257.0,27.27954779033916
3530300,41155,2016,33195.0,1041.0,45610285.0,31.887608069164266
3530300,41155,2017,31199.0,927.0,22121398.0,33.655879180151025
3530300,41155,2018,33671.0,1060.0,23451750.0,31.765094339622642
3530300,41155,2019,24456.0,913.0,33977440.0,26.786418400876233
3530300,41155,2020,31694.0,912.0,,34.75219298245614
3530300,41155,2022,25365.0,977.0,23676569.0,25.962128966223133
3530300,41155,2023,33101.0,1049.0,43946969.0,31.55481410867493
3530300,41176,2015,1785.0,688.0,2489983.0,2.5944767441860463
3530300,41176,2016,1775.0,782.0,2892351.0,2.2698209718670075
3530300,41176,2017,1661.0,700.0,1378837.0,2.3728571428571428
3530300,41176,2018,1516.0,716.0,1164104.0,2.11731843575419
3530300,41176,2019,1793.0,726.0,1304762.0,2.4696969696969697
3530300,41176,2020,1874.0,681.0,2185363.0,2.751835535976505
3530300,41176,2021,1427.0,678.0,2515117.0,2.1047197640117994
3530300,41160,2015,1806.0,246.0,2162377.0,7.341463414634147
3530300,41160,2016,1875.0,257.0,2824105.0,7.2957198443579765
3530300,41160,2017,1761.0,259.0,3022011.0,6.7992277992278
3530300,41160,2018,1739.0,262.0,2211239.0,6.637404580152672
3530300,41160,2019,1530.0,256.0,980768.0,5.9765625
3530300,41160,2020,1858.0,238.0,1530016.0,7.80672268907563
3530300,41160,2021,1964.0,274.0,2761323.0,7.1678832116788325
3530300,41160,2022,1653.0,242.0,2699922.0,6.830578512396694
3530300,41160,2023,1598.0,274.0,2830658.0,5.8321167883211675
3170206,41151,2015,2977.0,611.0,2329178.0,4.872340425531915
3170206,41151,2016,3166.0,725.0,1417243.0,4.366896551724138
3170206,41151,2017,2755.0,618.0,2654801.0,4.457928802588997
3170206,41151,2018,3100.0,667.0,2825379.0,4.6476761619190405
3170206,41151,2019,2989.0,656.0,2787019.0,4.5564024390243905
3170206,41151,2020,2415.0,703.0,2072716.0,3.4352773826458036
3170206,41151,2022,2739.0,651.0,2489612.0,4.207373271889401
3170206,41155,2015,1166.0,284.0,1504507.0,4.105633802816901
3170206,41155,2016,1061.0,273.0,878209.0,3.8864468864468864
3170206,41155,2017,871.0,246.0,980433.0,3.540650406504065
3170206,41155,2018,1049.0,263.0,674916.0,3.988593155893536
3170206,41155,2019,915.0,247.0,1442108.0,3.7044534412955468
3170206,41155,2020,863.0,267.0,1532512.0,3.2322097378277155
3170206,41155,2021,1044.0,248.0,664015.0,4.209677419354839
3170206,41155,2022,978.0,263.0,1491896.0,3.7186311787072244
3170206,41155,2023,994.0,251.0,1243574.0,3.960159362549801
3170206,41176,2015,1158.0,790.0,2268507.0,1.4658227848101266
3170206,41176,2016,1234.0,841.0,1560706.0,1.4673008323424495
3170206,41176,2017,1220.0,846.0,2099169.0,1.442080378250591
3170206,41176,2018,1412.0,858.0,2445365.0,1.6456876456876457
3170206,41176,2019,1270.0,836.0,1220521.0,1.5191387559808613
3170206,41176,2020,1151.0,748.0,1428874.0,1.5387700534759359
3170206,41176,2021,1186.0,728.0,1687805.0,1.629120879120879
3170206,41176,2022,1135.0,789.0,1227408.0,1.438529784537389
3170206,41160,2015,1877.0,316.0,1179367.0,5.939873417721519
3170206,41160,2016,1435.0,314.0,1130980.0,4.570063694267516
3170206,41160,2017,1729.0,274.0,1549091.0,6.310218978102189
3170206,41160,2018,1659.0,273.0,1718014.0,6.076923076923077
3170206,41160,2019,1486.0,312.0,2632846.0,4.762820512820513
3170206,41160,2021,1850.0,298.0,2015878.0,6.208053691275167
3170206,41160,2022,1590.0,273.0,2227846.0,5.824175824175824
3170107,41151,2015,1191.0,698.0,767442.0,1.7063037249283668
3170107,41151,2016,1191.0,653.0,1121632.0,1.8238897396630933
3170107,41151,2017,1440.0,641.0,1321738.0,2.2464898595943836
3170107,41151,2018,1501.0,676.0,1634879.0,2.220414201183432
3170107,41151,2019,1408.0,710.0,1470436.0,1.9830985915492958
3170107,41151,2020,1361.0,723.0,,1.8824343015214384
3170107,41151,2021,1165.0,687.0,673242.0,1.695778748180495
3170107,41151,2022,1441.0,702.0,1586823.0,2.0527065527065527
3170107,41151,2023,1406.0,616.0,1326940.0,2.2824675324675323
3170107,41155,2015,1667.0,222.0,2082524.0,7.509009009009009
3170107,41155,2016,1723.0,205.0,1322820.0,8.404878048780487
3170107,41155,2017,2018.0,212.0,3999813.0,9.518867924528301
3170107,41155,2018,1502.0,211.0,2975907.0,7.118483412322274
3170107,41155,2019,1782.0,204.0,3028144.0,8.735294117647058
3170107,41155,2020,1726.0,197.0,2325432.0,8.761421319796954
3170107,41155,2021,1467.0,197.0,2386874.0,7.446700507614213
3170107,41155,2022,1630.0,199.0,1082329.0,8.190954773869347
3170107,41155,2023,1845.0,202.0,3680026.0,9.133663366336634
3170107,41176,2017,582.0,329.0,449905.0,1.7689969604863223
3170107,41176,2018,648.0,306.0,860824.0,2.1176470588235294
3170107,41176,2019,691.0,318.0,1173776.0,2.1729559748427674
3170107,41176,2020,635.0,326.0,523572.0,1.9478527607361964
3170107,41176,2021,560.0,305.0,422577.0,1.8360655737704918
3170107,41176,2022,714.0,359.0,1072479.0,1.988857938718663
3170107,41176,2023,733.0,357.0,1314377.0,2.053221288515406
3170107,41160,2015,1640.0,67.0,2469968.0,24.47761194029851
3170107,41160,2016,1871.0,70.0,1420771.0,26.728571428571428
3170107,41160,2017,1902.0,78.0,1585298.0,24.384615384615383
3170107,41160,2018,2212.0,72.0,3089104.0,30.72222222222222
3170107,41160,2019,2192.0,76.0,4051841.0,28.842105263157894
3170107,41160,2020,2050.0,65.0,3722113.0,31.53846153846154
3170107,41160,2021,2188.0,73.0,3421021.0,29.972602739726028
3170107,41160,2022,2041.0,67.0,,30.46268656716418
3170107,41160,2023,1932.0,72.0,1606584.0,26.833333333333332
3148004,41151,2015,18561.0,1613.0,8594939.0,11.507129572225667
3148004,41151,2017,22233.0,1558.0,24725068.0,14.270218228498074
3148004,41151,2018,21312.0,1621.0,14184800.0,13.147439851943245
3148004,41151,2019,16794.0,1565.0,6747116.0,10.730990415335464
3148004,41151,2020,16850.0,1637.0,13377850.0,10.293219303604154
3148004,41151,2021,16940.0,1623.0,9697668.0,10.437461491065926
3148004,41151,2022,20160.0,1569.0,10051279.0,12.848948374760994
3148004,41151,2023,16209.0,1588.0,13657396.0,10.207178841309824
3148004,41155,2015,1375.0,367.0,1024341.0,3.7465940054495914
3148004,41155,2016,1593.0,359.0,1509422.0,4.437325905292479
3148004,41155,2017,1590.0,372.0,2094367.0,4.274193548387097
3148004,41155,2018,1397.0,325.0,2235393.0,4.298461538461538
3148004,41155,2019,1377.0,348.0,2053972.0,3.956896551724138
3148004,41155,2020,1643.0,358.0,3041870.0,4.589385474860335
3148004,41155,2022,1319.0,365.0,1168108.0,3.6136986301369864
3148004,41155,2023,1569.0,326.0,2362862.0,4.8128834355828225
3148004,41176,2015,864.0,534.0,,1.6179775280898876
3148004,41176,2016,979.0,526.0,1724975.0,1.861216730038023
3148004,41176,2017,927.0,517.0,1807655.0,1.793036750483559
3148004,41176,2018,901.0,477.0,1081119.0,1.8888888888888888
3148004,41176,2019,958.0,456.0,780946.0,2.1008771929824563
3148004,41176,2020,894.0,497.0,984579.0,1.7987927565392354
3148004,41176,2021,898.0,481.0,1213961.0,1.866943866943867
3148004,41176,2022,815.0,514.0,1094299.0,1.5856031128404668
3148004,41176,2023,946.0,484.0,1765515.0,1.9545454545454546
3148004,41160,2015,1930.0,108.0,1922203.0,17.87037037037037
3148004,41160,2016,1707.0,116.0,1484266.0,14.71551724137931
3148004,41160,2017,1683.0,98.0,2589243.0,17.1734693877551
3148004,41160,2018,2136.0,118.0,3599778.0,18.10169491525424
3148004,41160,2019,1894.0,99.0,1280297.0,19.13131313131313
3148004,41160,2021,2060.0,112.0,1445347.0,18.392857142857142
3148004,41160,2022,2177.0,106.0,2510426.0,20.537735849056602
3148004,41160,2023,2198.0,108.0,4273325.0,20.35185185185185
3127107,41151,2016,15185.0,215.0,11086926.0,70.62790697674419
3127107,41151,2017,12090.0,207.0,12570312.0,58.405797101449274
3127107,41151,2018,13641.0,212.0,6191516.0,64.34433962264151
3127107,41151,2019,14102.0,204.0,12629929.0,69.12745098039215
3127107,41151,2020,13791.0,224.0,,61.566964285714285
3127107,41151,2021,14471.0,219.0,15514186.0,66.07762557077625
3127107,41151,2022,12575.0,224.0,6798247.0,56.138392857142854
3127107,41155,2015,1269.0,352.0,2371538.0,3.6051136363636362
3127107,41155,2016,1253.0,326.0,2106296.0,3.8435582822085887
3127107,41155,2017,1311.0,357.0,2342985.0,3.672268907563025
3127107,41155,2018,1173.0,377.0,1786688.0,3.1114058355437666
3127107,41155,2020,1117.0,379.0,1176982.0,2.9472295514511875
3127107,41155,2021,1329.0,323.0,2013628.0,4.114551083591332
3127107,41155,2022,1483.0,347.0,1622486.0,4.273775216138328
3127107,41155,2023,1156.0,322.0,818359.0,3.590062111801242
3127107,41176,2015,1360.0,824.0,2187366.0,1.6504854368932038
3127107,41176,2016,1259.0,705.0,,1.7858156028368795
3127107,41176,2017,1373.0,726.0,,1.8911845730027548
3127107,41176,2018,1386.0,711.0,1703234.0,1.9493670886075949
3127107,41176,2019,1633.0,825.0,1395623.0,1.9793939393939395
3127107,41176,2020,1534.0,734.0,1748217.0,2.0899182561307903
3127107,41176,2022,1482.0,718.0,2141289.0,2.064066852367688
3127107,41176,2023,1428.0,705.0,1916009.0,2.025531914893617
3127107,41160,2015,1427.0,318.0,1809432.0,4.487421383647798
3127107,41160,2016,1476.0,358.0,,4.122905027932961
3127107,41160,2017,1543.0,334.0,1260152.0,4.619760479041916
3127107,41160,2018,1522.0,356.0,2521894.0,4.275280898876405
3127107,41160,2019,1510.0,330.0,1633969.0,4.575757575757576
3127107,41160,2020,1613.0,357.0,1333165.0,4.518207282913165
3127107,41160,2022,1493.0,315.0,974716.0,4.73968253968254
3127107,41160,2023,1694.0,374.0,2961654.0,4.529411764705882
3134202,41151,2015,8930.0,609.0,,14.663382594417078
3134202,41151,2016,9354.0,657.0,9576048.0,14.237442922374429
3134202,41151,2017,9050.0,548.0,5679735.0,16.514598540145986
3134202,41151,2018,10890.0,561.0,12455666.0,19.41176470588235
3134202,41151,2019,9822.0,651.0,10237998.0,15.087557603686635
3134202,41151,2020,12121.0,605.0,12314617.0,20.034710743801654
3134202,41151,2021,8908.0,552.0,4044618.0,16.13768115942029
3134202,41151,2022,12085.0,599.0,4928003.0,20.175292153589314
3134202,41151,2023,9075.0,649.0,7089792.0,13.983050847457626
3134202,41155,2015,1991.0,138.0,3244534.0,14.427536231884059
3134202,41155,2016,1769.0,135.0,3340337.0,13.103703703703705
3134202,41155,2017,1695.0,146.0,2489843.0,11.60958904109589
3134202,41155,2018,2306.0,159.0,2288412.0,14.50314465408805
3134202,41155,2019,2018.0,147.0,2323129.0,13.727891156462585
3134202,41155,2020,2115.0,132.0,1893037.0,16.022727272727273
3134202,41155,2021,1822.0,146.0,2657054.0,12.479452054794521
3134202,41155,2022,2221.0,140.0,1891947.0,15.864285714285714
3134202,41155,2023,1821.0,145.0,2063624.0,12.558620689655172
3134202,41176,2015,5411.0,253.0,7163134.0,21.387351778656125
3134202,41176,2016,4506.0,246.0,3082333.0,18.317073170731707
3134202,41176,2018,4204.0,240.0,6342925.0,17.516666666666666
3134202,41176,2019,5019.0,255.0,5689033.0,19.68235294117647
3134202,41176,2020,4414.0,243.0,6180891.0,18.16460905349794
3134202,41176,2021,4344.0,225.0,6526868.0,19.30666666666667
3134202,41176,2023,4156.0,218.0,,19.06422018348624
3134202,41160,2015,252.0,95.0,382224.0,2.6526315789473682
3134202,41160,2016,241.0,109.0,154239.0,2.2110091743119265
3134202,41160,2017,277.0,98.0,338710.0,2.826530612244898
3134202,41160,2018,286.0,104.0,381193.0,2.75
3134202,41160,2020,271.0,92.0,,2.9456521739130435
3134202,41160,2021,250.0,92.0,280775.0,2.717391304347826
3134202,41160,2022,264.0,100.0,255597.0,2.64
3134202,41160,2023,290.0,98.0,475628.0,2.9591836734693877
3156908,41151,2015,15910.0,1523.0,12626125.0,10.446487196323046
3156908,41151,2017,14673.0,1441.0,15092358.0,10.182512144344205
3156908,41151,2018,13953.0,1538.0,7211890.0,9.072171651495449
3156908,41151,2019,14845.0,1430.0,6087821.0,10.381118881118882
3156908,41151,2020,18756.0,1376.0,18535771.0,13.630813953488373
3156908,41151,2021,18450.0,1364.0,18128779.0,13.526392961876834
3156908,41151,2022,15425.0,1333.0,14397013.0,11.571642910727682
3156908,41151,2023,17705.0,1489.0,12688228.0,11.890530557421087
3156908,41155,2015,460.0,227.0,597947.0,2.026431718061674
3156908,41155,2016,403.0,223.0,544410.0,1.8071748878923768
3156908,41155,2018,451.0,242.0,613282.0,1.8636363636363635
3156908,41155,2019,473.0,244.0,853663.0,1.9385245901639345
3156908,41155,2020,416.0,253.0,544269.0,1.6442687747035574
3156908,41155,2021,398.0,219.0,777703.0,1.817351598173516
3156908,41155,2022,393.0,235.0,412977.0,1.672340425531915
3156908,41176,2015,832.0,495.0,514442.0,1.6808080808080808
3156908,41176,2016,956.0,461.0,1568670.0,2.0737527114967462
3156908,41176,2017,950.0,477.0,1546619.0,1.9916142557651992
3156908,41176,2018,835.0,464.0,726756.0,1.7995689655172413
3156908,41176,2019,988.0,500.0,1390302.0,1.976
3156908,41176,2020,930.0,475.0,1414106.0,1.9578947368421054
3156908,41176,2021,1063.0,507.0,1251449.0,2.096646942800789
3156908,41176,2022,878.0,479.0,1442035.0,1.8329853862212944
3156908,41176,2023,777.0,454.0,,1.7114537444933922
3156908,41160,2015,821.0,66.0,1437794.0,12.43939393939394
3156908,41160,2016,745.0,56.0,723382.0,13.303571428571429
3156908,41160,2017,772.0,57.0,546639.0,13.543859649122806
3156908,41160,2019,848.0,60.0,1613188.0,14.133333333333333
3156908,41160,2020,788.0,62.0,532513.0,12.709677419354838
3156908,41160,2021,670.0,63.0,1337530.0,10.634920634920634
3156908,41160,2022,825.0,56.0,883274.0,14.732142857142858
3156908,41160,2023,739.0,63.0,1231799.0,11.73015873015873
3104007,41151,2015,16904.0,671.0,12577464.0,25.19225037257824
3104007,41151,2016,16593.0,682.0,15337372.0,24.32991202346041
3104007,41151,2017,19189.0,695.0,21863381.0,27.610071942446044
3104007,41151,2018,19887.0,667.0,17834700.0,29.81559220389805
3104007,41151,2019,17281.0,699.0,11500529.0,24.722460658082976
3104007,41151,2020,19188.0,773.0,18344820.0,24.822768434670117
3104007,41151,2022,19412.0,726.0,21941287.0,26.738292011019283
3104007,41151,2023,21328.0,705.0,20640194.0,30.252482269503545
3104007,41155,2015,1198.0,304.0,1133726.0,3.9407894736842106
3104007,41155,2016,1001.0,345.0,931617.0,2.9014492753623187
3104007,41155,2017,1186.0,358.0,760525.0,3.3128491620111733
3104007,41155,2018,911.0,329.0,1771756.0,2.768996960486322
3104007,41155,2019,1213.0,364.0,1286991.0,3.3324175824175826
3104007,41155,2020,1176.0,324.0,1866536.0,3.6296296296296298
3104007,41155,2021,1200.0,365.0,1253393.0,3.287671232876712
3104007,41155,2022,1130.0,354.0,2070368.0,3.1920903954802258
3104007,41155,2023,1200.0,321.0,2028901.0,3.7383177570093458
3104007,41176,2015,4765.0,688.0,7444497.0,6.925872093023256
3104007,41176,2017,5671.0,656.0,5545116.0,8.644817073170731
3104007,41176,2018,5947.0,797.0,10787742.0,7.461731493099122
3104007,41176,2019,4444.0,761.0,5032935.0,5.839684625492772
3104007,41176,2020,5860.0,768.0,7787405.0,7.630208333333333
3104007,41176,2021,5044.0,761.0,6964661.0,6.628120893561104
3104007,41176,2022,4890.0,774.0,6092382.0,6.317829457364341
3104007,41176,2023,5782.0,719.0,9318881.0,8.04172461752434
3104007,41160,2015,944.0,201.0,1346560.0,4.696517412935323
3104007,41160,2016,1087.0,227.0,1745422.0,4.788546255506608
3104007,41160,2017,924.0,227.0,1216291.0,4.070484581497797
3104007,41160,2018,980.0,221.0,793923.0,4.4343891402714934
3104007,41160,2019,1044.0,212.0,1542023.0,4.9245283018867925
3104007,41160,2021,828.0,219.0,780471.0,3.780821917808219
3104007,41160,2022,850.0,221.0,553698.0,3.8461538461538463
3104007,41160,2023,819.0,211.0,695779.0,3.881516587677725
3147105,41151,2015,7475.0,1100.0,3204323.0,6.795454545454546
3147105,41151,2016,7687.0,1033.0,5970135.0,7.441432720232333
3147105,41151,2017,6261.0,1031.0,5366263.0,6.07274490785645
3147105,41151,2018,7563.0,1178.0,5609045.0,6.420203735144312
3147105,41151,2019,7172.0,1131.0,7052570.0,6.341290893015031
3147105,41151,2020,6226.0,1045.0,4805902.0,5.957894736842105
3147105,41151,2021,5893.0,1097.0,6157211.0,5.371923427529627
3147105,41151,2022,6466.0,1143.0,6554106.0,5.657042869641295
3147105,41155,2015,340.0,293.0,615846.0,1.1604095563139931
3147105,41155,2017,420.0,270.0,339791.0,1.5555555555555556
3147105,41155,2018,396.0,277.0,302378.0,1.4296028880866427
3147105,41155,2019,332.0,318.0,371912.0,1.0440251572327044
3147105,41155,2020,325.0,278.0,237134.0,1.169064748201439
3147105,41155,2021,381.0,318.0,394145.0,1.1981132075471699
3147105,41155,2022,445.0,278.0,289772.0,1.6007194244604317
3147105,41155,2023,427.0,318.0,455440.0,1.3427672955974843
3147105,41176,2015,7121.0,394.0,6272018.0,18.073604060913706
3147105,41176,2016,6054.0,386.0,11754550.0,15.683937823834198
3147105,41176,2017,7795.0,444.0,10941967.0,17.556306306306308
3147105,41176,2018,5770.0,452.0,3869583.0,12.765486725663717
3147105,41176,2019,7100.0,434.0,8691612.0,16.359447004608295
3147105,41176,2020,5880.0,454.0,9820773.0,12.951541850220265
3147105,41176,2021,6393.0,431.0,10696070.0,14.832946635730858
3147105,41176,2022,6511.0,392.0,12267832.0,16.60969387755102
3147105,41176,2023,5956.0,417.0,10625937.0,14.282973621103118
3147105,41160,2015,1495.0,107.0,2555557.0,13.97196261682243
3147105,41160,2016,1829.0,101.0,1969832.0,18.10891089108911
3147105,41160,2017,1608.0,98.0,2456472.0,16.408163265306122
3147105,41160,2018,1566.0,105.0,2741803.0,14.914285714285715
3147105,41160,2019,1725.0,101.0,2228722.0,17.07920792079208
3147105,41160,2020,1655.0,93.0,1332962.0,17.795698924731184
3147105,41160,2021,1678.0,100.0,2346493.0,16.78
3147105,41160,2022,1505.0,95.0,920107.0,15.842105263157896
3147105,41160,2023,1610.0,94.0,2551360.0,17.127659574468087
3167202,41151,2015,13292.0,1445.0,9374210.0,9.198615916955017
3167202,41151,2016,16077.0,1580.0,8414924.0,10.175316455696203
3167202,41151,2017,11903.0,1545.0,9395764.0,7.7042071197411
3167202,41151,2018,13925.0,1565.0,12303344.0,8.89776357827476
3167202,41151,2019,13463.0,1386.0,11896695.0,9.713564213564213
3167202,41151,2020,14339.0,1440.0,16957111.0,9.957638888888889
3167202,41151,2021,12483.0,1548.0,14815614.0,8.063953488372093
3167202,41151,2022,15918.0,1358.0,12383587.0,11.721649484536082
3167202,41151,2023,13266.0,1347.0,8952386.0,9.848552338530066
3167202,41155,2016,967.0,214.0,650083.0,4.518691588785047
3167202,41155,2017,978.0,246.0,967230.0,3.975609756097561
3167202,41155,2018,853.0,215.0,1218491.0,3.9674418604651165
3167202,41155,2019,971.0,243.0,1754422.0,3.9958847736625516
3167202,41155,2020,975.0,252.0,1636552.0,3.869047619047619
3167202,41155,2021,927.0,236.0,1536667.0,3.9279661016949152
3167202,41155,2022,1056.0,231.0,1195097.0,4.571428571428571
3167202,41155,2023,1112.0,227.0,1723478.0,4.898678414096916
3167202,41176,2015,7797.0,558.0,7653744.0,13.973118279569892
3167202,41176,2016,7956.0,514.0,12257377.0,15.478599221789883
3167202,41176,2017,6329.0,488.0,4399495.0,12.969262295081966
3167202,41176,2019,8647.0,497.0,12508405.0,17.398390342052313
3167202,41176,2020,6574.0,507.0,6655491.0,12.966469428007889
3167202,41176,2021,7997.0,560.0,13420305.0,14.280357142857143
3167202,41176,2022,7254.0,595.0,6974967.0,12.191596638655462
3167202,41176,2023,7264.0,557.0,5461094.0,13.041292639138241
3167202,41160,2016,543.0,99.0,,5.484848484848484
3167202,41160,2017,634.0,100.0,1026366.0,6.34
3167202,41160,2018,697.0,94.0,940549.0,7.414893617021277
3167202,41160,2019,742.0,105.0,824731.0,7.066666666666666
3167202,41160,2020,577.0,103.0,1127756.0,5.601941747572815
3167202,41160,2022,616.0,107.0,924474.0,5.757009345794392
3167202,41160,2023,606.0,98.0,975306.0,6.183673469387755
3122306,41151,2015,20338.0,478.0,,42.54811715481171
3122306,41151,2016,17282.0,520.0,7111407.0,33.23461538461538
3122306,41151,2018,17037.0,488.0,18207727.0,34.91188524590164
3122306,41151,2020,18063.0,471.0,10745962.0,38.35031847133758
3122306,41151,2022,20652.0,502.0,10357265.0,41.1394422310757
3122306,41151,2023,20036.0,514.0,19510235.0,38.98054474708171
3122306,41155,2015,1134.0,186.0,2231154.0,6.096774193548387
3122306,41155,2016,1312.0,160.0,884677.0,8.2
3122306,41155,2017,1121.0,184.0,757390.0,6.092391304347826
3122306,41155,2018,1241.0,156.0,,7.955128205128205
3122306,41155,2019,1152.0,168.0,1626239.0,6.857142857142857
3122306,41155,2020,1149.0,161.0,1353101.0,7.136645962732919
3122306,41155,2021,1234.0,160.0,1793257.0,7.7125
3122306,41155,2022,1166.0,164.0,751991.0,7.109756097560975
3122306,41155,2023,1367.0,160.0,1385080.0,8.54375
3122306,41176,2015,4654.0,957.0,6192036.0,4.863113897596656
3122306,41176,2016,4984.0,1047.0,4719668.0,4.760267430754537
3122306,41176,2017,5764.0,958.0,3815271.0,6.01670146137787
3122306,41176,2018,5617.0,1013.0,4140846.0,5.544916090819348
3122306,41176,2020,5220.0,991.0,10267683.0,5.267406659939455
3122306,41176,2021,5313.0,1014.0,3197943.0,5.239644970414201
3122306,41176,2022,5523.0,1013.0,8049782.0,5.452122408687068
3122306,41176,2023,5820.0,977.0,10906713.0,5.957011258955988
3122306,41160,2015,904.0,144.0,1252095.0,6.277777777777778
3122306,41160,2016,929.0,146.0,1690393.0,6.363013698630137
3122306,41160,2017,863.0,136.0,583598.0,6.345588235294118
3122306,41160,2018,871.0,148.0,1619390.0,5.885135135135135
3122306,41160,2019,970.0,130.0,1782443.0,7.461538461538462
3122306,41160,2022,775.0,125.0,1335158.0,6.2
3122306,41160,2023,943.0,138.0,1444862.0,6.833333333333333
4113700,41151,2015,12262.0,520.0,8553012.0,23.58076923076923
4113700,41151,2016,11640.0,513.0,9640868.0,22.690058479532162
4113700,41151,2017,9974.0,508.0,11919113.0,19.633858267716537
4113700,41151,2018,11811.0,603.0,6122295.0,19.587064676616915
4113700,41151,2019,12779.0,580.0,14801037.0,22.032758620689656
4113700,41151,2020,11745.0,528.0,13116604.0,22.244318181818183
4113700,41151,2021,12041.0,597.0,8078879.0,20.169179229480736
4113700,41151,2022,9476.0,563.0,5460941.0,16.83126110124334
4113700,41151,2023,12233.0,580.0,6808551.0,21.091379310344827
4113700,41155,2016,774.0,144.0,798241.0,5.375
4113700,41155,2017,895.0,147.0,742229.0,6.08843537414966
4113700,41155,2018,949.0,138.0,972272.0,6.8768115942028984
4113700,41155,2019,883.0,134.0,1319491.0,6.58955223880597
4113700,41155,2020,830.0,158.0,834356.0,5.253164556962025
4113700,41155,2021,992.0,140.0,1694045.0,7.085714285714285
4113700,41155,2022,970.0,142.0,,6.830985915492958
4113700,41155,2023,1061.0,151.0,1173957.0,7.026490066225166
4113700,41176,2015,7009.0,232.0,4377562.0,30.211206896551722
4113700,41176,2016,6972.0,202.0,7708444.0,34.51485148514851
4113700,41176,2017,6305.0,208.0,9326620.0,30.3125
4113700,41176,2018,8131.0,235.0,7968726.0,34.6
4113700,41176,2019,6448.0,212.0,10899254.0,30.41509433962264
4113700,41176,2020,8099.0,235.0,11193768.0,34.46382978723404
4113700,41176,2021,8030.0,218.0,,36.8348623853211
4113700,41176,2022,6452.0,219.0,12791828.0,29.461187214611872
4113700,41176,2023,6404.0,205.0,10066716.0,31.2390243902439
4113700,41160,2016,1477.0,101.0,1023186.0,14.623762376237623
4113700,41160,2017,1906.0,100.0,2081632.0,19.06
4113700,41160,2018,1500.0,107.0,2429963.0,14.018691588785046
4113700,41160,2019,1531.0,100.0,1522731.0,15.31
4113700,41160,2020,1689.0,111.0,1879938.0,15.216216216216216
4113700,41160,2021,1620.0,100.0,1488092.0,16.2
4113700,41160,2023,1948.0,105.0,2679439.0,18.552380952380954
4115200,41151,2015,16109.0,1435.0,15131620.0,11.225783972125436
4115200,41151,2016,16259.0,1652.0,19219059.0,9.842009685230025
4115200,41151,2017,15194.0,1699.0,10991814.0,8.942907592701589
4115200,41151,2018,17347.0,1671.0,18054538.0,10.381208856971874
4115200,41151,2019,16897.0,1477.0,12904370.0,11.44008124576845
4115200,41151,2021,18258.0,1641.0,14897781.0,11.126142595978061
4115200,41151,2023,18766.0,1571.0,8046577.0,11.945257797581158
4115200,41155,2015,935.0,115.0,1561090.0,8.130434782608695
4115200,41155,2016,1016.0,109.0,688880.0,9.321100917431192
4115200,41155,2017,926.0,107.0,1321076.0,8.654205607476635
4115200,41155,2018,1037.0,115.0,1243785.0,9.017391304347827
4115200,41155,2019,935.0,108.0,1461580.0,8.657407407407407
4115200,41155,2021,937.0,119.0,985152.0,7.873949579831932
4115200,41155,2022,1097.0,121.0,914106.0,9.066115702479339
4115200,41155,2023,859.0,126.0,772852.0,6.817460317460317
4115200,41176,2015,1414.0,766.0,1515204.0,1.845953002610966
4115200,41176,2016,1334.0,800.0,2302187.0,1.6675
4115200,41176,2018,1371.0,828.0,2621390.0,1.6557971014492754
4115200,41176,2019,1324.0,837.0,1469619.0,1.5818399044205496
4115200,41176,2020,1196.0,889.0,825477.0,1.34533183352081
4115200,41176,2021,1313.0,818.0,996543.0,1.6051344743276283
4115200,41176,2022,1245.0,858.0,811497.0,1.451048951048951
4115200,41160,2015,2150.0,80.0,2383937.0,26.875
4115200,41160,2016,1663.0,85.0,3169860.0,19.564705882352943
4115200,41160,2017,2141.0,77.0,1651112.0,27.805194805194805
4115200,41160,2018,1739.0,80.0,1394658.0,21.7375
4115200,41160,2019,1897.0,79.0,3657786.0,24.0126582278481
4115200,41160,2021,2003.0,89.0,3138611.0,22.50561797752809
4115200,41160,2022,1818.0,87.0,1401451.0,20.896551724137932
4115200,41160,2023,2198.0,77.0,1596518.0,28.545454545454547
4104808,41151,2015,12566.0,1828.0,5367005.0,6.87417943107221
4104808,41151,2016,12846.0,1943.0,14148699.0,6.611425630468348
4104808,41151,2018,12658.0,1727.0,9120462.0,7.329473074696005
4104808,41151,2019,13329.0,1986.0,13469356.0,6.711480362537764
4104808,41151,2020,12448.0,1773.0,11825270.0,7.020868584320361
4104808,41151,2021,12979.0,2028.0,14373893.0,6.399901380670611
4104808,41151,2022,13093.0,2039.0,7313919.0,6.421284943599804
4104808,41151,2023,10018.0,1813.0,11598788.0,5.525648097076669
4104808,41155,2015,1314.0,315.0,1138925.0,4.171428571428572
4104808,41155,2016,1675.0,309.0,3338761.0,5.4207119741100325
4104808,41155,2017,1398.0,288.0,2047723.0,4.854166666666667
4104808,41155,2018,1322.0,292.0,2075848.0,4.527397260273973
4104808,41155,2019,1303.0,276.0,1389007.0,4.721014492753623
4104808,41155,2020,1549.0,318.0,1028097.0,4.871069182389937
4104808,41155,2021,1729.0,306.0,2442526.0,5.650326797385621
4104808,41155,2023,1622.0,328.0,1615667.0,4.945121951219512
4104808,41176,2015,7453.0,294.0,12440142.0,25.35034013605442
4104808,41176,2016,7023.0,253.0,4566404.0,27.75889328063241
4104808,41176,2017,6745.0,260.0,10742362.0,25.942307692307693
4104808,41176,2018,6881.0,287.0,5868921.0,23.975609756097562
4104808,41176,2019,8144.0,293.0,10883817.0,27.795221843003414
4104808,41176,2020,8927.0,242.0,13871105.0,36.888429752066116
4104808,41176,2021,7036.0,245.0,12404319.0,28.718367346938777
4104808,41176,2022,9140.0,276.0,17651664.0,33.11594202898551
4104808,41176,2023,7185.0,243.0,10785415.0,29.567901234567902
4104808,41160,2015,832.0,196.0,1507352.0,4.244897959183674
4104808,41160,2016,1006.0,185.0,773455.0,5.437837837837838
4104808,41160,2017,818.0,185.0,1443666.0,4.421621621621622
4104808,41160,2018,906.0,189.0,1572265.0,4.7936507936507935
4104808,41160,2019,881.0,178.0,805165.0,4.949438202247191
4104808,41160,2020,866.0,177.0,1619498.0,4.892655367231638
4104808,41160,2022,978.0,182.0,933728.0,5.373626373626373
4104808,41160,2023,832.0,168.0,956916.0,4.9523809523809526
4108304,41151,2015,17578.0,1430.0,19942057.0,12.292307692307693
4108304,41151,2017,16798.0,1549.0,16474287.0,10.844415752098127
4108304,41151,2018,16888.0,1566.0,7939185.0,10.784163473818646
4108304,41151,2019,13520.0,1471.0,6977987.0,9.191026512576478
4108304,41151,2020,17380.0,1373.0,12817808.0,12.658412235979606
4108304,41151,2021,13483.0,1462.0,8010300.0,9.222298221614228
4108304,41151,2022,17785.0,1456.0,13028379.0,12.214972527472527
4108304,41151,2023,15457.0,1480.0,15143089.0,10.44391891891892
4108304,41155,2015,143.0,268.0,139423.0,0.5335820895522388
4108304,41155,2016,137.0,262.0,113143.0,0.5229007633587787
4108304,41155,2017,148.0,288.0,265635.0,0.5138888888888888
4108304,41155,2018,136.0,289.0,205836.0,0.47058823529411764
4108304,41155,2019,148.0,243.0,188854.0,0.6090534979423868
4108304,41155,2020,139.0,251.0,191759.0,0.5537848605577689
4108304,41155,2021,156.0,266.0,269808.0,0.5864661654135338
4108304,41155,2022,162.0,281.0,271694.0,0.5765124555160143
4108304,41155,2023,144.0,244.0,96565.0,0.5901639344262295
4108304,41176,2015,7256.0,776.0,5388416.0,9.350515463917526
4108304,41176,2016,6691.0,758.0,10648249.0,8.827176781002638
4108304,41176,2017,7733.0,670.0,,11.541791044776119
4108304,41176,2018,6520.0,677.0,6340190.0,9.630723781388479
4108304,41176,2019,7074.0,766.0,5611040.0,9.234986945169712
4108304,41176,2021,6638.0,710.0,,9.349295774647887
4108304,41176,2022,7176.0,794.0,14151544.0,9.037783375314861
4108304,41176,2023,7463.0,779.0,12016709.0,9.58023106546855
4108304,41160,2015,398.0,240.0,542153.0,1.6583333333333334
4108304,41160,2018,445.0,260.0,417354.0,1.7115384615384615
4108304,41160,2020,469.0,271.0,930777.0,1.7306273062730628
4108304,41160,2021,386.0,244.0,655700.0,1.5819672131147542
4108304,41160,2022,383.0,260.0,671008.0,1.4730769230769232
4108304,41160,2023,348.0,275.0,440830.0,1.2654545454545454
4109401,41151,2015,13058.0,1984.0,9646437.0,6.581653225806452
4109401,41151,2016,12509.0,1836.0,12120225.0,6.81318082788671
4109401,41151,2017,14022.0,2082.0,16198994.0,6.734870317002882
4109401,41151,2018,14475.0,1802.0,7565266.0,8.032741398446172
4109401,41151,2019,12499.0,2020.0,5486071.0,6.187623762376238
4109401,41151,2020,12408.0,1924.0,13603401.0,6.449064449064449
4109401,41151,2021,14031.0,2072.0,12411370.0,6.771718146718147
4109401,41151,2022,15829.0,1915.0,16459774.0,8.26579634464752
4109401,41151,2023,16251.0,2139.0,16067855.0,7.597475455820477
4109401,41155,2015,1602.0,192.0,2215716.0,8.34375
4109401,41155,2016,1607.0,195.0,2034735.0,8.24102564102564
4109401,41155,2017,1717.0,197.0,2726363.0,8.715736040609137
4109401,41155,2018,1338.0,223.0,846376.0,6.0
4109401,41155,2019,1374.0,191.0,1147864.0,7.193717277486911
4109401,41155,2021,1507.0,221.0,1159414.0,6.819004524886878
4109401,41155,2022,1512.0,191.0,1035545.0,7.9162303664921465
4109401,41155,2023,1768.0,198.0,3445592.0,8.929292929292929
4109401,41176,2015,3363.0,571.0,2975715.0,5.889667250437828
4109401,41176,2017,4437.0,554.0,6376034.0,8.009025270758123
4109401,41176,2018,3902.0,505.0,6379208.0,7.7267326732673265
4109401,41176,2019,3960.0,531.0,4770799.0,7.4576271186440675
4109401,41176,2020,3587.0,584.0,4425659.0,6.142123287671233
4109401,41176,2022,4146.0,585.0,5611130.0,7.087179487179487
4109401,41176,2023,4309.0,575.0,6640790.0,7.493913043478261
4109401,41160,2016,1871.0,55.0,3240160.0,34.018181818181816
4109401,41160,2018,1515.0,50.0,2476026.0,30.3
4109401,41160,2019,1491.0,58.0,2680326.0,25.70689655172414
4109401,41160,2020,1956.0,55.0,,35.56363636363636
4109401,41160,2021,1779.0,57.0,1871861.0,31.210526315789473
4109401,41160,2023,1906.0,57.0,3786022.0,33.43859649122807
4119905,41151,2016,10981.0,831.0,12815289.0,13.214199759326114
4119905,41151,2017,12353.0,825.0,5886656.0,14.973333333333333
4119905,41151,2018,13482.0,868.0,13834109.0,15.53225806451613
4119905,41151,2019,10415.0,761.0,4600956.0,13.685939553219448
4119905,41151,2020,13083.0,856.0,9978783.0,15.283878504672897
4119905,41151,2021,12648.0,756.0,,16.73015873015873
4119905,41151,2022,13290.0,903.0,6655436.0,14.717607973421927
4119905,41151,2023,10555.0,759.0,5300136.0,13.906455862977602
4119905,41155,2016,1228.0,132.0,2213080.0,9.303030303030303
4119905,41155,2017,1162.0,128.0,1827470.0,9.078125
4119905,41155,2018,1272.0,121.0,1052188.0,10.512396694214877
4119905,41155,2019,1115.0,117.0,1642939.0,9.52991452991453
4119905,41155,2020,1108.0,116.0,,9.551724137931034
4119905,41155,2023,1340.0,114.0,2560150.0,11.75438596491228
4119905,41176,2015,8037.0,793.0,5557814.0,10.134930643127364
4119905,41176,2017,7823.0,712.0,5277102.0,10.987359550561798
4119905,41176,2018,6474.0,676.0,8150340.0,9.576923076923077
4119905,41176,2019,7171.0,737.0,8963564.0,9.729986431478968
4119905,41176,2021,6908.0,709.0,12739681.0,9.74330042313117
4119905,41176,2022,6183.0,729.0,6753103.0,8.481481481481481
4119905,41176,2023,6939.0,782.0,7243126.0,8.873401534526854
4119905,41160,2015,302.0,200.0,453337.0,1.51
4119905,41160,2016,231.0,188.0,202195.0,1.2287234042553192
4119905,41160,2017,290.0,219.0,579352.0,1.3242009132420092
4119905,41160,2018,254.0,212.0,430880.0,1.1981132075471699
4119905,41160,2019,273.0,210.0,220855.0,1.3
4119905,41160,2020,297.0,210.0,478619.0,1.4142857142857144
4119905,41160,2021,289.0,188.0,355458.0,1.5372340425531914
4119905,41160,2022,228.0,212.0,403108.0,1.0754716981132075
4119905,41160,2023,275.0,193.0,173947.0,1.4248704663212435
4101408,41151,2015,19387.0,1928.0,22468643.0,10.055497925311203
4101408,41151,2016,21009.0,1897.0,11284751.0,11.074855034264628
4101408,41151,2017,18133.0,2137.0,12851134.0,8.485259709873654
4101408,41151,2018,16905.0,1906.0,19066303.0,8.869359916054565
4101408,41151,2019,19375.0,2134.0,10950435.0,9.079194001874415
4101408,41151,2020,20591.0,1900.0,11579931.0,10.837368421052632
4101408,41151,2021,22222.0,2016.0,13277024.0,11.02281746031746
4101408,41151,2022,17428.0,2032.0,19782813.0,8.576771653543307
4101408,41151,2023,22387.0,1941.0,12170972.0,11.533745492014425
4101408,41155,2015,318.0,228.0,585043.0,1.394736842105263
4101408,41155,2016,321.0,271.0,600986.0,1.1845018450184501
4101408,41155,2017,299.0,265.0,351066.0,1.1283018867924528
4101408,41155,2018,312.0,259.0,388959.0,1.2046332046332047
4101408,41155,2019,275.0,261.0,217545.0,1.053639846743295
4101408,41155,2020,320.0,247.0,402912.0,1.2955465587044535
4101408,41155,2023,315.0,231.0,493442.0,1.3636363636363635
4101408,41176,2016,2968.0,444.0,5251992.0,6.684684684684685
4101408,41176,2017,2434.0,495.0,3589036.0,4.917171717171717
4101408,41176,2019,2200.0,520.0,2586178.0,4.230769230769231
4101408,41176,2020,2937.0,489.0,2798127.0,6.006134969325154
4101408,41176,2021,2811.0,447.0,2376597.0,6.2885906040268456
4101408,41176,2022,2178.0,522.0,2675621.0,4.172413793103448
4101408,41176,2023,2181.0,508.0,1687393.0,4.293307086614173
4101408,41160,2015,386.0,226.0,434654.0,1.7079646017699115
4101408,41160,2017,418.0,227.0,679677.0,1.841409691629956
4101408,41160,2018,424.0,250.0,386442.0,1.696
4101408,41160,2019,385.0,262.0,259085.0,1.4694656488549618
4101408,41160,2020,423.0,226.0,554296.0,1.8716814159292035
4101408,41160,2021,400.0,231.0,562796.0,1.7316017316017316
4101408,41160,2022,369.0,235.0,464570.0,1.5702127659574467
4101408,41160,2023,384.0,253.0,460168.0,1.517786561264822
4104303,41151,2015,6591.0,697.0,4129792.0,9.456241032998566
4104303,41151,2016,7786.0,654.0,8481477.0,11.905198776758409
4104303,41151,2017,7398.0,709.0,4780947.0,10.43441466854725
4104303,41151,2018,7821.0,676.0,7902030.0,11.569526627218934
4104303,41151,2019,7159.0,706.0,3194085.0,10.140226628895185
4104303,41151,2020,6549.0,755.0,2767639.0,8.674172185430464
4104303,41151,2021,6295.0,737.0,5854877.0,8.541383989145183
4104303,41151,2022,7317.0,794.0,3397126.0,9.21536523929471
4104303,41151,2023,6859.0,730.0,7608830.0,9.395890410958904
4104303,41155,2015,335.0,397.0,582872.0,0.8438287153652393
4104303,41155,2016,292.0,374.0,214800.0,0.7807486631016043
4104303,41155,2017,293.0,351.0,230903.0,0.8347578347578347
4104303,41155,2018,295.0,393.0,511190.0,0.7506361323155216
4104303,41155,2021,297.0,396.0,334401.0,0.75
4104303,41155,2022,338.0,362.0,525456.0,0.9337016574585635
4104303,41176,2015,1716.0,135.0,1700992.0,12.71111111111111
4104303,41176,2017,1586.0,114.0,2744701.0,13.912280701754385
4104303,41176,2018,1435.0,124.0,2732350.0,11.57258064516129
4104303,41176,2019,1550.0,118.0,1240660.0,13.135593220338983
4104303,41176,2020,1821.0,120.0,2808504.0,15.175
4104303,41176,2021,1749.0,119.0,1567623.0,14.697478991596638
4104303,41176,2022,1478.0,136.0,2754560.0,10.867647058823529
4104303,41176,2023,1457.0,116.0,1964561.0,12.560344827586206
4104303,41160,2015,1454.0,345.0,2725136.0,4.214492753623189
4104303,41160,2016,1659.0,337.0,1597171.0,4.922848664688427
4104303,41160,2017,1937.0,362.0,1507730.0,5.350828729281768
4104303,41160,2018,1523.0,349.0,1817209.0,4.363896848137536
4104303,41160,2019,1744.0,328.0,1068834.0,5.317073170731708
4104303,41160,2021,1594.0,357.0,2493079.0,4.464985994397759
4104303,41160,2022,1579.0,390.0,1077411.0,4.0487179487179485
4104303,41160,2023,1542.0,373.0,2918113.0,4.134048257372654
4118402,41151,2015,6407.0,236.0,6037437.0,27.14830508474576
4118402,41151,2016,6712.0,229.0,7282531.0,29.310043668122272
4118402,41151,2017,7026.0,254.0,5382098.0,27.661417322834644
4118402,41151,2019,7233.0,240.0,7763381.0,30.1375
4118402,41151,2021,5777.0,243.0,5490387.0,23.773662551440328
4118402,41151,2022,6634.0,257.0,7243774.0,25.813229571984436
4118402,41155,2015,1808.0,91.0,2310385.0,19.86813186813187
4118402,41155,2017,1644.0,98.0,2332195.0,16.775510204081634
4118402,41155,2018,1863.0,91.0,2680379.0,20.47252747252747
4118402,41155,2021,1620.0,99.0,2548490.0,16.363636363636363
4118402,41155,2022,1435.0,104.0,1337334.0,13.798076923076923
4118402,41155,2023,1498.0,95.0,1168273.0,15.76842105263158
4118402,41176,2015,3314.0,539.0,3961823.0,6.148423005565863
4118402,41176,2016,4078.0,532.0,4571434.0,7.665413533834586
4118402,41176,2017,4447.0,559.0,2829509.0,7.9552772808586765
4118402,41176,2018,3292.0,582.0,3647362.0,5.6563573883161515
4118402,41176,2019,3680.0,620.0,4158713.0,5.935483870967742
4118402,41176,2020,4234.0,565.0,5675864.0,7.493805309734514
4118402,41176,2021,3423.0,617.0,3920665.0,5.547811993517018
4118402,41176,2023,3276.0,592.0,6435046.0,5.533783783783784
4118402,41160,2015,836.0,276.0,1002256.0,3.028985507246377
4118402,41160,2016,958.0,283.0,994242.0,3.385159010600707
4118402,41160,2017,716.0,303.0,985089.0,2.363036303630363
4118402,41160,2018,899.0,287.0,1187593.0,3.132404181184669
4118402,41160,2019,948.0,303.0,1516633.0,3.128712871287129
4118402,41160,2020,924.0,310.0,1237564.0,2.9806451612903224
4118402,41160,2021,842.0,273.0,593754.0,3.0842490842490844
4118402,41160,2022,801.0,266.0,1505610.0,3.011278195488722
4118402,41160,2023,780.0,272.0,1273924.0,2.8676470588235294
4128104,41151,2016,2122.0,1035.0,1580132.0,2.0502415458937198
4128104,41151,2017,1840.0,1209.0,1104198.0,1.52191894127378
4128104,41151,2018,2028.0,1260.0,1875948.0,1.6095238095238096
4128104,41151,2019,2465.0,1196.0,1204232.0,2.061036789297659
4128104,41151,2020,2310.0,1250.0,2697523.0,1.848
4128104,41151,2021,1926.0,1205.0,1972744.0,1.5983402489626557
4128104,41155,2015,1452.0,297.0,1105012.0,4.888888888888889
4128104,41155,2016,1765.0,286.0,2863958.0,6.171328671328672
4128104,41155,2017,1417.0,304.0,,4.661184210526316
4128104,41155,2018,1553.0,312.0,2454085.0,4.977564102564102
4128104,41155,2019,1578.0,283.0,1189933.0,5.575971731448763
4128104,41155,2020,1449.0,279.0,2209149.0,5.193548387096774
4128104,41155,2021,1486.0,310.0,1587040.0,4.7935483870967746
4128104,41155,2022,1543.0,330.0,2530681.0,4.675757575757576
4128104,41176,2015,2073.0,755.0,3977144.0,2.7456953642384105
4128104,41176,2016,1873.0,759.0,2220436.0,2.4677206851119893
4128104,41176,2017,2006.0,798.0,2972511.0,2.5137844611528823
4128104,41176,2018,2310.0,766.0,2272596.0,3.0156657963446474
4128104,41176,2019,2435.0,770.0,4237744.0,3.1623376623376624
4128104,41176,2020,2068.0,822.0,2869345.0,2.5158150851581507
4128104,41176,2021,2160.0,836.0,1322796.0,2.583732057416268
4128104,41176,2022,2353.0,787.0,2296340.0,2.9898348157560357
4128104,41176,2023,2414.0,784.0,1897790.0,3.079081632653061
4128104,41160,2015,358.0,51.0,702075.0,7.019607843137255
4128104,41160,2017,314.0,45.0,477356.0,6.977777777777778
4128104,41160,2018,391.0,47.0,577398.0,8.319148936170214
4128104,41160,2019,356.0,53.0,410698.0,6.716981132075472
4128104,41160,2020,341.0,49.0,593966.0,6.959183673469388
4128104,41160,2021,320.0,53.0,558239.0,6.037735849056604
4128104,41160,2022,358.0,49.0,,7.3061224489795915
4128104,41160,2023,298.0,45.0,525291.0,6.622222222222222
2918407,41151,2015,1685.0,1988.0,817344.0,0.8475855130784709
2918407,41151,2016,1493.0,1801.0,792059.0,0.8289838978345364
2918407,41151,2017,1284.0,1940.0,619211.0,0.6618556701030928
2918407,41151,2018,1237.0,1795.0,640643.0,0.6891364902506963
2918407,41151,2019,1617.0,1680.0,866141.0,0.9625
2918407,41151,2020,1282.0,1976.0,1456222.0,0.6487854251012146
2918407,41151,2021,1549.0,1694.0,1446485.0,0.9144037780401417
2918407,41151,2022,1540.0,1979.0,,0.7781707933299646
2918407,41151,2023,1537.0,1756.0,1095081.0,0.8752847380410023
2918407,41155,2015,27922.0,2150.0,20288846.0,12.986976744186046
2918407,41155,2016,25820.0,2211.0,44175495.0,11.677973767526007
2918407,41155,2017,24270.0,2265.0,32654416.0,10.71523178807947
2918407,41155,2020,21482.0,2408.0,42116480.0,8.92109634551495
2918407,41155,2023,20952.0,2281.0,36439629.0,9.18544498027181
2918407,41176,2015,2911.0,562.0,4931104.0,5.179715302491103
2918407,41176,2016,3242.0,581.0,1994525.0,5.580034423407917
2918407,41176,2017,3405.0,581.0,5424484.0,5.860585197934595
2918407,41176,2018,2631.0,547.0,3858785.0,4.809872029250457
2918407,41176,2019,3305.0,577.0,3432128.0,5.72790294627383
2918407,41176,2020,2699.0,535.0,,5.044859813084112
2918407,41176,2021,2573.0,592.0,4268941.0,4.346283783783784
2918407,41176,2022,2772.0,636.0,3855063.0,4.3584905660377355
2918407,41176,2023,2518.0,564.0,2506324.0,4.464539007092198
2918407,41160,2015,1357.0,387.0,2222809.0,3.5064599483204133
2918407,41160,2016,1605.0,422.0,1614898.0,3.8033175355450237
2918407,41160,2017,1757.0,419.0,2663450.0,4.193317422434368
2918407,41160,2018,1638.0,428.0,1765733.0,3.8271028037383177
2918407,41160,2019,1760.0,416.0,2011130.0,4.230769230769231
2918407,41160,2020,1560.0,419.0,1247487.0,3.7231503579952268
2918407,41160,2021,1355.0,380.0,2584904.0,3.5657894736842106
2918407,41160,2022,1700.0,375.0,2146361.0,4.533333333333333
2918407,41160,2023,1596.0,358.0,2876956.0,4.4581005586592175
2611101,41151,2015,9896.0,948.0,7521690.0,10.438818565400844
2611101,41151,2016,12527.0,1003.0,10630917.0,12.489531405782651
2611101,41151,2017,10415.0,1037.0,9741362.0,10.043394406943104
2611101,41151,2018,10256.0,889.0,11975300.0,11.536557930258718
2611101,41151,2019,10859.0,985.0,6190804.0,11.024365482233502
2611101,41151,2020,10126.0,909.0,8653327.0,11.13971397139714
2611101,41151,2022,10604.0,884.0,11654015.0,11.995475113122172
2611101,41151,2023,9785.0,1041.0,7268566.0,9.399615754082612
2611101,41155,2015,26349.0,1143.0,49473855.0,23.05249343832021
2611101,41155,2016,24542.0,1176.0,19694074.0,20.86904761904762
2611101,41155,2017,19270.0,1249.0,36754579.0,15.428342674139312
2611101,41155,2018,24539.0,1271.0,47130909.0,19.306845003933912
2611101,41155,2019,24713.0,1085.0,38923581.0,22.776958525345623
2611101,41155,2020,24221.0,1263.0,27087772.0,19.17735550277118
2611101,41155,2021,22878.0,1273.0,26988609.0,17.97172034564022
2611101,41155,2022,26057.0,1148.0,29245597.0,22.69773519163763
2611101,41155,2023,24226.0,1189.0,38348054.0,20.37510513036165
2611101,41176,2015,1055.0,831.0,786128.0,1.269554753309266
2611101,41176,2016,1377.0,790.0,2468117.0,1.7430379746835443
2611101,41176,2017,1435.0,742.0,2455646.0,1.9339622641509433
2611101,41176,2018,1431.0,808.0,1875447.0,1.771039603960396
2611101,41176,2020,1178.0,714.0,1650451.0,1.649859943977591
2611101,41176,2021,1069.0,831.0,1283594.0,1.286401925391095
2611101,41176,2022,1113.0,723.0,1774160.0,1.5394190871369295
2611101,41176,2023,1422.0,816.0,,1.7426470588235294
2611101,41160,2015,1510.0,361.0,,4.1828254847645425
2611101,41160,2016,1776.0,372.0,1529450.0,4.774193548387097
2611101,41160,2018,1486.0,383.0,1146832.0,3.8798955613577024
2611101,41160,2019,1892.0,382.0,1686077.0,4.952879581151833
2611101,41160,2020,1541.0,347.0,2844067.0,4.4409221902017295
2611101,41160,2021,1790.0,362.0,3216151.0,4.94475138121547
2611101,41160,2022,1428.0,354.0,1365598.0,4.033898305084746
2910800,41151,2015,7264.0,391.0,4615957.0,18.578005115089514
2910800,41151,2016,6828.0,402.0,7578068.0,16.98507462686567
2910800,41151,2017,8371.0,423.0,6615311.0,19.789598108747043
2910800,41151,2018,7907.0,382.0,6750313.0,20.698952879581153
2910800,41151,2019,7669.0,394.0,4868118.0,19.46446700507614
2910800,41151,2020,6845.0,374.0,7068948.0,18.302139037433154
2910800,41151,2021,6702.0,373.0,2739246.0,17.967828418230564
2910800,41151,2022,7356.0,395.0,6045233.0,18.622784810126582
2910800,41151,2023,6584.0,418.0,4855042.0,15.751196172248804
2910800,41155,2015,25111.0,680.0,19429127.0,36.92794117647059
2910800,41155,2016,22670.0,740.0,44957708.0,30.635135135135137
2910800,41155,2017,24602.0,627.0,36969079.0,39.23763955342903
2910800,41155,2018,23445.0,677.0,32331364.0,34.630723781388475
2910800,41155,2019,24114.0,755.0,,31.93907284768212
2910800,41155,2020,18211.0,636.0,19158020.0,28.63364779874214
2910800,41155,2021,20735.0,746.0,41167083.0,27.79490616621984
2910800,41155,2022,24807.0,632.0,26321729.0,39.25158227848101
2910800,41155,2023,21382.0,639.0,38629851.0,33.46165884194053
2910800,41176,2015,1538.0,643.0,2346644.0,2.3919129082426127
2910800,41176,2016,1423.0,581.0,1966474.0,2.449225473321859
2910800,41176,2017,1758.0,578.0,1087110.0,3.041522491349481
2910800,41176,2018,1569.0,637.0,2827090.0,2.463108320251177
2910800,41176,2019,1729.0,598.0,1917636.0,2.891304347826087
2910800,41176,2020,1414.0,591.0,1456427.0,2.3925549915397633
2910800,41176,2022,1490.0,589.0,1941569.0,2.5297113752122242
2910800,41176,2023,1639.0,624.0,1658025.0,2.6266025641025643
2910800,41160,2016,1576.0,78.0,1810306.0,20.205128205128204
2910800,41160,2017,1658.0,72.0,1663288.0,23.02777777777778
2910800,41160,2018,1505.0,72.0,2813348.0,20.90277777777778
2910800,41160,2019,1340.0,67.0,1694350.0,20.0
2910800,41160,2020,1605.0,80.0,2297729.0,20.0625
2910800,41160,2021,1674.0,76.0,3325532.0,22.026315789473685
2910800,41160,2022,1421.0,78.0,1753034.0,18.21794871794872
2910800,41160,2023,1277.0,72.0,2035818.0,17.73611111111111
2933307,41151,2015,5052.0,786.0,2104571.0,6.427480916030534
2933307,41151,2016,4368.0,788.0,5148266.0,5.543147208121828
2933307,41151,2017,5485.0,808.0,5172581.0,6.788366336633663
2933307,41151,2019,4795.0,728.0,4267041.0,6.586538461538462
2933307,41151,2020,5491.0,751.0,5207781.0,7.311584553928096
2933307,41151,2023,5180.0,700.0,2428398.0,7.4
2933307,41155,2015,12245.0,612.0,21262128.0,20.008169934640524
2933307,41155,2016,11558.0,607.0,16059501.0,19.041186161449755
2933307,41155,2017,10890.0,637.0,11123995.0,17.09576138147567
2933307,41155,2018,13863.0,623.0,11007968.0,22.252006420545747
2933307,41155,2020,11559.0,598.0,15224237.0,19.32943143812709
2933307,41155,2022,10565.0,672.0,15951374.0,15.72172619047619
2933307,41155,2023,10589.0,661.0,16351302.0,16.019667170953102
2933307,41176,2017,5125.0,236.0,3474311.0,21.716101694915253
2933307,41176,2018,4695.0,254.0,7295319.0,18.484251968503937
2933307,41176,2019,5104.0,246.0,4282693.0,20.747967479674795
2933307,41176,2020,5315.0,238.0,8157353.0,22.331932773109244
2933307,41176,2022,5237.0,261.0,6572801.0,20.06513409961686
2933307,41176,2023,4630.0,231.0,7355747.0,20.043290043290042
2933307,41160,2015,862.0,301.0,853100.0,2.8637873754152823
2933307,41160,2016,773.0,283.0,1176939.0,2.7314487632508833
2933307,41160,2017,759.0,310.0,825285.0,2.4483870967741934
2933307,41160,2018,700.0,262.0,1335549.0,2.6717557251908395
2933307,41160,2020,835.0,263.0,1490911.0,3.1749049429657794
2933307,41160,2021,759.0,296.0,856668.0,2.564189189189189
2933307,41160,2022,749.0,267.0,619367.0,2.805243445692884
2933307,41160,2023,850.0,268.0,1473910.0,3.171641791044776
2903201,41151,2015,7714.0,1728.0,7048944.0,4.46412037037037
2903201,41151,2016,7454.0,1615.0,3803767.0,4.6154798761609905
2903201,41151,2017,6193.0,1687.0,3954735.0,3.671013633669235
2903201,41151,2018,8206.0,1731.0,4932671.0,4.740612362796072
2903201,41151,2019,7353.0,1709.0,8422473.0,4.3025160912814515
2903201,41151,2021,7287.0,1671.0,8302366.0,4.360861759425494
2903201,41151,2023,7440.0,1463.0,6258083.0,5.085440874914559
2903201,41155,2015,23030.0,1402.0,,16.426533523537802
2903201,41155,2016,23910.0,1510.0,32227337.0,15.834437086092715
2903201,41155,2017,23854.0,1477.0,28663112.0,16.150304671631687
2903201,41155,2020,18700.0,1379.0,28373370.0,13.5605511240029
2903201,41155,2021,18936.0,1350.0,25773878.0,14.026666666666667
2903201,41155,2022,23479.0,1547.0,39733318.0,15.177117000646412
2903201,41155,2023,21982.0,1295.0,40899610.0,16.974517374517376
2903201,41176,2015,4531.0,339.0,,13.365781710914455
2903201,41176,2016,5254.0,366.0,3308998.0,14.3551912568306
2903201,41176,2018,4889.0,346.0,3147677.0,14.130057803468208
2903201,41176,2020,5283.0,364.0,8734706.0,14.513736263736265
2903201,41176,2021,5610.0,338.0,6694800.0,16.597633136094675
2903201,41176,2022,5613.0,318.0,10500787.0,17.650943396226417
2903201,41176,2023,4517.0,340.0,2954337.0,13.285294117647059
2903201,41160,2015,118.0,116.0,,1.0172413793103448
2903201,41160,2016,107.0,109.0,159733.0,0.981651376146789
2903201,41160,2017,143.0,114.0,276649.0,1.2543859649122806
2903201,41160,2018,115.0,105.0,209269.0,1.0952380952380953
2903201,41160,2019,124.0,108.0,170471.0,1.1481481481481481
2903201,41160,2021,114.0,114.0,200730.0,1.0
2903201,41160,2022,131.0,109.0,257433.0,1.201834862385321
2903201,41160,2023,121.0,108.0,98020.0,1.1203703703703705
2913606,41151,2016,15461.0,1651.0,17755633.0,9.364627498485767
2913606,41151,2018,16711.0,1711.0,9933998.0,9.766803039158386
2913606,41151,2019,16408.0,1887.0,18117408.0,8.69528351881293
2913606,41151,2020,18529.0,1785.0,13620300.0,10.380392156862746
2913606,41151,2021,17378.0,1834.0,8871679.0,9.47546346782988
2913606,41155,2015,20623.0,656.0,16195837.0,31.4375
2913606,41155,2016,19782.0,623.0,15165702.0,31.752808988764045
2913606,41155,2017,16551.0,626.0,18155465.0,26.43929712460064
2913606,41155,2018,19278.0,554.0,16517989.0,34.79783393501805
2913606,41155,2019,20013.0,582.0,30202952.0,34.38659793814433
2913606,41155,2020,16877.0,573.0,18186049.0,29.45375218150087
2913606,41155,2021,18304.0,576.0,15554412.0,31.77777777777778
2913606,41155,2022,19543.0,606.0,28565387.0,32.24917491749175
2913606,41155,2023,21856.0,572.0,41193539.0,38.20979020979021
2913606,41176,2015,2472.0,698.0,1577853.0,3.541547277936963
2913606,41176,2016,2467.0,601.0,2181808.0,4.104825291181364
2913606,41176,2017,2078.0,613.0,3301632.0,3.3898858075040783
2913606,41176,2018,2583.0,695.0,1970952.0,3.716546762589928
2913606,41176,2019,2232.0,635.0,3309773.0,3.51496062992126
2913606,41176,2020,2178.0,722.0,3728466.0,3.0166204986149583
2913606,41176,2021,2324.0,599.0,1839735.0,3.8797996661101837
2913606,41176,2022,2454.0,696.0,2443299.0,3.5258620689655173
2913606,41176,2023,1867.0,607.0,2578013.0,3.0757825370675453
2913606,41160,2015,1373.0,169.0,2086571.0,8.124260355029586
2913606,41160,2016,1441.0,166.0,1585069.0,8.680722891566266
2913606,41160,2017,1223.0,185.0,1290944.0,6.610810810810811
2913606,41160,2018,1398.0,176.0,2353049.0,7.943181818181818
2913606,41160,2019,1225.0,170.0,2261025.0,7.205882352941177
2913606,41160,2020,1268.0,168.0,1468535.0,7.5476190476190474
2913606,41160,2021,1232.0,166.0,1726657.0,7.421686746987952
2913606,41160,2022,1241.0,173.0,779208.0,7.173410404624278
2913606,41160,2023,1428.0,171.0,2166139.0,8.350877192982455
2914802,41151,2015,9488.0,859.0,6311433.0,11.045401629802095
2914802,41151,2016,7293.0,863.0,3515346.0,8.450753186558517
2914802,41151,2017,9407.0,753.0,5813211.0,12.49269588313413
2914802,41151,2018,7995.0,728.0,3670601.0,10.982142857142858
2914802,41151,2019,9569.0,810.0,4990023.0,11.813580246913581
2914802,41151,2020,8146.0,795.0,3411101.0,10.246540880503145
2914802,41151,2021,8055.0,729.0,9452615.0,11.049382716049383
2914802,41151,2022,7285.0,793.0,5208164.0,9.186633039092056
2914802,41151,2023,8353.0,751.0,5812496.0,11.122503328894807
2914802,41155,2015,7360.0,3001.0,9463017.0,2.4525158280573143
2914802,41155,2016,8425.0,2647.0,14106583.0,3.1828485077446165
2914802,41155,2017,8421.0,2744.0,5118287.0,3.068877551020408
2914802,41155,2018,8654.0,2697.0,13780763.0,3.2087504634779385
2914802,41155,2019,8781.0,2727.0,14573311.0,3.22002200220022
2914802,41155,2020,7010.0,2754.0,5881466.0,2.5453885257806825
2914802,41155,2021,7701.0,2760.0,7792742.0,2.7902173913043478
2914802,41155,2022,8649.0,2596.0,11525239.0,3.3316640986132513
2914802,41155,2023,8147.0,3041.0,15462284.0,2.6790529431108188
2914802,41176,2015,572.0,395.0,396892.0,1.4481012658227848
2914802,41176,2016,556.0,387.0,698431.0,1.4366925064599483
2914802,41176,2017,670.0,405.0,1171867.0,1.654320987654321
2914802,41176,2018,541.0,428.0,824004.0,1.264018691588785
2914802,41176,2019,512.0,450.0,728188.0,1.1377777777777778
2914802,41176,2020,647.0,456.0,993724.0,1.418859649122807
2914802,41176,2021,646.0,394.0,536661.0,1.6395939086294415
2914802,41176,2022,590.0,419.0,903159.0,1.4081145584725536
2914802,41176,2023,566.0,422.0,586640.0,1.3412322274881516
2914802,41160,2015,1515.0,205.0,2097790.0,7.390243902439025
2914802,41160,2016,1347.0,173.0,1497812.0,7.786127167630058
2914802,41160,2017,1647.0,208.0,,7.918269230769231
2914802,41160,2018,1190.0,184.0,870784.0,6.467391304347826
2914802,41160,2019,1314.0,191.0,869190.0,6.87958115183246
2914802,41160,2020,1585.0,208.0,3163856.0,7.6201923076923075
2914802,41160,2021,1559.0,174.0,998339.0,8.959770114942529
2914802,41160,2022,1380.0,205.0,936284.0,6.7317073170731705
2914802,41160,2023,1276.0,196.0,795387.0,6.510204081632653
2918001,41151,2015,11111.0,1298.0,8145507.0,8.560092449922958
2918001,41151,2016,12194.0,1174.0,5311788.0,10.386712095400341
2918001,41151,2017,15088.0,1209.0,12801376.0,12.479735318444996
2918001,41151,2019,11777.0,1133.0,10721268.0,10.394527802294792
2918001,41151,2020,15095.0,1348.0,15063704.0,11.19807121661721
2918001,41151,2021,13475.0,1235.0,14394267.0,10.910931174089068
2918001,41151,2022,11447.0,1220.0,7908624.0,9.3827868852459
2918001,41151,2023,15125.0,1278.0,7934021.0,11.834898278560251
2918001,41155,2015,13922.0,1475.0,19104543.0,9.438644067796611
2918001,41155,2016,13534.0,1462.0,17916874.0,9.25718194254446
2918001,41155,2017,15431.0,1457.0,16222932.0,10.590940288263555
2918001,41155,2018,13896.0,1457.0,11977742.0,9.537405628002745
2918001,41155,2019,15232.0,1374.0,23949240.0,11.085880640465794
2918001,41155,2020,14592.0,1322.0,9574986.0,11.037821482602117
2918001,41155,2021,14322.0,1286.0,20172296.0,11.136858475894245
2918001,41155,2022,15618.0,1355.0,30175404.0,11.52619926199262
2918001,41155,2023,12721.0,1428.0,10151934.0,8.908263305322128
2918001,41176,2015,1816.0,382.0,3270374.0,4.7539267015706805
2918001,41176,2016,1625.0,380.0,1202303.0,4.276315789473684
2918001,41176,2017,1914.0,387.0,3605458.0,4.945736434108527
2918001,41176,2018,1801.0,422.0,3280984.0,4.267772511848341
2918001,41176,2020,2000.0,399.0,1416354.0,5.012531328320802
2918001,41176,2021,1864.0,381.0,1511790.0,4.892388451443569
2918001,41176,2022,1735.0,399.0,2297639.0,4.348370927318296
2918001,41160,2015,1413.0,414.0,1447104.0,3.4130434782608696
2918001,41160,2016,1400.0,390.0,1496724.0,3.58974358974359
2918001,41160,2017,1405.0,406.0,1138811.0,3.460591133004926
2918001,41160,2018,1568.0,389.0,1047362.0,4.030848329048843
2918001,41160,2019,1549.0,373.0,1661219.0,4.152815013404826
2918001,41160,2020,1231.0,379.0,,3.2480211081794197
2918001,41160,2021,1263.0,361.0,2042905.0,3.4986149584487536
2918001,41160,2023,1400.0,365.0,2754612.0,3.835616438356164
2909802,41151,2015,10701.0,997.0,10673323.0,10.73319959879639
2909802,41151,2016,12114.0,1080.0,14487553.0,11.216666666666667
2909802,41151,2017,11322.0,1004.0,13001987.0,11.276892430278885
2909802,41151,2019,12102.0,1093.0,5781345.0,11.07227813357731
2909802,41151,2020,11451.0,1056.0,8434942.0,10.84375
2909802,41151,2021,10409.0,1133.0,5427490.0,9.18711385701677
2909802,41151,2022,10709.0,1099.0,9178155.0,9.744313011828936
2909802,41151,2023,11164.0,1023.0,11171658.0,10.913000977517106
2909802,41155,2015,23206.0,2387.0,38335007.0,9.721826560536238
2909802,41155,2016,22919.0,2470.0,17713902.0,9.278947368421052
2909802,41155,2017,25933.0,2486.0,51099812.0,10.431617055510861
2909802,41155,2018,25961.0,2326.0,39718471.0,11.16122098022356
2909802,41155,2019,21729.0,2223.0,36060567.0,9.774628879892038
2909802,41155,2020,20009.0,2416.0,33377190.0,8.281870860927153
2909802,41155,2021,23228.0,2125.0,14881189.0,10.930823529411764
2909802,41155,2022,23154.0,2050.0,33659838.0,11.294634146341464
2909802,41155,2023,24648.0,2398.0,28223811.0,10.278565471226022
2909802,41176,2015,2474.0,290.0,,8.53103448275862
2909802,41176,2016,2646.0,275.0,2483633.0,9.621818181818181
2909802,41176,2017,2798.0,301.0,2637979.0,9.295681063122924
2909802,41176,2018,2512.0,277.0,2862277.0,9.068592057761732
2909802,41176,2019,2583.0,306.0,4134530.0,8.441176470588236
2909802,41176,2020,2679.0,253.0,3105500.0,10.588932806324111
2909802,41176,2021,2778.0,293.0,3921804.0,9.481228668941979
2909802,41176,2022,2288.0,278.0,2220071.0,8.23021582733813
2909802,41176,2023,2705.0,270.0,4232978.0,10.018518518518519
2909802,41160,2015,394.0,113.0,721902.0,3.4867256637168142
2909802,41160,2016,366.0,130.0,564588.0,2.8153846153846156
2909802,41160,2017,360.0,118.0,,3.0508474576271185
2909802,41160,2018,438.0,125.0,555280.0,3.504
2909802,41160,2019,394.0,121.0,747226.0,3.256198347107438
2909802,41160,2020,413.0,114.0,377793.0,3.6228070175438596
2909802,41160,2023,435.0,125.0,309383.0,3.48
2928703,41151,2015,8096.0,1727.0,4717312.0,4.687898089171974
2928703,41151,2016,7651.0,1687.0,8676031.0,4.535269709543568
2928703,41151,2018,7040.0,1593.0,5497033.0,4.419334588826114
2928703,41151,2019,6928.0,1742.0,6761625.0,3.9770378874856487
2928703,41151,2020,8225.0,1531.0,5969171.0,5.372305682560418
2928703,41151,2021,7425.0,1535.0,6131208.0,4.837133550488599
2928703,41151,2022,7682.0,1509.0,3112852.0,5.090788601722996
2928703,41151,2023,7489.0,1481.0,8160193.0,5.056718433490884
2928703,41155,2015,11982.0,1319.0,20045750.0,9.084154662623199
2928703,41155,2016,12051.0,1288.0,13915723.0,9.35636645962733
2928703,41155,2017,12674.0,1399.0,15001869.0,9.059328091493924
2928703,41155,2018,12246.0,1319.0,19806600.0,9.284306292645944
2928703,41155,2019,10729.0,1493.0,7268150.0,7.186202277294039
2928703,41155,2020,14107.0,1291.0,,10.927188226181254
2928703,41155,2022,11372.0,1434.0,21812540.0,7.9302649930264995
2928703,41176,2015,3397.0,377.0,3389966.0,9.010610079575597
2928703,41176,2016,3710.0,410.0,5289464.0,9.048780487804878
2928703,41176,2017,3531.0,386.0,6158890.0,9.147668393782384
2928703,41176,2018,3617.0,416.0,3999394.0,8.694711538461538
2928703,41176,2019,3206.0,359.0,6283805.0,8.930362116991644
2928703,41176,2020,3277.0,405.0,5627709.0,8.091358024691358
2928703,41176,2021,3897.0,417.0,7101554.0,9.345323741007194
2928703,41176,2022,2893.0,350.0,3996988.0,8.265714285714285
2928703,41176,2023,3322.0,393.0,2880979.0,8.4529262086514
2928703,41160,2015,1717.0,116.0,2587477.0,14.801724137931034
2928703,41160,2017,1489.0,131.0,1574270.0,11.366412213740459
2928703,41160,2019,1691.0,135.0,2859901.0,12.525925925925925
2928703,41160,2020,1482.0,121.0,1769503.0,12.24793388429752
2928703,41160,2021,1849.0,125.0,3268699.0,14.792
2928703,41160,2022,1608.0,124.0,1427719.0,12.96774193548387
2928703,41160,2023,1756.0,117.0,2913641.0,15.008547008547009
5208707,41151,2016,8093.0,617.0,8788953.0,13.116693679092382
5208707,41151,2017,6889.0,692.0,3221028.0,9.955202312138729
5208707,41151,2018,7719.0,607.0,3956671.0,12.7166392092257
5208707,41151,2019,7995.0,574.0,8330024.0,13.928571428571429
5208707,41151,2020,6582.0,684.0,7715684.0,9.62280701754386
5208707,41151,2021,6558.0,629.0,4228938.0,10.426073131955485
5208707,41151,2022,6963.0,678.0,2975834.0,10.269911504424778
5208707,41151,2023,7427.0,586.0,3059558.0,12.674061433447099
5208707,41155,2016,1107.0,334.0,813598.0,3.31437125748503
5208707,41155,2017,1060.0,300.0,1614267.0,3.533333333333333
5208707,41155,2018,886.0,338.0,905094.0,2.621301775147929
5208707,41155,2019,891.0,349.0,943677.0,2.5530085959885387
5208707,41155,2021,931.0,292.0,1185243.0,3.1883561643835616
5208707,41155,2022,1118.0,320.0,1082141.0,3.49375
5208707,41155,2023,1119.0,303.0,1205583.0,3.6930693069306932
5208707,41176,2016,7327.0,583.0,7962059.0,12.567753001715266
5208707,41176,2017,6146.0,671.0,11307865.0,9.15946348733234
5208707,41176,2018,7398.0,634.0,12516770.0,11.668769716088327
5208707,41176,2019,7284.0,693.0,6070885.0,10.51082251082251
5208707,41176,2021,7898.0,618.0,9048591.0,12.779935275080906
5208707,41176,2022,6407.0,577.0,10197877.0,11.103986135181975
5208707,41176,2023,7421.0,585.0,9449196.0,12.685470085470085
5208707,41160,2015,421.0,386.0,399109.0,1.0906735751295338
5208707,41160,2016,464.0,386.0,715137.0,1.2020725388601037
5208707,41160,2017,435.0,381.0,730939.0,1.141732283464567
5208707,41160,2018,447.0,353.0,819045.0,1.2662889518413598
5208707,41160,2019,479.0,361.0,707798.0,1.3268698060941828
5208707,41160,2020,403.0,381.0,291772.0,1.057742782152231
5208707,41160,2022,452.0,366.0,,1.2349726775956285
5208707,41160,2023,444.0,358.0,536029.0,1.2402234636871508
5201108,41151,2016,22835.0,918.0,19731669.0,24.874727668845317
5201108,41151,2018,19387.0,1048.0,11105486.0,18.499045801526716
5201108,41151,2019,16786.0,960.0,18678717.0,17.485416666666666
5201108,41151,2020,21655.0,934.0,20773285.0,23.18522483940043
5201108,41151,2021,20782.0,1015.0,20837182.0,20.47487684729064
5201108,41151,2022,20073.0,1028.0,23540066.0,19.526264591439688
5201108,41151,2023,20612.0,996.0,20720245.0,20.694779116465863
5201108,41155,2015,979.0,126.0,740195.0,7.76984126984127
5201108,41155,2016,863.0,128.0,1358267.0,6.7421875
5201108,41155,2017,787.0,136.0,1059269.0,5.786764705882353
5201108,41155,2019,865.0,135.0,850557.0,6.407407407407407
5201108,41155,2021,866.0,132.0,1019501.0,6.5606060606060606
5201108,41155,2022,921.0,136.0,1818682.0,6.772058823529412
5201108,41155,2023,802.0,127.0,1556944.0,6.31496062992126
5201108,41176,2015,1823.0,209.0,2388923.0,8.722488038277511
5201108,41176,2017,1638.0,197.0,1983057.0,8.314720812182742
5201108,41176,2018,1499.0,212.0,1209741.0,7.070754716981132
5201108,41176,2019,1694.0,206.0,2180404.0,8.223300970873787
5201108,41176,2020,1597.0,204.0,1697206.0,7.828431372549019
5201108,41176,2021,1670.0,190.0,1017840.0,8.789473684210526
5201108,41176,2022,1635.0,199.0,2652840.0,8.21608040201005
5201108,41176,2023,1413.0,203.0,1826959.0,6.960591133004926
5201108,41160,2015,871.0,256.0,1555755.0,3.40234375
5201108,41160,2016,785.0,245.0,691467.0,3.204081632653061
5201108,41160,2018,1049.0,232.0,1109426.0,4.521551724137931
5201108,41160,2019,809.0,265.0,1049662.0,3.0528301886792453
5201108,41160,2020,869.0,241.0,1057552.0,3.6058091286307055
5201108,41160,2021,942.0,280.0,1736602.0,3.3642857142857143
5201108,41160,2022,960.0,262.0,800965.0,3.66412213740458
5218805,41151,2016,10232.0,978.0,10269748.0,10.462167689161554
5218805,41151,2017,9392.0,986.0,7676440.0,9.525354969574037
5218805,41151,2018,8584.0,971.0,6209583.0,8.840370751802265
5218805,41151,2019,8871.0,947.0,9129039.0,9.367476240760295
5218805,41151,2020,7974.0,1022.0,7960293.0,7.802348336594912
5218805,41151,2021,7791.0,1036.0,5515413.0,7.52027027027027
5218805,41151,2023,8370.0,913.0,8129175.0,9.167579408543263
5218805,41155,2015,1010.0,143.0,1016684.0,7.062937062937063
5218805,41155,2016,862.0,146.0,1624540.0,5.904109589041096
5218805,41155,2017,1016.0,160.0,1619749.0,6.35
5218805,41155,2018,867.0,139.0,1519830.0,6.237410071942446
5218805,41155,2019,751.0,160.0,494547.0,4.69375
5218805,41155,2020,782.0,144.0,1335394.0,5.430555555555555
5218805,41155,2021,956.0,161.0,954785.0,5.937888198757764
5218805,41155,2022,1006.0,145.0,725430.0,6.937931034482759
5218805,41155,2023,888.0,142.0,580080.0,6.253521126760563
5218805,41176,2015,3958.0,764.0,4824142.0,5.180628272251309
5218805,41176,2016,4434.0,663.0,2748617.0,6.6877828054298645
5218805,41176,2017,4671.0,665.0,5287796.0,7.02406015037594
5218805,41176,2018,4429.0,660.0,5388953.0,6.710606060606061
5218805,41176,2022,3979.0,789.0,3711359.0,5.0430925221799745
5218805,41176,2023,4667.0,723.0,8546313.0,6.455048409405256
5218805,41160,2015,608.0,119.0,1050399.0,5.109243697478991
5218805,41160,2016,615.0,140.0,672882.0,4.392857142857143
5218805,41160,2017,612.0,128.0,646526.0,4.78125
5218805,41160,2018,572.0,141.0,871188.0,4.056737588652482
5218805,41160,2019,665.0,124.0,530579.0,5.362903225806452
5218805,41160,2020,660.0,120.0,596672.0,5.5
5218805,41160,2021,623.0,137.0,710443.0,4.547445255474453
5218805,41160,2022,615.0,139.0,539314.0,4.424460431654676
5218805,41160,2023,597.0,143.0,869981.0,4.174825174825175
5205109,41151,2015,1459.0,1898.0,688586.0,0.7687038988408852
5205109,41151,2016,1119.0,2013.0,730035.0,0.555886736214605
5205109,41151,2017,1431.0,1831.0,1580466.0,0.7815401419989078
5205109,41151,2018,1357.0,2043.0,848108.0,0.6642192853646598
5205109,41151,2019,1132.0,1783.0,1249937.0,0.6348850252383623
5205109,41151,2021,1235.0,1801.0,859528.0,0.6857301499167129
5205109,41151,2022,1487.0,2145.0,829308.0,0.6932400932400933
5205109,41151,2023,1508.0,1962.0,1353414.0,0.7686034658511722
5205109,41155,2015,1178.0,67.0,792576.0,17.582089552238806
5205109,41155,2016,1278.0,65.0,1586410.0,19.661538461538463
5205109,41155,2017,1272.0,56.0,,22.714285714285715
5205109,41155,2018,1119.0,65.0,2008691.0,17.215384615384615
5205109,41155,2019,1202.0,61.0,1169956.0,19.704918032786885
5205109,41155,2020,1185.0,57.0,2056042.0,20.789473684210527
5205109,41155,2022,1230.0,66.0,1531433.0,18.636363636363637
5205109,41155,2023,1066.0,65.0,,16.4
5205109,41176,2015,796.0,804.0,1067489.0,0.9900497512437811
5205109,41176,2016,859.0,863.0,,0.9953650057937428
5205109,41176,2017,815.0,841.0,1598877.0,0.9690844233055886
5205109,41176,2018,1070.0,777.0,1593674.0,1.377091377091377
5205109,41176,2019,1019.0,873.0,1368283.0,1.1672394043528065
5205109,41176,2020,791.0,808.0,1286229.0,0.9789603960396039
5205109,41176,2021,776.0,874.0,561454.0,0.8878718535469108
5205109,41176,2022,792.0,794.0,1406287.0,0.9974811083123426
5205109,41160,2016,1783.0,246.0,,7.247967479674797
5205109,41160,2017,1805.0,260.0,1547739.0,6.9423076923076925
5205109,41160,2018,1950.0,245.0,3777684.0,7.959183673469388
5205109,41160,2021,2141.0,252.0,1649825.0,8.496031746031745
5205109,41160,2022,1935.0,280.0,1332005.0,6.910714285714286
5205109,41160,2023,2265.0,246.0,4262804.0,9.207317073170731
5211909,41151,2015,8611.0,485.0,7386687.0,17.754639175257733
5211909,41151,2016,7633.0,495.0,4967312.0,15.42020202020202
5211909,41151,2017,7388.0,496.0,8553201.0,14.89516129032258
5211909,41151,2018,7994.0,447.0,,17.88366890380313
5211909,41151,2019,7630.0,486.0,8891499.0,15.699588477366255
5211909,41151,2020,6721.0,498.0,5941801.0,13.495983935742972
5211909,41151,2021,6867.0,448.0,6595869.0,15.328125
5211909,41151,2022,7829.0,452.0,5440413.0,17.32079646017699
5211909,41151,2023,7343.0,442.0,8440942.0,16.6131221719457
5211909,41155,2015,677.0,62.0,929930.0,10.919354838709678
5211909,41155,2017,868.0,52.0,1392426.0,16.692307692307693
5211909,41155,2018,882.0,54.0,1461053.0,16.333333333333332
5211909,41155,2019,783.0,58.0,1173361.0,13.5
5211909,41155,2021,858.0,54.0,565724.0,15.88888888888889
5211909,41176,2015,7107.0,893.0,9599581.0,7.958566629339305
5211909,41176,2016,7096.0,891.0,10293925.0,7.964085297418631
5211909,41176,2018,8769.0,994.0,15994025.0,8.821931589537224
5211909,41176,2020,7485.0,894.0,6386851.0,8.37248322147651
5211909,41176,2021,7695.0,996.0,14536982.0,7.725903614457831
5211909,41176,2023,7836.0,991.0,15246440.0,7.907164480322906
5211909,41160,2016,994.0,81.0,1482445.0,12.271604938271604
5211909,41160,2020,938.0,82.0,913797.0,11.439024390243903
5211909,41160,2021,1017.0,79.0,1412101.0,12.873417721518987
5211909,41160,2022,945.0,84.0,683974.0,11.25
5211909,41160,2023,940.0,88.0,986055.0,10.681818181818182
5211503,41151,2015,11838.0,527.0,9418413.0,22.462998102466795
5211503,41151,2016,10156.0,487.0,7853067.0,20.854209445585216
5211503,41151,2017,10762.0,538.0,9686340.0,20.00371747211896
5211503,41151,2018,9481.0,533.0,5353448.0,17.787992495309567
5211503,41151,2019,9141.0,462.0,3685947.0,19.785714285714285
5211503,41151,2020,10164.0,463.0,10016456.0,21.952483801295898
5211503,41151,2021,11009.0,527.0,10461200.0,20.889943074003796
5211503,41151,2022,11625.0,523.0,12956606.0,22.22753346080306
5211503,41151,2023,10065.0,527.0,6464609.0,19.098671726755217
5211503,41155,2015,647.0,118.0,1004580.0,5.483050847457627
5211503,41155,2016,601.0,113.0,649342.0,5.31858407079646
5211503,41155,2017,737.0,114.0,1450282.0,6.464912280701754
5211503,41155,2018,774.0,116.0,922439.0,6.672413793103448
5211503,41155,2019,687.0,121.0,1142253.0,5.677685950413223
5211503,41155,2020,746.0,101.0,844316.0,7.3861386138613865
5211503,41155,2021,763.0,109.0,1113372.0,7.0
5211503,41155,2022,717.0,101.0,612121.0,7.099009900990099
5211503,41155,2023,658.0,102.0,870817.0,6.450980392156863
5211503,41176,2015,5374.0,455.0,10511493.0,11.810989010989012
5211503,41176,2016,5780.0,410.0,6516415.0,14.097560975609756
5211503,41176,2017,5888.0,466.0,11347692.0,12.63519313304721
5211503,41176,2018,4652.0,438.0,7964560.0,10.621004566210045
5211503,41176,2019,5359.0,398.0,6488717.0,13.464824120603016
5211503,41176,2020,5459.0,439.0,,12.43507972665148
5211503,41176,2021,4962.0,453.0,6769589.0,10.95364238410596
5211503,41176,2022,4817.0,398.0,4255463.0,12.103015075376884
5211503,41176,2023,4632.0,441.0,4503427.0,10.503401360544217
5211503,41160,2015,987.0,158.0,1253715.0,6.246835443037975
5211503,41160,2016,972.0,147.0,1277028.0,6.612244897959184
5211503,41160,2017,1008.0,167.0,1789884.0,6.0359281437125745
5211503,41160,2019,1188.0,147.0,1735494.0,8.081632653061224
5211503,41160,2021,972.0,163.0,1086044.0,5.96319018404908
5211503,41160,2022,1111.0,153.0,1145883.0,7.261437908496732
5211503,41160,2023,1169.0,172.0,1691878.0,6.796511627906977
5204508,41151,2015,12471.0,1324.0,7498492.0,9.419184290030211
5204508,41151,2016,14039.0,1396.0,11972626.0,10.056590257879655
5204508,41151,2017,11451.0,1271.0,10618385.0,9.009441384736428
5204508,41151,2018,13157.0,1255.0,10975842.0,10.483665338645418
5204508,41151,2019,13920.0,1326.0,7859051.0,10.497737556561086
5204508,41151,2020,11377.0,1286.0,7014971.0,8.846811819595645
5204508,41151,2022,12740.0,1233.0,10879487.0,10.332522303325224
5204508,41151,2023,12308.0,1261.0,6099301.0,9.76050753370341
5204508,41155,2015,1727.0,85.0,1685172.0,20.31764705882353
5204508,41155,2016,1902.0,76.0,2040176.0,25.026315789473685
5204508,41155,2017,1905.0,81.0,2616826.0,23.51851851851852
5204508,41155,2018,2047.0,90.0,1810362.0,22.744444444444444
5204508,41155,2019,1723.0,84.0,1264608.0,20.511904761904763
5204508,41155,2020,1693.0,78.0,1581734.0,21.705128205128204
5204508,41155,2021,1620.0,77.0,2587779.0,21.038961038961038
5204508,41155,2022,1887.0,81.0,3461755.0,23.296296296296298
5204508,41155,2023,1932.0,90.0,2799807.0,21.466666666666665
5204508,41176,2015,6387.0,493.0,7454543.0,12.955375253549695
5204508,41176,2016,5967.0,557.0,5619136.0,10.712746858168762
5204508,41176,2017,6786.0,512.0,10951585.0,13.25390625
5204508,41176,2018,8200.0,510.0,6854858.0,16.07843137254902
5204508,41176,2019,8159.0,499.0,13584688.0,16.350701402805612
5204508,41176,2020,6093.0,557.0,7520840.0,10.938958707360861
5204508,41176,2021,6626.0,515.0,6126014.0,12.866019417475728
5204508,41176,2022,8072.0,479.0,11035343.0,16.8517745302714
5204508,41176,2023,7547.0,468.0,5600737.0,16.126068376068375
5204508,41160,2017,1489.0,133.0,1258507.0,11.19548872180451
5204508,41160,2018,1540.0,126.0,1917425.0,12.222222222222221
5204508,41160,2019,1617.0,154.0,3105609.0,10.5
5204508,41160,2020,1616.0,138.0,2107932.0,11.710144927536232
5204508,41160,2021,1499.0,143.0,1764889.0,10.482517482517483
5204508,41160,2022,1571.0,144.0,1266286.0,10.909722222222221
5204508,41160,2023,1471.0,127.0,1350231.0,11.582677165354331
5208004,41151,2015,15974.0,425.0,18500772.0,37.58588235294118
5208004,41151,2016,16237.0,456.0,14982620.0,35.60745614035088
5208004,41151,2017,18741.0,501.0,14684825.0,37.40718562874252
5208004,41151,2020,13946.0,493.0,13707963.0,28.288032454361055
5208004,41151,2021,17281.0,461.0,16901419.0,37.48590021691974
5208004,41151,2022,15859.0,424.0,10186683.0,37.403301886792455
5208004,41155,2015,1003.0,89.0,834341.0,11.269662921348315
5208004,41155,2016,1186.0,80.0,1490205.0,14.825
5208004,41155,2017,1151.0,80.0,941331.0,14.3875
5208004,41155,2018,1246.0,78.0,786369.0,15.974358974358974
5208004,41155,2019,1070.0,90.0,1091913.0,11.88888888888889
5208004,41155,2020,1241.0,78.0,2317250.0,15.91025641025641
5208004,41155,2021,1128.0,79.0,1059746.0,14.278481012658228
5208004,41155,2022,945.0,81.0,1138757.0,11.666666666666666
5208004,41155,2023,1099.0,91.0,2086967.0,12.076923076923077
5208004,41176,2015,6812.0,273.0,9746776.0,24.952380952380953
5208004,41176,2016,7029.0,289.0,13412203.0,24.32179930795848
5208004,41176,2017,7128.0,242.0,7184968.0,29.454545454545453
5208004,41176,2018,6231.0,250.0,6440824.0,24.924
5208004,41176,2019,6026.0,290.0,10276497.0,20.779310344827586
5208004,41176,2020,7984.0,245.0,11639328.0,32.587755102040816
5208004,41176,2021,7231.0,267.0,6604135.0,27.082397003745317
5208004,41176,2022,7085.0,292.0,7290169.0,24.263698630136986
5208004,41176,2023,8008.0,276.0,,29.014492753623188
5208004,41160,2015,1700.0,120.0,1320141.0,14.166666666666666
5208004,41160,2016,1908.0,108.0,3628677.0,17.666666666666668
5208004,41160,2017,2167.0,113.0,2405138.0,19.17699115044248
5208004,41160,2018,1851.0,116.0,2311724.0,15.956896551724139
5208004,41160,2019,2073.0,114.0,3154622.0,18.18421052631579
5208004,41160,2020,1710.0,104.0,1249159.0,16.442307692307693
5208004,41160,2022,1992.0,106.0,1486900.0,18.79245283018868
5208004,41160,2023,2143.0,115.0,2106192.0,18.63478260869565
5212501,41151,2016,2392.0,1236.0,1076971.0,1.935275080906149
5212501,41151,2017,2645.0,1206.0,1529655.0,2.1932006633499173
5212501,41151,2018,2385.0,1107.0,962175.0,2.154471544715447
5212501,41151,2020,2603.0,1183.0,2637941.0,2.2003381234150465
5212501,41151,2021,2351.0,1142.0,2406812.0,2.0586690017513134
5212501,41151,2022,2443.0,1021.0,1816615.0,2.3927522037218414
5212501,41151,2023,2500.0,1056.0,1584633.0,2.367424242424242
5212501,41155,2015,1586.0,198.0,2169890.0,8.01010101010101
5212501,41155,2016,1547.0,207.0,2648768.0,7.473429951690822
5212501,41155,2017,1837.0,208.0,2298851.0,8.83173076923077
5212501,41155,2018,1610.0,192.0,1392682.0,8.385416666666666
5212501,41155,2019,1837.0,216.0,1519582.0,8.50462962962963
5212501,41155,2020,1832.0,191.0,1971695.0,9.591623036649215
5212501,41155,2021,1532.0,184.0,2286486.0,8.326086956521738
5212501,41155,2022,1777.0,213.0,2296106.0,8.342723004694836
5212501,41155,2023,1665.0,177.0,1827487.0,9.40677966101695
5212501,41176,2015,3090.0,910.0,2269198.0,3.3956043956043955
5212501,41176,2016,3179.0,1033.0,2440372.0,3.0774443368828654
5212501,41176,2017,3051.0,891.0,2285821.0,3.4242424242424243
5212501,41176,2018,3634.0,938.0,6503521.0,3.8742004264392325
5212501,41176,2019,3032.0,888.0,3029626.0,3.4144144144144146
5212501,41176,2020,2720.0,906.0,5343425.0,3.0022075055187636
5212501,41176,2022,3343.0,1067.0,6078980.0,3.133083411433927
5212501,41176,2023,3565.0,945.0,6520919.0,3.7724867724867726
5212501,41160,2015,1154.0,51.0,1450476.0,22.627450980392158
5212501,41160,2016,1450.0,47.0,1211811.0,30.851063829787233
5212501,41160,2017,1202.0,54.0,1006215.0,22.25925925925926
5212501,41160,2019,1199.0,53.0,1042483.0,22.62264150943396
5212501,41160,2020,1232.0,49.0,2215870.0,25.142857142857142
5212501,41160,2021,1282.0,48.0,1223169.0,26.708333333333332
5212501,41160,2022,1165.0,47.0,2326974.0,24.78723404255319
5212501,41160,2023,1521.0,52.0,,29.25
5201405,41151,2015,6241.0,529.0,6834150.0,11.79773156899811
5201405,41151,2016,5252.0,514.0,2969613.0,10.217898832684824
5201405,41151,2017,6666.0,494.0,4010858.0,13.493927125506072
5201405,41151,2018,5862.0,471.0,2862609.0,12.445859872611464
5201405,41151,2019,6313.0,457.0,4820248.0,13.814004376367615
5201405,41151,2020,6693.0,477.0,5249187.0,14.031446540880504
5201405,41151,2021,6737.0,506.0,6154322.0,13.314229249011857
5201405,41151,2022,6501.0,502.0,4213777.0,12.950199203187251
5201405,41151,2023,5348.0,475.0,6236533.0,11.258947368421053
5201405,41155,2015,1623.0,273.0,3151979.0,5.945054945054945
5201405,41155,2016,1265.0,280.0,1301524.0,4.517857142857143
5201405,41155,2017,1483.0,332.0,2063300.0,4.466867469879518
5201405,41155,2018,1569.0,295.0,2608458.0,5.31864406779661
5201405,41155,2019,1224.0,328.0,1130763.0,3.731707317073171
5201405,41155,2020,1488.0,332.0,1812076.0,4.481927710843373
5201405,41155,2021,1596.0,298.0,3172595.0,5.355704697986577
5201405,41155,2022,1456.0,279.0,1383845.0,5.218637992831542
5201405,41155,2023,1303.0,283.0,2163314.0,4.604240282685512
5201405,41176,2016,8030.0,408.0,13124721.0,19.681372549019606
5201405,41176,2018,7756.0,448.0,4995540.0,17.3125
5201405,41176,2019,8744.0,432.0,13667606.0,20.24074074074074
5201405,41176,2020,7053.0,468.0,8382485.0,15.070512820512821
5201405,41176,2021,8398.0,408.0,13429878.0,20.583333333333332
5201405,41176,2022,9070.0,445.0,9632965.0,20.382022471910112
5201405,41176,2023,7755.0,409.0,13736943.0,18.96088019559902
5201405,41160,2015,1656.0,57.0,2784698.0,29.05263157894737
5201405,41160,2016,1571.0,62.0,2116074.0,25.338709677419356
5201405,41160,2018,2052.0,60.0,1444283.0,34.2
5201405,41160,2019,1867.0,63.0,1235255.0,29.634920634920636
5201405,41160,2020,1592.0,55.0,1941104.0,28.945454545454545
5201405,41160,2022,2023.0,54.0,2127174.0,37.46296296296296
5201405,41160,2023,2108.0,55.0,3577506.0,38.32727272727273
4314902,41151,2015,5630.0,954.0,5831281.0,5.90146750524109
4314902,41151,2016,5309.0,954.0,4417144.0,5.564989517819707
4314902,41151,2018,6188.0,831.0,3768666.0,7.4464500601684716
4314902,41151,2019,6054.0,905.0,5148328.0,6.689502762430939
4314902,41151,2020,6310.0,898.0,6671326.0,7.026726057906459
4314902,41151,2021,5124.0,869.0,3731024.0,5.896432681242808
4314902,41151,2022,6238.0,948.0,7179174.0,6.580168776371308
4314902,41151,2023,5259.0,903.0,5616183.0,5.823920265780731
4314902,41155,2015,1612.0,187.0,2202747.0,8.620320855614974
4314902,41155,2016,1259.0,187.0,1459926.0,6.732620320855615
4314902,41155,2017,1504.0,182.0,2260903.0,8.263736263736265
4314902,41155,2018,1574.0,191.0,1231992.0,8.24083769633508
4314902,41155,2019,1288.0,180.0,846332.0,7.155555555555556
4314902,41155,2020,1344.0,174.0,2449915.0,7.724137931034483
4314902,41155,2021,1259.0,170.0,2280873.0,7.405882352941177
4314902,41155,2022,1567.0,182.0,,8.60989010989011
4314902,41155,2023,1283.0,189.0,1701573.0,6.788359788359788
4314902,41176,2015,6660.0,157.0,6697127.0,42.4203821656051
4314902,41176,2016,7266.0,173.0,6336391.0,42.0
4314902,41176,2017,6932.0,172.0,5033191.0,40.30232558139535
4314902,41176,2018,5378.0,178.0,5042062.0,30.213483146067414
4314902,41176,2020,7250.0,179.0,5317374.0,40.502793296089386
4314902,41176,2022,6996.0,163.0,4326104.0,42.920245398773005
4314902,41176,2023,6966.0,166.0,13545498.0,41.963855421686745
4314902,41160,2015,1205.0,206.0,1248041.0,5.849514563106796
4314902,41160,2016,1385.0,214.0,1600787.0,6.47196261682243
4314902,41160,2017,1221.0,237.0,2342171.0,5.151898734177215
4314902,41160,2018,1331.0,208.0,2538601.0,6.399038461538462
4314902,41160,2019,1478.0,241.0,2191384.0,6.132780082987552
4314902,41160,2020,1497.0,206.0,2352027.0,7.266990291262136
4314902,41160,2021,1164.0,213.0,2312124.0,5.464788732394366
4314902,41160,2022,1533.0,205.0,1250297.0,7.478048780487805
4314902,41160,2023,1243.0,245.0,1364955.0,5.073469387755102
4305108,41151,2015,18621.0,1099.0,9572621.0,16.943585077343037
4305108,41151,2016,15716.0,1153.0,6348748.0,13.63052905464007
4305108,41151,2018,14663.0,1104.0,11161873.0,13.281702898550725
4305108,41151,2020,15289.0,1123.0,14752804.0,13.614425645592164
4305108,41151,2021,18719.0,1025.0,15764371.0,18.262439024390243
4305108,41151,2022,16910.0,1152.0,10762166.0,14.678819444444445
4305108,41151,2023,16208.0,984.0,6759038.0,16.471544715447155
4305108,41155,2015,405.0,156.0,700612.0,2.5961538461538463
4305108,41155,2017,524.0,151.0,441983.0,3.4701986754966887
4305108,41155,2018,438.0,151.0,819499.0,2.9006622516556293
4305108,41155,2020,474.0,145.0,304268.0,3.268965517241379
4305108,41155,2021,411.0,151.0,300398.0,2.7218543046357615
4305108,41155,2022,422.0,148.0,731004.0,2.8513513513513513
4305108,41155,2023,436.0,142.0,825503.0,3.0704225352112675
4305108,41176,2015,5871.0,979.0,5757466.0,5.996935648621042
4305108,41176,2016,4517.0,945.0,5959992.0,4.77989417989418
4305108,41176,2017,6233.0,894.0,5503004.0,6.972035794183445
4305108,41176,2019,5809.0,833.0,6801801.0,6.97358943577431
4305108,41176,2020,5236.0,849.0,,6.167255594817433
4305108,41176,2021,5009.0,853.0,8014607.0,5.872215709261431
4305108,41176,2022,5561.0,886.0,7661113.0,6.276523702031603
4305108,41176,2023,6134.0,1003.0,8536012.0,6.115653040877368
4305108,41160,2015,1203.0,360.0,1050671.0,3.341666666666667
4305108,41160,2016,1273.0,369.0,1378197.0,3.4498644986449865
4305108,41160,2017,1001.0,422.0,1860618.0,2.3720379146919433
4305108,41160,2018,1040.0,414.0,970488.0,2.5120772946859904
4305108,41160,2019,1130.0,365.0,1023277.0,3.095890410958904
4305108,41160,2020,1369.0,423.0,1440505.0,3.2364066193853427
4305108,41160,2021,1103.0,434.0,1027014.0,2.5414746543778803
4305108,41160,2022,1051.0,392.0,1794384.0,2.681122448979592
4305108,41160,2023,1059.0,362.0,1364209.0,2.925414364640884
4314407,41151,2015,15332.0,533.0,16310149.0,28.765478424015008
4314407,41151,2016,13672.0,586.0,8126958.0,23.331058020477816
4314407,41151,2017,14192.0,558.0,10781869.0,25.433691756272403
4314407,41151,2018,14505.0,598.0,7182817.0,24.255852842809364
4314407,41151,2020,13634.0,534.0,12803777.0,25.53183520599251
4314407,41151,2021,15169.0,545.0,7340593.0,27.83302752293578
4314407,41151,2022,13392.0,604.0,6843248.0,22.172185430463575
4314407,41151,2023,15146.0,571.0,8908503.0,26.52539404553415
4314407,41155,2015,405.0,73.0,782443.0,5.5479452054794525
4314407,41155,2016,390.0,65.0,763109.0,6.0
4314407,41155,2017,370.0,63.0,265519.0,5.873015873015873
4314407,41155,2018,309.0,71.0,225054.0,4.352112676056338
4314407,41155,2019,369.0,75.0,317880.0,4.92
4314407,41155,2020,377.0,72.0,576496.0,5.236111111111111
4314407,41155,2021,373.0,68.0,483451.0,5.485294117647059
4314407,41155,2022,422.0,62.0,633264.0,6.806451612903226
4314407,41176,2015,6347.0,513.0,4917374.0,12.372319688109162
4314407,41176,2016,5705.0,616.0,6563275.0,9.261363636363637
4314407,41176,2017,6486.0,582.0,5100182.0,11.144329896907216
4314407,41176,2018,6947.0,532.0,13509584.0,13.058270676691729
4314407,41176,2019,6572.0,547.0,8847596.0,12.014625228519195
4314407,41176,2020,5537.0,575.0,6451224.0,9.629565217391304
4314407,41176,2021,5945.0,535.0,11818665.0,11.11214953271028
4314407,41176,2022,6186.0,540.0,7056931.0,11.455555555555556
4314407,41176,2023,5778.0,539.0,3528296.0,10.719851576994435
4314407,41160,2015,290.0,109.0,240914.0,2.6605504587155964
4314407,41160,2016,221.0,104.0,254667.0,2.125
4314407,41160,2017,232.0,100.0,340374.0,2.32
4314407,41160,2019,237.0,112.0,171112.0,2.1160714285714284
4314407,41160,2020,272.0,107.0,377013.0,2.542056074766355
4314407,41160,2021,244.0,101.0,322069.0,2.4158415841584158
4314407,41160,2022,260.0,115.0,438412.0,2.260869565217391
4314407,41160,2023,276.0,107.0,273613.0,2.5794392523364484
4316907,41151,2015,10757.0,1368.0,7934058.0,7.863304093567251
4316907,41151,2016,10321.0,1256.0,9201233.0,8.21735668789809
4316907,41151,2017,11765.0,1178.0,5076853.0,9.987266553480476
4316907,41151,2018,8881.0,1239.0,8118303.0,7.167877320419693
4316907,41151,2019,9336.0,1261.0,7323376.0,7.40364789849326
4316907,41151,2020,9589.0,1251.0,7823158.0,7.665067945643485
4316907,41151,2021,11867.0,1357.0,13639010.0,8.74502579218865
4316907,41151,2022,10023.0,1372.0,5049479.0,7.305393586005831
4316907,41151,2023,11822.0,1195.0,6794705.0,9.892887029288703
4316907,41155,2015,1615.0,83.0,2955659.0,19.457831325301203
4316907,41155,2016,1981.0,88.0,2629632.0,22.511363636363637
4316907,41155,2017,1858.0,86.0,2165750.0,21.6046511627907
4316907,41155,2018,1817.0,78.0,3566070.0,23.294871794871796
4316907,41155,2019,1559.0,76.0,1132344.0,20.513157894736842
4316907,41155,2020,1684.0,75.0,1135580.0,22.453333333333333
4316907,41155,2021,1813.0,77.0,2211964.0,23.545454545454547
4316907,41155,2022,2041.0,74.0,1744044.0,27.58108108108108
4316907,41155,2023,1642.0,75.0,1967017.0,21.893333333333334
4316907,41176,2015,1922.0,330.0,2131823.0,5.824242424242424
4316907,41176,2016,1946.0,326.0,1500403.0,5.969325153374233
4316907,41176,2017,1643.0,324.0,1030792.0,5.070987654320987
4316907,41176,2018,1822.0,315.0,3371757.0,5.784126984126984
4316907,41176,2019,1742.0,337.0,1440504.0,5.169139465875371
4316907,41176,2020,1824.0,322.0,2902141.0,5.6645962732919255
4316907,41176,2021,1498.0,309.0,2314872.0,4.84789644012945
4316907,41176,2023,1705.0,366.0,2069389.0,4.658469945355192
4316907,41160,2015,771.0,145.0,1460292.0,5.317241379310345
4316907,41160,2016,711.0,157.0,661800.0,4.528662420382165
4316907,41160,2017,832.0,139.0,1514702.0,5.985611510791367
4316907,41160,2018,919.0,148.0,766879.0,6.20945945945946
4316907,41160,2019,760.0,137.0,1379399.0,5.547445255474453
4316907,41160,2020,978.0,131.0,1527130.0,7.465648854961832
4316907,41160,2021,907.0,132.0,744072.0,6.871212121212121
4316907,41160,2022,744.0,132.0,1249866.0,5.636363636363637
4316907,41160,2023,717.0,147.0,462238.0,4.877551020408164
4309209,41151,2015,10569.0,634.0,6037767.0,16.670347003154575
4309209,41151,2016,8315.0,623.0,7750536.0,13.346709470304976
4309209,41151,2017,8047.0,547.0,6813469.0,14.711151736745887
4309209,41151,2020,10585.0,631.0,9051191.0,16.774960380348652
4309209,41151,2021,8466.0,599.0,4347318.0,14.13355592654424
4309209,41151,2022,10077.0,560.0,10853671.0,17.994642857142857
4309209,41151,2023,9230.0,551.0,4601065.0,16.7513611615245
4309209,41155,2015,1362.0,84.0,979990.0,16.214285714285715
4309209,41155,2016,1402.0,88.0,1051297.0,15.931818181818182
4309209,41155,2018,1417.0,85.0,1745833.0,16.67058823529412
4309209,41155,2019,1514.0,78.0,1512578.0,19.41025641025641
4309209,41155,2021,1526.0,84.0,1797020.0,18.166666666666668
4309209,41155,2022,1354.0,73.0,837287.0,18.54794520547945
4309209,41155,2023,1554.0,74.0,1678019.0,21.0
4309209,41176,2015,1021.0,553.0,1997367.0,1.8462929475587704
4309209,41176,2017,1009.0,566.0,1599033.0,1.7826855123674912
4309209,41176,2018,1110.0,607.0,1873465.0,1.828665568369028
4309209,41176,2019,1060.0,617.0,1284224.0,1.7179902755267422
4309209,41176,2020,1064.0,517.0,724172.0,2.0580270793036752
4309209,41176,2021,807.0,523.0,615798.0,1.5430210325047802
4309209,41176,2022,1032.0,545.0,960103.0,1.8935779816513763
4309209,41176,2023,1019.0,595.0,1430509.0,1.7126050420168066
4309209,41160,2015,654.0,328.0,932279.0,1.9939024390243902
4309209,41160,2016,638.0,361.0,582591.0,1.7673130193905817
4309209,41160,2017,653.0,380.0,485099.0,1.7184210526315788
4309209,41160,2018,629.0,367.0,596001.0,1.7138964577656677
4309209,41160,2019,635.0,368.0,638015.0,1.7255434782608696
4309209,41160,2020,698.0,344.0,1282082.0,2.0290697674418605
4309209,41160,2021,624.0,391.0,1111937.0,1.5959079283887467
4309209,41160,2022,659.0,373.0,634806.0,1.7667560321715818
4309209,41160,2023,605.0,376.0,884082.0,1.6090425531914894
4323002,41151,2015,5471.0,405.0,5387651.0,13.508641975308642
4323002,41151,2016,5223.0,397.0,6144371.0,13.15617128463476
4323002,41151,2017,4662.0,399.0,3192727.0,11.68421052631579
4323002,41151,2018,4642.0,334.0,2497674.0,13.89820359281437
4323002,41151,2019,4112.0,396.0,4415033.0,10.383838383838384
4323002,41151,2020,4097.0,345.0,4559108.0,11.87536231884058
4323002,41151,2021,5360.0,345.0,5257968.0,15.53623188405797
4323002,41151,2022,4044.0,337.0,2764935.0,12.0
4323002,41151,2023,4514.0,337.0,5054188.0,13.3946587537092
4323002,41155,2015,1193.0,159.0,894526.0,7.50314465408805
4323002,41155,2016,1131.0,168.0,2079540.0,6.732142857142857
4323002,41155,2018,1286.0,150.0,1027868.0,8.573333333333334
4323002,41155,2019,1279.0,151.0,1667235.0,8.47019867549669
4323002,41155,2020,1262.0,167.0,2312574.0,7.5568862275449105
4323002,41155,2021,1239.0,166.0,1480456.0,7.463855421686747
4323002,41155,2022,1297.0,172.0,2094238.0,7.540697674418604
4323002,41155,2023,1414.0,171.0,1062118.0,8.269005847953217
4323002,41176,2015,820.0,360.0,951898.0,2.2777777777777777
4323002,41176,2016,941.0,359.0,909999.0,2.6211699164345403
4323002,41176,2017,806.0,380.0,953455.0,2.1210526315789475
4323002,41176,2019,882.0,389.0,532721.0,2.2673521850899743
4323002,41176,2020,846.0,385.0,631471.0,2.1974025974025975
4323002,41176,2021,804.0,354.0,1228861.0,2.2711864406779663
4323002,41176,2022,884.0,346.0,1157520.0,2.554913294797688
4323002,41176,2023,1006.0,381.0,673034.0,2.6404199475065617
4323002,41160,2016,1852.0,277.0,2656525.0,6.6859205776173285
4323002,41160,2017,1991.0,302.0,1473363.0,6.5927152317880795
4323002,41160,2018,1458.0,303.0,2043182.0,4.811881188118812
4323002,41160,2019,1960.0,323.0,3048528.0,6.068111455108359
4323002,41160,2020,1674.0,283.0,2025750.0,5.915194346289753
4323002,41160,2022,1728.0,300.0,2065326.0,5.76
4323002,41160,2023,1517.0,301.0,2546427.0,5.039867109634551
4313409,41151,2015,14293.0,602.0,16373093.0,23.742524916943523
4313409,41151,2016,13626.0,661.0,15962411.0,20.614220877458397
4313409,41151,2017,10790.0,604.0,4998489.0,17.864238410596027
4313409,41151,2018,13843.0,634.0,,21.834384858044164
4313409,41151,2019,10957.0,679.0,12990430.0,16.136966126656848
4313409,41151,2020,12874.0,719.0,8840471.0,17.905424200278166
4313409,41151,2021,13447.0,707.0,14552255.0,19.019801980198018
4313409,41151,2022,11347.0,634.0,11214610.0,17.897476340694006
4313409,41151,2023,14052.0,672.0,10805473.0,20.910714285714285
4313409,41155,2015,408.0,215.0,641621.0,1.8976744186046512
4313409,41155,2016,429.0,188.0,824710.0,2.2819148936170213
4313409,41155,2017,520.0,222.0,367840.0,2.3423423423423424
4313409,41155,2018,470.0,219.0,762979.0,2.146118721461187
4313409,41155,2019,525.0,203.0,466615.0,2.586206896551724
4313409,41155,2020,418.0,221.0,566161.0,1.8914027149321266
4313409,41155,2021,471.0,220.0,326958.0,2.140909090909091
4313409,41155,2022,418.0,203.0,832681.0,2.0591133004926108
4313409,41176,2015,1178.0,673.0,1433341.0,1.75037147102526
4313409,41176,2016,1271.0,596.0,1954844.0,2.13255033557047
4313409,41176,2017,1539.0,650.0,1947075.0,2.3676923076923075
4313409,41176,2018,1437.0,678.0,2322821.0,2.1194690265486726
4313409,41176,2019,1375.0,596.0,1862318.0,2.307046979865772
4313409,41176,2020,1493.0,675.0,2493411.0,2.211851851851852
4313409,41176,2021,1520.0,577.0,2698978.0,2.634315424610052
4313409,41176,2022,1586.0,632.0,3090970.0,2.509493670886076
4313409,41176,2023,1248.0,620.0,1659900.0,2.0129032258064514
4313409,41160,2015,1053.0,330.0,863420.0,3.190909090909091
4313409,41160,2017,1042.0,278.0,1386725.0,3.7482014388489207
4313409,41160,2018,1381.0,310.0,2506473.0,4.45483870967742
4313409,41160,2019,1371.0,286.0,1559104.0,4.793706293706293
4313409,41160,2020,1170.0,289.0,2247297.0,4.048442906574395
4313409,41160,2021,1351.0,308.0,1072091.0,4.386363636363637
4313409,41160,2022,1080.0,274.0,1756802.0,3.9416058394160585
4313409,41160,2023,1371.0,291.0,1454896.0,4.711340206185567
4318705,41151,2015,2491.0,1178.0,1773460.0,2.1146010186757214
4318705,41151,2017,2502.0,1053.0,1799084.0,2.376068376068376
4318705,41151,2018,2641.0,1063.0,2243155.0,2.48447789275635
4318705,41151,2019,2733.0,1106.0,,2.4710669077757683
4318705,41151,2020,2592.0,1178.0,2209944.0,2.200339558573854
4318705,41151,2021,2434.0,1063.0,2125099.0,2.2897460018814675
4318705,41151,2022,2706.0,1034.0,1130625.0,2.617021276595745
4318705,41155,2015,2037.0,56.0,2852402.0,36.375
4318705,41155,2016,2165.0,48.0,2774060.0,45.104166666666664
4318705,41155,2017,1685.0,47.0,2289131.0,35.851063829787236
4318705,41155,2018,1818.0,48.0,1768513.0,37.875
4318705,41155,2019,1605.0,54.0,3200345.0,29.72222222222222
4318705,41155,2022,1958.0,49.0,3104952.0,39.95918367346939
4318705,41155,2023,1742.0,55.0,3464195.0,31.672727272727272
4318705,41176,2015,2427.0,104.0,3671394.0,23.33653846153846
4318705,41176,2016,2457.0,115.0,1723544.0,21.36521739130435
4318705,41176,2017,2434.0,111.0,4673668.0,21.92792792792793
4318705,41176,2018,2374.0,98.0,2965958.0,24.224489795918366
4318705,41176,2019,3063.0,95.0,3393247.0,32.242105263157896
4318705,41176,2020,2414.0,104.0,,23.21153846153846
4318705,41176,2021,3139.0,108.0,5738591.0,29.064814814814813
4318705,41176,2022,2969.0,111.0,3950741.0,26.74774774774775
4318705,41176,2023,2922.0,100.0,3684946.0,29.22
4318705,41160,2015,2339.0,114.0,2421324.0,20.517543859649123
4318705,41160,2017,2283.0,115.0,4187725.0,19.85217391304348
4318705,41160,2018,1917.0,132.0,2279212.0,14.522727272727273
4318705,41160,2019,1990.0,124.0,1804215.0,16.048387096774192
4318705,41160,2020,1895.0,114.0,3259935.0,16.62280701754386
4304606,41151,2015,3825.0,621.0,1836358.0,6.159420289855072
4304606,41151,2016,4152.0,650.0,4791173.0,6.387692307692308
4304606,41151,2017,4708.0,660.0,2763813.0,7.133333333333334
4304606,41151,2018,3683.0,621.0,1871650.0,5.930756843800322
4304606,41151,2019,3768.0,631.0,2766256.0,5.971473851030111
4304606,41151,2020,4711.0,635.0,5195320.0,7.418897637795276
4304606,41151,2021,4566.0,614.0,2858387.0,7.436482084690554
4304606,41151,2022,4346.0,684.0,4974432.0,6.353801169590644
4304606,41155,2015,133.0,156.0,80359.0,0.8525641025641025
4304606,41155,2016,133.0,162.0,91793.0,0.8209876543209876
4304606,41155,2017,119.0,157.0,219991.0,0.7579617834394905
4304606,41155,2018,128.0,143.0,141553.0,0.8951048951048951
4304606,41155,2019,131.0,150.0,157181.0,0.8733333333333333
4304606,41155,2020,124.0,139.0,195130.0,0.8920863309352518
4304606,41155,2021,144.0,158.0,201367.0,0.9113924050632911
4304606,41155,2022,105.0,153.0,118415.0,0.6862745098039216
4304606,41155,2023,139.0,140.0,124755.0,0.9928571428571429
4304606,41176,2015,4463.0,328.0,3844777.0,13.606707317073171
4304606,41176,2017,4174.0,379.0,5665868.0,11.013192612137203
4304606,41176,2018,4308.0,352.0,3911326.0,12.238636363636363
4304606,41176,2019,5659.0,356.0,9370918.0,15.896067415730338
4304606,41176,2020,5557.0,330.0,7950881.0,16.83939393939394
4304606,41176,2021,5707.0,341.0,8785647.0,16.73607038123167
4304606,41176,2023,4885.0,330.0,5285341.0,14.803030303030303
4304606,41160,2015,472.0,102.0,719495.0,4.627450980392157
4304606,41160,2016,449.0,90.0,499494.0,4.988888888888889
4304606,41160,2017,426.0,101.0,691168.0,4.217821782178218
4304606,41160,2018,478.0,97.0,632618.0,4.927835051546392
4304606,41160,2019,489.0,103.0,880841.0,4.747572815533981
4304606,41160,2020,447.0,93.0,586772.0,4.806451612903226
4304606,41160,2023,512.0,107.0,843203.0,4.785046728971962
4301602,41151,2016,1191.0,1646.0,950920.0,0.7235722964763062
4301602,41151,2017,1152.0,1665.0,581200.0,0.6918918918918919
4301602,41151,2018,1434.0,1680.0,968735.0,0.8535714285714285
4301602,41151,2019,1531.0,1450.0,,1.0558620689655172
4301602,41151,2020,1316.0,1699.0,1248397.0,0.7745732783990583
4301602,41151,2021,1203.0,1656.0,992124.0,0.7264492753623188
4301602,41151,2022,1495.0,1441.0,1060970.0,1.037473976405274
4301602,41151,2023,1348.0,1578.0,934856.0,0.8542458808618505
4301602,41155,2015,1018.0,72.0,1936038.0,14.13888888888889
4301602,41155,2016,985.0,73.0,942280.0,13.493150684931507
4301602,41155,2018,931.0,65.0,734154.0,14.323076923076924
4301602,41155,2019,1027.0,64.0,1807774.0,16.046875
4301602,41155,2020,1120.0,74.0,1669612.0,15.135135135135135
4301602,41155,2021,1099.0,73.0,2090767.0,15.054794520547945
4301602,41155,2022,1093.0,72.0,1059267.0,15.180555555555555
4301602,41155,2023,1227.0,76.0,2409523.0,16.144736842105264
4301602,41176,2015,3065.0,278.0,4797748.0,11.025179856115107
4301602,41176,2016,2264.0,336.0,2204924.0,6.738095238095238
4301602,41176,2017,2673.0,325.0,3105831.0,8.224615384615385
4301602,41176,2018,3036.0,296.0,2668995.0,10.256756756756756
4301602,41176,2019,2575.0,321.0,4345799.0,8.021806853582554
4301602,41176,2021,3057.0,307.0,5321235.0,9.957654723127035
4301602,41176,2022,2571.0,294.0,,8.744897959183673
4301602,41176,2023,2448.0,324.0,3485711.0,7.555555555555555
4301602,41160,2015,1561.0,188.0,1478169.0,8.303191489361701
4301602,41160,2016,1396.0,193.0,946726.0,7.233160621761658
4301602,41160,2017,1576.0,167.0,2124166.0,9.437125748502995
4301602,41160,2018,1315.0,170.0,1467151.0,7.735294117647059
4301602,41160,2019,1422.0,202.0,1409350.0,7.03960396039604
4301602,41160,2021,1259.0,186.0,2159544.0,6.768817204301075
4301602,41160,2022,1526.0,181.0,1607609.0,8.430939226519337
4205407,41151,2017,11615.0,938.0,11736389.0,12.38272921108742
4205407,41151,2018,11938.0,813.0,10719697.0,14.68388683886839
4205407,41151,2019,13670.0,811.0,13410317.0,16.8557336621455
4205407,41151,2020,12600.0,934.0,11685480.0,13.490364025695932
4205407,41151,2021,12989.0,900.0,,14.432222222222222
4205407,41151,2022,14069.0,934.0,14987386.0,15.063169164882227
4205407,41155,2016,389.0,311.0,719699.0,1.2508038585209003
4205407,41155,2017,351.0,326.0,520313.0,1.0766871165644172
4205407,41155,2018,317.0,304.0,306766.0,1.042763157894737
4205407,41155,2020,371.0,322.0,302734.0,1.1521739130434783
4205407,41155,2021,335.0,280.0,286845.0,1.1964285714285714
4205407,41155,2022,339.0,328.0,504975.0,1.0335365853658536
4205407,41155,2023,301.0,301.0,,1.0
4205407,41176,2017,5540.0,435.0,3673275.0,12.735632183908047
4205407,41176,2018,4933.0,406.0,7934887.0,12.150246305418719
4205407,41176,2019,4344.0,447.0,3161795.0,9.718120805369127
4205407,41176,2021,5359.0,424.0,3936354.0,12.639150943396226
4205407,41176,2022,5576.0,406.0,10735410.0,13.733990147783251
4205407,41176,2023,5193.0,388.0,4315191.0,13.3840206185567
4205407,41160,2015,394.0,283.0,252020.0,1.392226148409894
4205407,41160,2016,381.0,265.0,677008.0,1.4377358490566037
4205407,41160,2017,352.0,252.0,256387.0,1.3968253968253967
4205407,41160,2019,417.0,289.0,534096.0,1.4429065743944636
4205407,41160,2020,373.0,285.0,224421.0,1.3087719298245615
4205407,41160,2021,367.0,268.0,514296.0,1.3694029850746268
4205407,41160,2023,371.0,248.0,606496.0,1.4959677419354838
4209102,41151,2015,4769.0,1457.0,4079630.0,3.2731640356897733
4209102,41151,2016,3922.0,1460.0,1914318.0,2.686301369863014
4209102,41151,2017,4029.0,1444.0,2546266.0,2.7901662049861495
4209102,41151,2018,4440.0,1434.0,4111294.0,3.096234309623431
4209102,41151,2019,4354.0,1416.0,4211316.0,3.074858757062147
4209102,41151,2020,4827.0,1423.0,4276571.0,3.392129304286718
4209102,41151,2022,4811.0,1500.0,2418215.0,3.207333333333333
4209102,41151,2023,4886.0,1614.0,4231811.0,3.0272614622057
4209102,41155,2015,1651.0,311.0,1391251.0,5.308681672025723
4209102,41155,2016,1597.0,327.0,2545071.0,4.883792048929664
4209102,41155,2017,1427.0,308.0,1459078.0,4.633116883116883
4209102,41155,2019,1879.0,330.0,2162494.0,5.693939393939394
4209102,41155,2020,1777.0,340.0,1071963.0,5.226470588235294
4209102,41155,2021,1445.0,356.0,1984809.0,4.058988764044944
4209102,41155,2022,1918.0,345.0,1279845.0,5.559420289855073
4209102,41155,2023,1812.0,310.0,1718003.0,5.84516129032258
4209102,41176,2015,3171.0,351.0,3747992.0,9.034188034188034
4209102,41176,2016,2549.0,340.0,4746873.0,7.497058823529412
4209102,41176,2017,2895.0,342.0,1940148.0,8.464912280701755
4209102,41176,2019,2880.0,306.0,2381131.0,9.411764705882353
4209102,41176,2020,2851.0,362.0,5391794.0,7.875690607734807
4209102,41176,2021,2531.0,304.0,2688591.0,8.325657894736842
4209102,41176,2022,2543.0,316.0,2979399.0,8.04746835443038
4209102,41176,2023,2879.0,358.0,3490947.0,8.041899441340782
4209102,41160,2015,553.0,81.0,494853.0,6.827160493827161
4209102,41160,2016,570.0,78.0,529520.0,7.3076923076923075
4209102,41160,2017,578.0,72.0,1133508.0,8.027777777777779
4209102,41160,2018,662.0,86.0,1010665.0,7.6976744186046515
4209102,41160,2019,601.0,84.0,916390.0,7.154761904761905
4209102,41160,2020,646.0,78.0,1133585.0,8.282051282051283
4209102,41160,2021,571.0,77.0,854071.0,7.415584415584416
4209102,41160,2022,548.0,79.0,1043166.0,6.936708860759493
4209102,41160,2023,587.0,77.0,790857.0,7.623376623376624
4202404,41151,2015,8354.0,1505.0,9627073.0,5.550830564784053
4202404,41151,2016,9172.0,1488.0,5398317.0,6.163978494623656
4202404,41151,2018,9690.0,1402.0,5046944.0,6.911554921540656
4202404,41151,2019,8750.0,1598.0,8850226.0,5.475594493116396
4202404,41151,2020,8557.0,1400.0,6533464.0,6.1121428571428575
4202404,41151,2021,8927.0,1430.0,9361986.0,6.242657342657343
4202404,41151,2022,10012.0,1541.0,10544269.0,6.497079818299805
4202404,41151,2023,8709.0,1585.0,,5.494637223974763
4202404,41155,2015,127.0,235.0,166431.0,0.5404255319148936
4202404,41155,2016,122.0,246.0,227564.0,0.4959349593495935
4202404,41155,2017,115.0,228.0,98782.0,0.5043859649122807
4202404,41155,2018,108.0,237.0,198736.0,0.45569620253164556
4202404,41155,2019,125.0,261.0,101409.0,0.4789272030651341
4202404,41155,2020,111.0,224.0,115977.0,0.4955357142857143
4202404,41155,2021,131.0,224.0,153538.0,0.5848214285714286
4202404,41155,2022,117.0,233.0,112658.0,0.5021459227467812
4202404,41176,2015,6325.0,810.0,4630568.0,7.808641975308642
4202404,41176,2016,8228.0,788.0,11137889.0,10.441624365482234
4202404,41176,2017,6146.0,796.0,4631806.0,7.721105527638191
4202404,41176,2018,6444.0,807.0,3875060.0,7.985130111524164
4202404,41176,2019,7645.0,754.0,13490914.0,10.139257294429708
4202404,41176,2020,8196.0,794.0,13811072.0,10.32241813602015
4202404,41176,2021,7578.0,789.0,9173670.0,9.604562737642585
4202404,41176,2022,6803.0,773.0,9147698.0,8.80077619663648
4202404,41176,2023,7478.0,811.0,13551463.0,9.22071516646116
4202404,41160,2015,1580.0,338.0,2475728.0,4.674556213017752
4202404,41160,2017,1562.0,371.0,2116413.0,4.210242587601078
4202404,41160,2018,1426.0,341.0,1213874.0,4.181818181818182
4202404,41160,2019,1391.0,330.0,1648476.0,4.215151515151515
4202404,41160,2020,1346.0,356.0,1622029.0,3.7808988764044944
4202404,41160,2021,1393.0,381.0,2555903.0,3.6561679790026247
4202404,41160,2022,1508.0,347.0,2481832.0,4.345821325648415
4202404,41160,2023,1479.0,372.0,1253964.0,3.975806451612903
4216602,41151,2015,3097.0,588.0,1627414.0,5.267006802721088
4216602,41151,2016,3750.0,555.0,4193134.0,6.756756756756757
4216602,41151,2017,3985.0,615.0,3826611.0,6.479674796747967
4216602,41151,2018,3778.0,614.0,4006257.0,6.153094462540716
4216602,41151,2019,3843.0,558.0,1767965.0,6.887096774193548
4216602,41151,2020,3709.0,570.0,3244398.0,6.507017543859649
4216602,41151,2021,3485.0,615.0,1440382.0,5.666666666666667
4216602,41151,2022,3853.0,591.0,3895288.0,6.519458544839256
4216602,41151,2023,3270.0,588.0,2787359.0,5.561224489795919
4216602,41155,2015,1546.0,56.0,2846544.0,27.607142857142858
4216602,41155,2016,1478.0,53.0,2932127.0,27.88679245283019
4216602,41155,2017,1194.0,57.0,1480796.0,20.94736842105263
4216602,41155,2018,1324.0,51.0,2562008.0,25.96078431372549
4216602,41155,2019,1304.0,57.0,1729863.0,22.87719298245614
4216602,41155,2021,1375.0,48.0,,28.645833333333332
4216602,41155,2023,1358.0,49.0,1235800.0,27.714285714285715
4216602,41176,2015,3044.0,631.0,4174819.0,4.824088748019017
4216602,41176,2017,2722.0,540.0,2947596.0,5.04074074074074
4216602,41176,2018,3097.0,558.0,5808809.0,5.550179211469534
4216602,41176,2020,3525.0,643.0,6617033.0,5.482115085536547
4216602,41176,2021,2754.0,609.0,2439115.0,4.522167487684729
4216602,41176,2022,3725.0,564.0,5371577.0,6.6046099290780145
4216602,41176,2023,3675.0,582.0,6920628.0,6.314432989690721
4216602,41160,2015,801.0,223.0,1016277.0,3.591928251121076
4216602,41160,2017,773.0,225.0,884556.0,3.4355555555555557
4216602,41160,2018,729.0,207.0,,3.5217391304347827
4216602,41160,2020,834.0,221.0,1269161.0,3.773755656108597
4216602,41160,2021,879.0,232.0,1306748.0,3.788793103448276
4216602,41160,2022,709.0,219.0,744009.0,3.2374429223744294
4216602,41160,2023,819.0,219.0,1308699.0,3.73972602739726
4204608,41151,2016,3570.0,1111.0,3611942.0,3.2133213321332135
4204608,41151,2017,4110.0,1169.0,2012699.0,3.515825491873396
4204608,41151,2018,3897.0,1050.0,2460986.0,3.7114285714285713
4204608,41151,2019,3465.0,1034.0,1989667.0,3.351063829787234
4204608,41151,2022,3414.0,1105.0,2200608.0,3.0895927601809956
4204608,41151,2023,4187.0,1120.0,2014875.0,3.7383928571428573
4204608,41155,2015,1906.0,256.0,2324882.0,7.4453125
4204608,41155,2016,1790.0,230.0,2066510.0,7.782608695652174
4204608,41155,2017,2200.0,237.0,3197541.0,9.282700421940929
4204608,41155,2018,1941.0,244.0,2733733.0,7.954918032786885
4204608,41155,2019,2034.0,246.0,2386773.0,8.268292682926829
4204608,41155,2020,2179.0,258.0,2215077.0,8.445736434108527
4204608,41155,2021,1869.0,247.0,3415744.0,7.566801619433198
4204608,41155,2022,1920.0,266.0,3146219.0,7.2180451127819545
4204608,41155,2023,2051.0,250.0,3806802.0,8.204
4204608,41176,2016,6411.0,764.0,10980293.0,8.391361256544503
4204608,41176,2017,5867.0,662.0,9484399.0,8.862537764350453
4204608,41176,2018,5092.0,662.0,4807185.0,7.691842900302115
4204608,41176,2019,5967.0,779.0,3769529.0,7.65982028241335
4204608,41176,2020,6477.0,771.0,7924045.0,8.400778210116732
4204608,41176,2021,5984.0,682.0,10202995.0,8.774193548387096
4204608,41176,2022,6304.0,717.0,10392794.0,8.792189679218968
4204608,41160,2015,957.0,222.0,1042542.0,4.3108108108108105
4204608,41160,2016,1099.0,190.0,1432221.0,5.78421052631579
4204608,41160,2017,1073.0,202.0,2004458.0,5.311881188118812
4204608,41160,2018,959.0,204.0,866788.0,4.700980392156863
4204608,41160,2019,1192.0,188.0,727072.0,6.340425531914893
4204608,41160,2020,942.0,212.0,950156.0,4.443396226415095
4204608,41160,2021,1117.0,209.0,1228583.0,5.344497607655502
4204608,41160,2023,966.0,210.0,1927629.0,4.6
4204202,41151,2015,4122.0,925.0,4342939.0,4.456216216216216
4204202,41151,2016,4307.0,938.0,4795047.0,4.591684434968017
4204202,41151,2017,3191.0,948.0,,3.3660337552742616
4204202,41151,2018,3460.0,970.0,1961212.0,3.5670103092783507
4204202,41151,2020,3640.0,1030.0,2674349.0,3.533980582524272
4204202,41151,2021,4315.0,1054.0,3692493.0,4.09392789373814
4204202,41151,2022,4071.0,1045.0,4085326.0,3.895693779904306
4204202,41151,2023,4051.0,963.0,4361657.0,4.206645898234683
4204202,41155,2015,1447.0,355.0,2402862.0,4.076056338028169
4204202,41155,2016,1171.0,316.0,1528655.0,3.7056962025316458
4204202,41155,2017,1351.0,367.0,1231331.0,3.681198910081744
4204202,41155,2018,1085.0,350.0,1570060.0,3.1
4204202,41155,2019,1402.0,367.0,1206849.0,3.8201634877384194
4204202,41155,2020,1153.0,346.0,966836.0,3.332369942196532
4204202,41155,2021,1234.0,302.0,2049855.0,4.086092715231788
4204202,41155,2022,1157.0,340.0,952656.0,3.402941176470588
4204202,41155,2023,1243.0,343.0,917715.0,3.623906705539359
4204202,41176,2015,5803.0,842.0,9529526.0,6.891923990498812
4204202,41176,2016,4651.0,846.0,4734560.0,5.497635933806147
4204202,41176,2017,4889.0,833.0,3671811.0,5.869147659063626
4204202,41176,2018,5719.0,798.0,7233663.0,7.166666666666667
4204202,41176,2019,4779.0,768.0,6845341.0,6.22265625
4204202,41176,2021,4682.0,803.0,,5.830635118306351
4204202,41176,2022,4671.0,889.0,3028910.0,5.25421822272216
4204202,41160,2015,1704.0,194.0,2867599.0,8.783505154639176
4204202,41160,2017,1965.0,171.0,3342712.0,11.491228070175438
4204202,41160,2018,1719.0,168.0,2445790.0,10.232142857142858
4204202,41160,2019,1861.0,172.0,3261607.0,10.819767441860465
4204202,41160,2022,1836.0,165.0,1196847.0,11.127272727272727
4204202,41160,2023,2061.0,164.0,3560568.0,12.567073170731707
4208203,41151,2015,17338.0,1058.0,17908957.0,16.387523629489603
4208203,41151,2016,16135.0,944.0,13237397.0,17.092161016949152
4208203,41151,2017,19189.0,960.0,16342198.0,19.988541666666666
4208203,41151,2018,17617.0,952.0,15098200.0,18.505252100840337
4208203,41151,2019,18182.0,1143.0,16368559.0,15.907261592300962
4208203,41151,2020,18451.0,1036.0,21411779.0,17.80984555984556
4208203,41151,2021,18419.0,973.0,19976259.0,18.930113052415212
4208203,41151,2023,15901.0,1057.0,11154912.0,15.043519394512773
4208203,41155,2015,1151.0,52.0,1928345.0,22.134615384615383
4208203,41155,2016,1408.0,55.0,1026831.0,25.6
4208203,41155,2017,1240.0,51.0,2187777.0,24.313725490196077
4208203,41155,2018,1170.0,46.0,2004466.0,25.434782608695652
4208203,41155,2020,1413.0,49.0,1281259.0,28.836734693877553
4208203,41155,2021,1565.0,52.0,1125592.0,30.096153846153847
4208203,41155,2023,1180.0,48.0,1967879.0,24.583333333333332
4208203,41176,2015,5087.0,383.0,4998860.0,13.281984334203655
4208203,41176,2016,5058.0,366.0,3148325.0,13.819672131147541
4208203,41176,2017,4828.0,336.0,,14.369047619047619
4208203,41176,2018,4643.0,345.0,8553054.0,13.457971014492754
4208203,41176,2019,5221.0,389.0,6141045.0,13.42159383033419
4208203,41176,2020,4738.0,364.0,9426187.0,13.016483516483516
4208203,41176,2021,5328.0,325.0,4514761.0,16.393846153846155
4208203,41176,2022,5290.0,383.0,3624523.0,13.81201044386423
4208203,41176,2023,4810.0,337.0,3851145.0,14.27299703264095
4208203,41160,2015,2023.0,126.0,,16.055555555555557
4208203,41160,2016,2118.0,103.0,3451492.0,20.563106796116504
4208203,41160,2018,1799.0,118.0,2043568.0,15.245762711864407
4208203,41160,2019,2121.0,121.0,4191625.0,17.52892561983471
4208203,41160,2020,2277.0,105.0,4551364.0,21.685714285714287
4208203,41160,2023,2254.0,123.0,4141553.0,18.32520325203252
4208906,41151,2015,10658.0,1070.0,,9.960747663551402
4208906,41151,2016,11847.0,1123.0,10099570.0,10.549421193232414
4208906,41151,2017,9756.0,1064.0,9569139.0,9.169172932330827
4208906,41151,2018,10200.0,1201.0,10962769.0,8.49292256452956
4208906,41151,2019,9082.0,1145.0,8653012.0,7.931877729257642
4208906,41151,2020,11168.0,1233.0,9351654.0,9.057583130575832
4208906,41151,2021,10097.0,1130.0,8778407.0,8.935398230088495
4208906,41151,2023,9375.0,1062.0,4433310.0,8.82768361581921
4208906,41155,2016,1423.0,151.0,2132513.0,9.42384105960265
4208906,41155,2017,1454.0,147.0,1993524.0,9.891156462585034
4208906,41155,2018,1365.0,130.0,1388122.0,10.5
4208906,41155,2020,1811.0,135.0,3590801.0,13.414814814814815
4208906,41155,2021,1484.0,147.0,1482298.0,10.095238095238095
4208906,41155,2022,1678.0,132.0,3257813.0,12.712121212121213
4208906,41155,2023,1436.0,145.0,2605075.0,9.903448275862068
4208906,41176,2015,887.0,767.0,1048170.0,1.1564537157757497
4208906,41176,2016,1080.0,770.0,954637.0,1.4025974025974026
4208906,41176,2019,825.0,777.0,791711.0,1.0617760617760619
4208906,41176,2020,874.0,910.0,673118.0,0.9604395604395605
4208906,41176,2021,927.0,824.0,1073257.0,1.125
4208906,41176,2022,1012.0,768.0,1426201.0,1.3177083333333333
4208906,41160,2015,998.0,52.0,1966973.0,19.192307692307693
4208906,41160,2016,1223.0,56.0,1923501.0,21.839285714285715
4208906,41160,2017,1100.0,50.0,675737.0,22.0
4208906,41160,2018,1033.0,51.0,832912.0,20.254901960784313
4208906,41160,2019,1117.0,52.0,1124955.0,21.48076923076923
4208906,41160,2020,1003.0,54.0,733053.0,18.574074074074073
4208906,41160,2021,1013.0,59.0,1303546.0,17.16949152542373
4208906,41160,2023,1081.0,53.0,1870186.0,20.39622641509434
4209300,41151,2015,11597.0,782.0,10571749.0,14.82992327365729
4209300,41151,2016,11592.0,772.0,8672037.0,15.015544041450777
4209300,41151,2018,14145.0,728.0,16916378.0,19.429945054945055
4209300,41151,2019,12243.0,691.0,5053379.0,17.7178002894356
4209300,41151,2021,15108.0,788.0,8290502.0,19.17258883248731
4209300,41151,2022,10984.0,753.0,7708544.0,14.586985391766268
4209300,41151,2023,12377.0,764.0,14524608.0,16.20026178010471
4209300,41155,2015,1287.0,288.0,,4.46875
4209300,41155,2016,1209.0,264.0,1875392.0,4.579545454545454
4209300,41155,2017,1140.0,244.0,1521622.0,4.672131147540983
4209300,41155,2018,1379.0,260.0,,5.303846153846154
4209300,41155,2019,1131.0,267.0,1845162.0,4.235955056179775
4209300,41155,2021,1162.0,288.0,1438112.0,4.034722222222222
4209300,41155,2022,1045.0,284.0,1849946.0,3.6795774647887325
4209300,41155,2023,1047.0,251.0,1770699.0,4.171314741035856
4209300,41176,2015,3934.0,625.0,3328203.0,6.2944
4209300,41176,2016,3463.0,625.0,2951362.0,5.5408
4209300,41176,2017,4469.0,657.0,6927180.0,6.802130898021309
4209300,41176,2018,3805.0,742.0,6328713.0,5.1280323450134775
4209300,41176,2019,4217.0,743.0,6575784.0,5.6756393001345895
4209300,41176,2020,3469.0,747.0,3911051.0,4.643908969210174
4209300,41176,2022,3315.0,742.0,4846845.0,4.467654986522911
4209300,41176,2023,3998.0,638.0,6320838.0,6.266457680250784
4209300,41160,2015,314.0,255.0,319605.0,1.231372549019608
4209300,41160,2016,340.0,255.0,596253.0,1.3333333333333333
4209300,41160,2017,344.0,254.0,,1.3543307086614174
4209300,41160,2018,381.0,243.0,492719.0,1.5679012345679013
4209300,41160,2019,364.0,268.0,506346.0,1.3582089552238805
4209300,41160,2020,331.0,264.0,337292.0,1.253787878787879
4209300,41160,2021,355.0,231.0,290968.0,1.5367965367965368
4209300,41160,2022,297.0,230.0,333808.0,1.291304347826087
4209300,41160,2023,359.0,259.0,712627.0,1.386100386100386
4211900,41151,2015,14499.0,1404.0,12298192.0,10.326923076923077
4211900,41151,2016,12888.0,1486.0,,8.672947510094213
4211900,41151,2017,15639.0,1399.0,14326693.0,11.178699070764832
4211900,41151,2018,16266.0,1266.0,16657369.0,12.848341232227488
4211900,41151,2019,16603.0,1282.0,9865195.0,12.950858034321373
4211900,41151,2020,12878.0,1501.0,9106608.0,8.579613590939374
4211900,41151,2021,13734.0,1524.0,6568026.0,9.011811023622048
4211900,41151,2022,13217.0,1361.0,15269907.0,9.711241734019104
4211900,41151,2023,16445.0,1320.0,7931563.0,12.458333333333334
4211900,41155,2015,1433.0,169.0,1177460.0,8.479289940828401
4211900,41155,2016,1523.0,173.0,1047690.0,8.803468208092486
4211900,41155,2017,1815.0,154.0,2567574.0,11.785714285714286
4211900,41155,2018,1923.0,165.0,1529786.0,11.654545454545454
4211900,41155,2019,1503.0,153.0,2049128.0,9.823529411764707
4211900,41155,2020,1854.0,170.0,3022641.0,10.905882352941177
4211900,41155,2021,1767.0,178.0,1550690.0,9.926966292134832
4211900,41155,2023,1905.0,161.0,2485717.0,11.832298136645962
4211900,41176,2015,7400.0,446.0,9390276.0,16.591928251121075
4211900,41176,2016,7307.0,451.0,8091608.0,16.20177383592018
4211900,41176,2017,7595.0,418.0,,18.169856459330145
4211900,41176,2018,7467.0,442.0,11124944.0,16.89366515837104
4211900,41176,2021,6746.0,385.0,12722855.0,17.522077922077923
4211900,41176,2023,6374.0,450.0,8631929.0,14.164444444444445
4211900,41160,2016,492.0,254.0,583108.0,1.937007874015748
4211900,41160,2018,549.0,227.0,500745.0,2.4185022026431717
4211900,41160,2019,589.0,259.0,566950.0,2.2741312741312742
4211900,41160,2020,543.0,234.0,946980.0,2.3205128205128207
4211900,41160,2021,542.0,238.0,1046835.0,2.277310924369748
4211900,41160,2022,582.0,229.0,1143367.0,2.541484716157205
4211900,41160,2023,490.0,247.0,307564.0,1.9838056680161944
3304557,41151,2015,7974.0,271.0,4587873.0,29.424354243542435
3304557,41151,2016,6736.0,299.0,6984588.0,22.528428093645484
3304557,41151,2017,6321.0,305.0,6435844.0,20.724590163934426
3304557,41151,2018,6035.0,294.0,3249034.0,20.527210884353742
3304557,41151,2019,5947.0,274.0,4761690.0,21.704379562043794
3304557,41151,2021,7170.0,270.0,5319228.0,26.555555555555557
3304557,41151,2022,6990.0,309.0,5718101.0,22.62135922330097
3304557,41151,2023,6980.0,292.0,7572680.0,23.904109589041095
3304557,41155,2015,879.0,183.0,1636575.0,4.80327868852459
3304557,41155,2016,1000.0,177.0,1399754.0,5.649717514124294
3304557,41155,2018,1047.0,164.0,,6.384146341463414
3304557,41155,2020,993.0,182.0,1357620.0,5.456043956043956
3304557,41155,2022,857.0,172.0,1505776.0,4.982558139534884
3304557,41155,2023,809.0,169.0,1185253.0,4.78698224852071
3304557,41176,2015,8254.0,433.0,14753403.0,19.062355658198616
3304557,41176,2016,7414.0,401.0,13337983.0,18.48877805486284
3304557,41176,2017,7383.0,414.0,6558362.0,17.833333333333332
3304557,41176,2018,7954.0,454.0,10056983.0,17.519823788546255
3304557,41176,2019,6496.0,463.0,11322278.0,14.030237580993521
3304557,41176,2020,8461.0,397.0,14603651.0,21.31234256926952
3304557,41176,2021,7334.0,449.0,10671295.0,16.334075723830736
3304557,41176,2022,7610.0,460.0,7063484.0,16.543478260869566
3304557,41176,2023,7864.0,438.0,5961986.0,17.95433789954338
3304557,41160,2015,1154.0,136.0,1562575.0,8.485294117647058
3304557,41160,2016,1245.0,142.0,1640513.0,8.767605633802816
3304557,41160,2017,1191.0,151.0,1845588.0,7.887417218543046
3304557,41160,2018,1532.0,137.0,1727586.0,11.182481751824817
3304557,41160,2020,1189.0,150.0,1564014.0,7.926666666666667
3304557,41160,2021,1335.0,153.0,2627623.0,8.72549019607843
3304557,41160,2022,1140.0,144.0,734186.0,7.916666666666667
3304557,41160,2023,1358.0,143.0,1603073.0,9.496503496503497
3303302,41151,2015,2248.0,1538.0,1827786.0,1.4616384915474643
3303302,41151,2017,1762.0,1645.0,1277301.0,1.0711246200607902
3303302,41151,2018,1769.0,1414.0,1779486.0,1.2510608203677511
3303302,41151,2019,1867.0,1498.0,1635286.0,1.246328437917223
3303302,41151,2021,2266.0,1463.0,1988044.0,1.5488721804511278
3303302,41151,2023,2091.0,1598.0,1587251.0,1.3085106382978724
3303302,41155,2015,1662.0,200.0,2622239.0,8.31
3303302,41155,2016,1869.0,225.0,2899823.0,8.306666666666667
3303302,41155,2017,1960.0,192.0,2142651.0,10.208333333333334
3303302,41155,2018,2088.0,203.0,,10.285714285714286
3303302,41155,2019,2128.0,226.0,2491576.0,9.415929203539823
3303302,41155,2020,2215.0,223.0,4135651.0,9.932735426008968
3303302,41155,2022,1748.0,223.0,1971285.0,7.838565022421525
3303302,41155,2023,2217.0,211.0,4282997.0,10.507109004739336
3303302,41176,2015,3850.0,697.0,4740565.0,5.523672883787661
3303302,41176,2016,3863.0,608.0,7442216.0,6.353618421052632
3303302,41176,2018,4325.0,640.0,2895753.0,6.7578125
3303302,41176,2019,4139.0,611.0,7075095.0,6.774140752864157
3303302,41176,2020,3911.0,631.0,2993840.0,6.19809825673534
3303302,41176,2021,3885.0,619.0,5547824.0,6.276252019386106
3303302,41176,2022,4187.0,727.0,3306077.0,5.759284731774415
3303302,41176,2023,3436.0,647.0,3178226.0,5.310664605873261
3303302,41160,2015,1421.0,187.0,1101478.0,7.598930481283422
3303302,41160,2016,1538.0,188.0,,8.180851063829786
3303302,41160,2017,1452.0,164.0,2122768.0,8.853658536585366
3303302,41160,2018,1511.0,188.0,2456214.0,8.037234042553191
3303302,41160,2019,1307.0,174.0,2084860.0,7.511494252873563
3303302,41160,2020,1553.0,168.0,1044488.0,9.244047619047619
3303302,41160,2021,1196.0,180.0,1986074.0,6.644444444444445
3303302,41160,2022,1505.0,186.0,2424745.0,8.091397849462366
3303302,41160,2023,1499.0,194.0,2686954.0,7.72680412371134
3301702,41151,2015,14737.0,1137.0,12196872.0,12.961301671064204
3301702,41151,2016,20079.0,975.0,21475545.0,20.593846153846155
3301702,41151,2017,17261.0,982.0,19593556.0,17.577393075356415
3301702,41151,2018,18316.0,1161.0,16016821.0,15.776055124892334
3301702,41151,2019,15007.0,1146.0,12112251.0,13.095113438045376
3301702,41151,2020,19663.0,1072.0,12132047.0,18.342350746268657
3301702,41151,2022,16398.0,1042.0,13637576.0,15.73704414587332
3301702,41151,2023,15439.0,992.0,12840649.0,15.56350806451613
3301702,41155,2015,1483.0,68.0,2593877.0,21.808823529411764
3301702,41155,2016,1705.0,70.0,1052712.0,24.357142857142858
3301702,41155,2017,1506.0,69.0,2169300.0,21.82608695652174
3301702,41155,2019,1800.0,69.0,2354084.0,26.08695652173913
3301702,41155,2020,1446.0,76.0,2316339.0,19.026315789473685
3301702,41155,2021,1824.0,66.0,1662213.0,27.636363636363637
3301702,41155,2022,1408.0,70.0,1935947.0,20.114285714285714
3301702,41155,2023,1416.0,72.0,913727.0,19.666666666666668
3301702,41176,2015,2699.0,740.0,3418197.0,3.6472972972972975
3301702,41176,2016,2610.0,766.0,4046686.0,3.4073107049608353
3301702,41176,2017,2046.0,699.0,1437929.0,2.927038626609442
3301702,41176,2018,2374.0,698.0,2781007.0,3.4011461318051577
3301702,41176,2019,1999.0,676.0,1237487.0,2.9571005917159763
3301702,41176,2021,2180.0,700.0,2036530.0,3.1142857142857143
3301702,41176,2022,2499.0,704.0,,3.549715909090909
3301702,41160,2015,574.0,209.0,1102000.0,2.7464114832535884
3301702,41160,2017,734.0,242.0,1400635.0,3.0330578512396693
3301702,41160,2018,550.0,213.0,758764.0,2.5821596244131455
3301702,41160,2019,658.0,228.0,506058.0,2.8859649122807016
3301702,41160,2020,717.0,213.0,761625.0,3.3661971830985915
3301702,41160,2021,567.0,228.0,381741.0,2.486842105263158
3301702,41160,2023,626.0,206.0,685249.0,3.0388349514563107
3303500,41151,2015,6404.0,1575.0,6042254.0,4.066031746031746
3303500,41151,2016,7254.0,1574.0,3260460.0,4.608640406607369
3303500,41151,2017,7491.0,1519.0,7249221.0,4.931533903884135
3303500,41151,2019,7989.0,1601.0,6874239.0,4.99000624609619
3303500,41151,2020,6926.0,1539.0,7674976.0,4.500324886289799
3303500,41151,2022,7580.0,1585.0,,4.782334384858044
3303500,41151,2023,6800.0,1626.0,5072727.0,4.182041820418204
3303500,41155,2015,1199.0,146.0,,8.212328767123287
3303500,41155,2016,1033.0,166.0,1799143.0,6.22289156626506
3303500,41155,2017,985.0,147.0,1243815.0,6.700680272108843
3303500,41155,2018,1151.0,143.0,1074594.0,8.048951048951048
3303500,41155,2019,1138.0,149.0,1954773.0,7.6375838926174495
3303500,41155,2021,1165.0,146.0,1333465.0,7.97945205479452
3303500,41155,2023,1194.0,155.0,1761846.0,7.703225806451613
3303500,41176,2015,1276.0,524.0,2480705.0,2.435114503816794
3303500,41176,2016,1112.0,493.0,1229992.0,2.255578093306288
3303500,41176,2018,998.0,523.0,624651.0,1.9082217973231357
3303500,41176,2020,1209.0,491.0,1585844.0,2.4623217922606924
3303500,41176,2021,1242.0,570.0,2012660.0,2.1789473684210527
3303500,41176,2022,987.0,568.0,1947663.0,1.7376760563380282
3303500,41160,2015,1846.0,390.0,1144314.0,4.733333333333333
3303500,41160,2016,1837.0,352.0,1430256.0,5.21875
3303500,41160,2017,1456.0,370.0,2308406.0,3.9351351351351354
3303500,41160,2019,1745.0,397.0,1446061.0,4.395465994962216
3303500,41160,2020,1638.0,342.0,3022609.0,4.7894736842105265
3303500,41160,2021,1406.0,367.0,1830136.0,3.8310626702997275
3303500,41160,2022,1630.0,354.0,2225467.0,4.604519774011299
3303500,41160,2023,1762.0,381.0,1687264.0,4.624671916010499
3300456,41151,2015,8477.0,1036.0,6885452.0,8.182432432432432
3300456,41151,2016,10609.0,949.0,4275064.0,11.17913593256059
3300456,41151,2017,11134.0,912.0,12292443.0,12.208333333333334
3300456,41151,2018,11335.0,1047.0,10739992.0,10.826170009551099
3300456,41151,2019,9449.0,1051.0,6489376.0,8.990485252140818
3300456,41151,2020,8416.0,911.0,6892871.0,9.238199780461033
3300456,41151,2021,10625.0,972.0,7775147.0,10.931069958847736
3300456,41151,2022,9245.0,1055.0,8052235.0,8.763033175355451
3300456,41155,2015,1196.0,58.0,793922.0,20.620689655172413
3300456,41155,2017,1078.0,64.0,,16.84375
3300456,41155,2018,1150.0,59.0,1470513.0,19.491525423728813
3300456,41155,2019,986.0,55.0,962549.0,17.927272727272726
3300456,41155,2020,979.0,54.0,867885.0,18.12962962962963
3300456,41155,2021,1205.0,60.0,1563573.0,20.083333333333332
3300456,41155,2023,1092.0,63.0,722918.0,17.333333333333332
3300456,41176,2015,3034.0,676.0,1894997.0,4.488165680473373
3300456,41176,2016,3443.0,629.0,4632992.0,5.473767885532592
3300456,41176,2017,3282.0,623.0,3197412.0,5.268057784911718
3300456,41176,2018,3291.0,661.0,5840665.0,4.978819969742814
3300456,41176,2019,3030.0,641.0,2493214.0,4.726989079563182
3300456,41176,2020,3120.0,639.0,5001372.0,4.882629107981221
3300456,41176,2021,2959.0,677.0,3612446.0,4.3707533234859675
3300456,41176,2022,3419.0,655.0,3829767.0,5.219847328244275
3300456,41176,2023,3268.0,607.0,2631896.0,5.383855024711697
3300456,41160,2015,1522.0,66.0,1415145.0,23.060606060606062
3300456,41160,2016,1528.0,55.0,1240898.0,27.78181818181818
3300456,41160,2017,1425.0,64.0,2807095.0,22.265625
3300456,41160,2018,1141.0,65.0,1132779.0,17.553846153846155
3300456,41160,2019,1310.0,60.0,1361645.0,21.833333333333332
3300456,41160,2020,1415.0,65.0,2332663.0,21.76923076923077
3300456,41160,2021,1359.0,58.0,1785588.0,23.43103448275862
3300456,41160,2023,1325.0,55.0,1236110.0,24.09090909090909
3304904,41151,2015,2161.0,1565.0,1810368.0,1.3808306709265177
3304904,41151,2017,2147.0,1346.0,1548914.0,1.5950965824665677
3304904,41151,2018,1995.0,1410.0,2041819.0,1.4148936170212767
3304904,41151,2019,2196.0,1497.0,2511691.0,1.4669338677354709
3304904,41151,2020,1824.0,1470.0,1208076.0,1.2408163265306122
3304904,41151,2023,1645.0,1382.0,781196.0,1.1903039073806079
3304904,41155,2016,2037.0,210.0,3079864.0,9.7
3304904,41155,2017,2016.0,181.0,2721712.0,11.138121546961326
3304904,41155,2018,1869.0,202.0,2646300.0,9.252475247524753
3304904,41155,2019,1599.0,198.0,1636695.0,8.075757575757576
3304904,41155,2020,1793.0,204.0,1137901.0,8.78921568627451
3304904,41155,2021,1690.0,174.0,2036127.0,9.71264367816092
3304904,41155,2022,1638.0,178.0,2318112.0,9.202247191011235
3304904,41155,2023,1602.0,190.0,1195484.0,8.43157894736842
3304904,41176,2015,7001.0,184.0,11112750.0,38.04891304347826
3304904,41176,2016,7108.0,208.0,7975087.0,34.17307692307692
3304904,41176,2017,7140.0,206.0,13384178.0,34.66019417475728
3304904,41176,2018,7954.0,184.0,11812209.0,43.22826086956522
3304904,41176,2020,7440.0,174.0,10344290.0,42.758620689655174
3304904,41176,2021,8041.0,202.0,12340561.0,39.806930693069305
3304904,41176,2022,7874.0,201.0,7897009.0,39.17412935323383
3304904,41176,2023,6898.0,195.0,6469700.0,35.37435897435898
3304904,41160,2015,844.0,66.0,960690.0,12.787878787878787
3304904,41160,2016,723.0,68.0,,10.632352941176471
3304904,41160,2017,935.0,62.0,1623001.0,15.080645161290322
3304904,41160,2019,803.0,63.0,1314123.0,12.746031746031745
3304904,41160,2021,771.0,63.0,851719.0,12.238095238095237
3304904,41160,2022,793.0,64.0,618172.0,12.390625
3304904,41160,2023,792.0,66.0,846487.0,12.0
3301009,41151,2015,8460.0,1902.0,3562173.0,4.44794952681388
3301009,41151,2016,8734.0,1974.0,5892131.0,4.42451874366768
3301009,41151,2017,9081.0,1930.0,9989135.0,4.705181347150259
3301009,41151,2018,9120.0,1956.0,10628098.0,4.662576687116564
3301009,41151,2019,9351.0,1855.0,8081206.0,5.040970350404312
3301009,41151,2020,9834.0,1849.0,10415382.0,5.318550567874527
3301009,41151,2021,9071.0,1839.0,8349902.0,4.932572050027189
3301009,41151,2022,8330.0,1713.0,7974877.0,4.862813776999416
3301009,41151,2023,11141.0,1768.0,8316838.0,6.301470588235294
3301009,41155,2015,1261.0,81.0,1842567.0,15.567901234567902
3301009,41155,2016,1378.0,87.0,1883839.0,15.839080459770114
3301009,41155,2017,1412.0,92.0,1583138.0,15.347826086956522
3301009,41155,2018,1118.0,83.0,1456847.0,13.46987951807229
3301009,41155,2019,1312.0,96.0,1040872.0,13.666666666666666
3301009,41155,2020,1233.0,81.0,869934.0,15.222222222222221
3301009,41155,2021,1210.0,84.0,2163874.0,14.404761904761905
3301009,41155,2022,1168.0,95.0,1660836.0,12.294736842105262
3301009,41155,2023,1427.0,93.0,2369550.0,15.344086021505376
3301009,41176,2015,4765.0,208.0,5284690.0,22.908653846153847
3301009,41176,2016,5463.0,196.0,9854627.0,27.872448979591837
3301009,41176,2017,5764.0,194.0,7030960.0,29.711340206185568
3301009,41176,2018,4733.0,184.0,8208611.0,25.722826086956523
3301009,41176,2019,5992.0,216.0,5916615.0,27.74074074074074
3301009,41176,2020,5047.0,216.0,3679067.0,23.36574074074074
3301009,41176,2021,5403.0,185.0,6932564.0,29.205405405405404
3301009,41176,2022,4538.0,219.0,5368838.0,20.72146118721461
3301009,41176,2023,5435.0,197.0,5456528.0,27.588832487309645
3301009,41160,2015,695.0,368.0,981885.0,1.888586956521739
3301009,41160,2016,773.0,378.0,734178.0,2.044973544973545
3301009,41160,2017,784.0,375.0,842217.0,2.0906666666666665
3301009,41160,2018,686.0,400.0,1305943.0,1.715
3301009,41160,2019,822.0,371.0,1158076.0,2.215633423180593
3301009,41160,2020,783.0,370.0,1136748.0,2.116216216216216
3301009,41160,2021,693.0,425.0,496620.0,1.6305882352941177
3301009,41160,2022,698.0,390.0,622271.0,1.7897435897435898
3301009,41160,2023,870.0,373.0,1269297.0,2.3324396782841825
3303906,41151,2015,6096.0,1005.0,3013007.0,6.065671641791044
3303906,41151,2016,6190.0,979.0,3386888.0,6.3227783452502555
3303906,41151,2017,5463.0,1031.0,3690683.0,5.2987390882638215
3303906,41151,2019,5972.0,1088.0,2913558.0,5.488970588235294
3303906,41151,2020,5890.0,981.0,5523570.0,6.00407747196738
3303906,41151,2021,4807.0,1081.0,,4.446808510638298
3303906,41151,2022,5793.0,945.0,5028792.0,6.130158730158731
3303906,41151,2023,5624.0,1023.0,5998471.0,5.497556207233626
3303906,41155,2015,198.0,350.0,143362.0,0.5657142857142857
3303906,41155,2016,227.0,365.0,165164.0,0.6219178082191781
3303906,41155,2018,197.0,360.0,233271.0,0.5472222222222223
3303906,41155,2019,168.0,346.0,110103.0,0.48554913294797686
3303906,41155,2020,211.0,326.0,290108.0,0.647239263803681
3303906,41155,2021,208.0,342.0,320282.0,0.6081871345029239
3303906,41155,2022,167.0,326.0,212553.0,0.5122699386503068
3303906,41155,2023,213.0,310.0,331126.0,0.6870967741935484
3303906,41176,2015,6870.0,113.0,9466197.0,60.796460176991154
3303906,41176,2016,8051.0,100.0,15072232.0,80.51
3303906,41176,2017,8596.0,101.0,9737464.0,85.10891089108911
3303906,41176,2018,6559.0,106.0,6705473.0,61.87735849056604
3303906,41176,2020,7297.0,102.0,11155969.0,71.53921568627452
3303906,41176,2022,8053.0,99.0,12956709.0,81.34343434343434
3303906,41176,2023,7771.0,112.0,8567086.0,69.38392857142857
3303906,41160,2015,212.0,66.0,313788.0,3.212121212121212
3303906,41160,2016,212.0,68.0,215125.0,3.1176470588235294
3303906,41160,2018,187.0,59.0,189184.0,3.169491525423729
3303906,41160,2019,213.0,66.0,414375.0,3.227272727272727
3303906,41160,2021,205.0,71.0,,2.887323943661972
3303906,41160,2022,238.0,60.0,432744.0,3.966666666666667
3303906,41160,2023,197.0,58.0,194794.0,3.396551724137931
3306305,41151,2015,9131.0,243.0,8957802.0,37.5761316872428
3306305,41151,2016,9487.0,244.0,5663926.0,38.881147540983605
3306305,41151,2017,11889.0,261.0,6140610.0,45.55172413793103
3306305,41151,2018,10673.0,244.0,10247863.0,43.74180327868852
3306305,41151,2020,10145.0,284.0,11713191.0,35.721830985915496
3306305,41151,2021,10935.0,286.0,12508195.0,38.23426573426573
3306305,41151,2022,11354.0,267.0,6133759.0,42.52434456928839
3306305,41151,2023,11805.0,264.0,13341791.0,44.71590909090909
3306305,41155,2015,1801.0,100.0,3158000.0,18.01
3306305,41155,2016,1887.0,106.0,2653107.0,17.80188679245283
3306305,41155,2019,1640.0,113.0,1876012.0,14.513274336283185
3306305,41155,2020,1454.0,106.0,1165326.0,13.716981132075471
3306305,41155,2021,1929.0,99.0,2123443.0,19.484848484848484
3306305,41155,2022,1519.0,111.0,1757296.0,13.684684684684685
3306305,41155,2023,1876.0,115.0,2521541.0,16.31304347826087
3306305,41176,2015,5179.0,99.0,6401849.0,52.313131313131315
3306305,41176,2016,4921.0,100.0,5281469.0,49.21
3306305,41176,2018,5009.0,106.0,5375217.0,47.25471698113208
3306305,41176,2019,4825.0,110.0,6443811.0,43.86363636363637
3306305,41176,2020,4276.0,111.0,6260625.0,38.52252252252252
3306305,41176,2021,5276.0,94.0,3808311.0,56.12765957446808
3306305,41176,2022,4906.0,112.0,5570417.0,43.80357142857143
3306305,41176,2023,5261.0,109.0,10309703.0,48.26605504587156
3306305,41160,2017,1143.0,214.0,919789.0,5.341121495327103
3306305,41160,2018,1211.0,226.0,2370845.0,5.3584070796460175
3306305,41160,2019,1098.0,223.0,1857256.0,4.923766816143497
3306305,41160,2020,1264.0,231.0,2379440.0,5.471861471861472
3306305,41160,2021,1338.0,230.0,2268337.0,5.817391304347826
3306305,41160,2022,1367.0,252.0,2102599.0,5.424603174603175
3306305,41160,2023,1079.0,231.0,2001397.0,4.670995670995671
3300100,41151,2015,11876.0,1154.0,5455160.0,10.291161178509531
3300100,41151,2017,11069.0,1090.0,6184670.0,10.155045871559633
3300100,41151,2018,10319.0,1250.0,8394025.0,8.2552
3300100,41151,2020,11961.0,1184.0,13471567.0,10.102195945945946
3300100,41151,2021,11104.0,1213.0,8902786.0,9.154163231657048
3300100,41151,2022,12508.0,1082.0,11598527.0,11.560073937153419
3300100,41155,2015,426.0,251.0,521067.0,1.697211155378486
3300100,41155,2016,390.0,251.0,386688.0,1.5537848605577689
3300100,41155,2017,422.0,263.0,802852.0,1.6045627376425855
3300100,41155,2018,454.0,250.0,449530.0,1.816
3300100,41155,2019,459.0,259.0,891379.0,1.7722007722007722
3300100,41155,2020,493.0,249.0,759730.0,1.9799196787148594
3300100,41155,2021,395.0,292.0,646051.0,1.3527397260273972
3300100,41155,2022,408.0,249.0,319621.0,1.6385542168674698
3300100,41155,2023,390.0,252.0,721566.0,1.5476190476190477
3300100,41176,2015,5881.0,102.0,7585580.0,57.65686274509804
3300100,41176,2016,6726.0,96.0,4263734.0,70.0625
3300100,41176,2017,7019.0,115.0,13522076.0,61.03478260869565
3300100,41176,2018,7195.0,110.0,7033951.0,65.4090909090909
3300100,41176,2019,6104.0,104.0,5539951.0,58.69230769230769
3300100,41176,2021,7116.0,109.0,7180393.0,65.28440366972477
3300100,41176,2022,5710.0,116.0,5124855.0,49.224137931034484
3300100,41176,2023,7220.0,110.0,10449887.0,65.63636363636364
3300100,41160,2015,844.0,385.0,844385.0,2.192207792207792
3300100,41160,2016,777.0,382.0,1373363.0,2.0340314136125652
3300100,41160,2017,904.0,409.0,1015988.0,2.2102689486552567
3300100,41160,2018,902.0,361.0,679760.0,2.4986149584487536
3300100,41160,2019,809.0,342.0,1563248.0,2.365497076023392
3300100,41160,2020,834.0,343.0,572132.0,2.431486880466472
3300100,41160,2021,724.0,364.0,963945.0,1.989010989010989
3300100,41160,2022,760.0,343.0,500754.0,2.2157434402332363
3205309,41151,2015,18596.0,1673.0,20789699.0,11.115361625821876
3205309,41151,2016,14232.0,1769.0,16256849.0,8.045223289994347
3205309,41151,2017,16240.0,1938.0,12193521.0,8.379772961816306
3205309,41151,2019,14091.0,1762.0,9324285.0,7.9971623155505105
3205309,41151,2020,16818.0,1851.0,16967136.0,9.085899513776337
3205309,41151,2021,17876.0,1811.0,15152527.0,9.87078961899503
3205309,41151,2022,16319.0,1952.0,6583743.0,8.36014344262295
3205309,41151,2023,18538.0,1804.0,14518811.0,10.276053215077605
3205309,41155,2015,1571.0,249.0,1304635.0,6.309236947791165
3205309,41155,2017,1530.0,215.0,1896208.0,7.116279069767442
3205309,41155,2018,1415.0,236.0,2328599.0,5.995762711864407
3205309,41155,2020,1616.0,222.0,1078308.0,7.2792792792792795
3205309,41155,2021,1295.0,247.0,870966.0,5.242914979757085
3205309,41155,2022,1238.0,244.0,2351070.0,5.073770491803279
3205309,41155,2023,1245.0,232.0,1810079.0,5.366379310344827
3205309,41176,2015,5902.0,844.0,,6.992890995260663
3205309,41176,2016,6364.0,897.0,12237761.0,7.0947603121516165
3205309,41176,2017,5031.0,872.0,3914408.0,5.769495412844036
3205309,41176,2018,5499.0,816.0,5489758.0,6.738970588235294
3205309,41176,2020,4684.0,840.0,3692727.0,5.576190476190476
3205309,41176,2021,5277.0,832.0,7276074.0,6.342548076923077
3205309,41176,2022,5559.0,770.0,4789898.0,7.21948051948052
3205309,41176,2023,6426.0,875.0,12169417.0,7.344
3205309,41160,2015,128.0,171.0,165478.0,0.7485380116959064
3205309,41160,2016,139.0,157.0,134749.0,0.8853503184713376
3205309,41160,2017,124.0,165.0,,0.7515151515151515
3205309,41160,2018,138.0,163.0,235410.0,0.8466257668711656
3205309,41160,2019,131.0,167.0,152078.0,0.7844311377245509
3205309,41160,2020,135.0,168.0,240707.0,0.8035714285714286
3205309,41160,2023,149.0,171.0,137511.0,0.8713450292397661
3205002,41151,2015,7407.0,1514.0,4326370.0,4.892338177014531
3205002,41151,2016,7605.0,1447.0,6289575.0,5.255701451278507
3205002,41151,2017,7298.0,1484.0,4955576.0,4.9177897574123985
3205002,41151,2018,6437.0,1466.0,2594089.0,4.390859481582537
3205002,41151,2019,5937.0,1434.0,4979861.0,4.140167364016737
3205002,41151,2020,7968.0,1509.0,7131257.0,5.280318091451292
3205002,41151,2021,6172.0,1455.0,3618177.0,4.24192439862543
3205002,41151,2022,7510.0,1451.0,5922817.0,5.175740868366644
3205002,41151,2023,6139.0,1488.0,6436085.0,4.125672043010753
3205002,41155,2015,731.0,63.0,1338268.0,11.603174603174603
3205002,41155,2017,730.0,60.0,1272997.0,12.166666666666666
3205002,41155,2018,972.0,55.0,979783.0,17.672727272727272
3205002,41155,2019,878.0,61.0,713999.0,14.39344262295082
3205002,41155,2020,758.0,62.0,1473119.0,12.225806451612904
3205002,41155,2021,787.0,65.0,592693.0,12.107692307692307
3205002,41155,2022,968.0,57.0,1878087.0,16.982456140350877
3205002,41176,2015,5814.0,683.0,9218727.0,8.512445095168374
3205002,41176,2018,6273.0,737.0,6790405.0,8.511533242876526
3205002,41176,2020,5714.0,682.0,4810419.0,8.378299120234605
3205002,41176,2021,6193.0,712.0,10587844.0,8.698033707865168
3205002,41176,2022,6881.0,760.0,11475417.0,9.053947368421053
3205002,41176,2023,7064.0,716.0,4729910.0,9.865921787709498
3205002,41160,2015,805.0,169.0,799334.0,4.763313609467455
3205002,41160,2016,997.0,162.0,1528161.0,6.154320987654321
3205002,41160,2017,921.0,175.0,1397046.0,5.2628571428571425
3205002,41160,2019,867.0,175.0,1613945.0,4.954285714285715
3205002,41160,2020,893.0,167.0,1346964.0,5.347305389221557
3205002,41160,2021,980.0,146.0,620625.0,6.712328767123288
3205002,41160,2022,903.0,163.0,1048608.0,5.539877300613497
3205200,41151,2017,13321.0,680.0,7299816.0,19.58970588235294
3205200,41151,2018,11348.0,716.0,10746829.0,15.849162011173185
3205200,41151,2019,12447.0,705.0,12919858.0,17.65531914893617
3205200,41151,2020,10641.0,807.0,7670926.0,13.185873605947956
3205200,41151,2021,11035.0,704.0,10309673.0,15.674715909090908
3205200,41151,2022,12285.0,729.0,7789236.0,16.85185185185185
3205200,41151,2023,12691.0,770.0,11011730.0,16.48181818181818
3205200,41155,2016,762.0,207.0,868207.0,3.681159420289855
3205200,41155,2017,971.0,219.0,1619137.0,4.433789954337899
3205200,41155,2018,715.0,199.0,547646.0,3.592964824120603
3205200,41155,2019,877.0,191.0,1227298.0,4.591623036649215
3205200,41155,2020,877.0,203.0,616754.0,4.320197044334975
3205200,41155,2021,797.0,214.0,1136715.0,3.7242990654205608
3205200,41155,2022,769.0,222.0,1481632.0,3.463963963963964
3205200,41155,2023,859.0,229.0,886494.0,3.7510917030567685
3205200,41176,2015,3945.0,707.0,4389896.0,5.57991513437058
3205200,41176,2016,3293.0,717.0,5512324.0,4.5927475592747555
3205200,41176,2017,3831.0,692.0,2428838.0,5.536127167630058
3205200,41176,2018,3748.0,685.0,6881722.0,5.471532846715329
3205200,41176,2019,3756.0,672.0,7413785.0,5.589285714285714
3205200,41176,2020,3791.0,666.0,5847258.0,5.692192192192192
3205200,41176,2021,4054.0,680.0,3350279.0,5.961764705882353
3205200,41176,2022,3581.0,682.0,5249654.0,5.250733137829912
3205200,41176,2023,3371.0,681.0,,4.95007342143906
3205200,41160,2015,870.0,307.0,943741.0,2.8338762214983713
3205200,41160,2017,952.0,298.0,1388096.0,3.1946308724832213
3205200,41160,2018,1071.0,299.0,1321212.0,3.5819397993311037
3205200,41160,2019,1113.0,281.0,1303681.0,3.96085409252669
3205200,41160,2020,1110.0,277.0,1891807.0,4.007220216606498
3205200,41160,2021,915.0,279.0,611087.0,3.2795698924731185
3205200,41160,2022,975.0,278.0,719507.0,3.5071942446043165
3205200,41160,2023,1056.0,280.0,1714612.0,3.7714285714285714
3201308,41151,2015,9339.0,994.0,7959370.0,9.395372233400403
3201308,41151,2016,8080.0,947.0,8074093.0,8.532206969376979
3201308,41151,2017,7103.0,972.0,4301458.0,7.30761316872428
3201308,41151,2018,8226.0,1001.0,5693601.0,8.217782217782219
3201308,41151,2019,7533.0,1041.0,6201685.0,7.236311239193084
3201308,41151,2020,9223.0,1008.0,5604202.0,9.149801587301587
3201308,41151,2021,9289.0,1071.0,7085794.0,8.673202614379084
3201308,41151,2022,9104.0,1050.0,6666121.0,8.67047619047619
3201308,41151,2023,8138.0,1119.0,,7.272564789991064
3201308,41155,2015,309.0,160.0,392108.0,1.93125
3201308,41155,2016,347.0,157.0,348445.0,2.210191082802548
3201308,41155,2017,304.0,141.0,275356.0,2.1560283687943262
3201308,41155,2018,323.0,140.0,497200.0,2.307142857142857
3201308,41155,2020,312.0,152.0,581365.0,2.0526315789473686
3201308,41155,2021,258.0,151.0,330495.0,1.7086092715231789
3201308,41155,2022,331.0,152.0,282533.0,2.1776315789473686
3201308,41155,2023,319.0,149.0,217146.0,2.140939597315436
3201308,41176,2015,5912.0,736.0,8043290.0,8.032608695652174
3201308,41176,2016,5787.0,740.0,9115292.0,7.82027027027027
3201308,41176,2017,7068.0,806.0,11455373.0,8.76923076923077
3201308,41176,2018,6861.0,793.0,9882408.0,8.651954602774275
3201308,41176,2019,6784.0,787.0,7259234.0,8.620076238881829
3201308,41176,2020,7759.0,864.0,4757651.0,8.980324074074074
3201308,41176,2021,6278.0,859.0,4599250.0,7.308498253783469
3201308,41176,2022,7406.0,793.0,6289263.0,9.33921815889029
3201308,41176,2023,6657.0,811.0,4656190.0,8.208384710234279
3201308,41160,2015,1118.0,351.0,2154233.0,3.185185185185185
3201308,41160,2016,1276.0,348.0,1102381.0,3.6666666666666665
3201308,41160,2017,1274.0,322.0,2258305.0,3.9565217391304346
3201308,41160,2019,1237.0,329.0,1945531.0,3.7598784194528876
3201308,41160,2020,1418.0,322.0,1807327.0,4.403726708074534
3201308,41160,2021,1426.0,376.0,1066901.0,3.7925531914893615
3201308,41160,2022,1470.0,318.0,2402973.0,4.622641509433962
3201308,41160,2023,1172.0,379.0,2046851.0,3.0923482849604222
3201209,41151,2015,17390.0,1028.0,11936600.0,16.91634241245136
3201209,41151,2016,17889.0,952.0,7910104.0,18.790966386554622
3201209,41151,2017,20507.0,1064.0,18403184.0,19.273496240601503
3201209,41151,2018,19278.0,935.0,11991920.0,20.618181818181817
3201209,41151,2019,16612.0,1005.0,16962843.0,16.529353233830847
3201209,41151,2020,16344.0,1085.0,9359131.0,15.063594470046082
3201209,41151,2021,20232.0,932.0,18724510.0,21.70815450643777
3201209,41151,2022,17008.0,942.0,18382028.0,18.0552016985138
3201209,41151,2023,20965.0,920.0,19685453.0,22.78804347826087
3201209,41155,2015,1699.0,347.0,1709644.0,4.8962536023054755
3201209,41155,2016,2262.0,297.0,3552195.0,7.616161616161616
3201209,41155,2017,1897.0,341.0,3629287.0,5.563049853372434
3201209,41155,2018,1849.0,360.0,1130275.0,5.136111111111111
3201209,41155,2020,2038.0,298.0,3817210.0,6.8389261744966445
3201209,41155,2021,2044.0,316.0,2140752.0,6.468354430379747
3201209,41155,2022,1747.0,326.0,2787469.0,5.358895705521473
3201209,41155,2023,1998.0,310.0,2701622.0,6.445161290322581
3201209,41176,2015,7020.0,267.0,10316283.0,26.292134831460675
3201209,41176,2016,6326.0,288.0,9759035.0,21.96527777777778
3201209,41176,2017,6818.0,302.0,13180426.0,22.576158940397352
3201209,41176,2018,6639.0,302.0,10783838.0,21.983443708609272
3201209,41176,2019,7281.0,276.0,13988892.0,26.380434782608695
3201209,41176,2020,7488.0,267.0,13528991.0,28.04494382022472
3201209,41176,2021,7047.0,288.0,6911494.0,24.46875
3201209,41176,2022,6933.0,314.0,10032528.0,22.079617834394906
3201209,41176,2023,6714.0,285.0,6459270.0,23.557894736842105
3201209,41160,2015,1262.0,325.0,1655898.0,3.883076923076923
3201209,41160,2016,1289.0,342.0,2510997.0,3.7690058479532165
3201209,41160,2017,1418.0,348.0,2544875.0,4.074712643678161
3201209,41160,2018,1481.0,359.0,2771630.0,4.125348189415042
3201209,41160,2019,1526.0,381.0,1872773.0,4.005249343832021
3201209,41160,2021,1358.0,366.0,1158350.0,3.710382513661202
3201209,41160,2022,1303.0,352.0,815815.0,3.7017045454545454
3201209,41160,2023,1453.0,344.0,2310812.0,4.223837209302325
3203205,41151,2015,10746.0,556.0,8352899.0,19.327338129496404
3203205,41151,2016,11267.0,602.0,7485239.0,18.71594684385382
3203205,41151,2017,9774.0,591.0,9817552.0,16.538071065989847
3203205,41151,2018,9522.0,592.0,7749398.0,16.08445945945946
3203205,41151,2019,10350.0,529.0,8380593.0,19.565217391304348
3203205,41151,2020,8661.0,569.0,6079138.0,15.221441124780316
3203205,41151,2021,10259.0,564.0,7131018.0,18.18971631205674
3203205,41151,2022,9724.0,608.0,6902416.0,15.993421052631579
3203205,41151,2023,10378.0,531.0,9092235.0,19.544256120527308
3203205,41155,2015,274.0,355.0,239653.0,0.7718309859154929
3203205,41155,2016,271.0,349.0,480612.0,0.7765042979942693
3203205,41155,2017,284.0,319.0,224435.0,0.890282131661442
3203205,41155,2018,360.0,328.0,662783.0,1.0975609756097562
3203205,41155,2019,330.0,336.0,498329.0,0.9821428571428571
3203205,41155,2020,286.0,341.0,486799.0,0.8387096774193549
3203205,41155,2021,315.0,328.0,313094.0,0.9603658536585366
3203205,41155,2022,275.0,331.0,300031.0,0.8308157099697885
3203205,41176,2015,3778.0,502.0,3060260.0,7.52589641434263
3203205,41176,2016,3696.0,496.0,4108620.0,7.451612903225806
3203205,41176,2017,3818.0,435.0,5944448.0,8.777011494252873
3203205,41176,2018,3865.0,515.0,5406624.0,7.504854368932039
3203205,41176,2019,4118.0,512.0,2919313.0,8.04296875
3203205,41176,2020,3671.0,440.0,5017030.0,8.343181818181819
3203205,41176,2021,3624.0,473.0,3757154.0,7.661733615221987
3203205,41176,2022,3791.0,479.0,2274918.0,7.914405010438413
3203205,41176,2023,4331.0,485.0,3491503.0,8.929896907216495
3203205,41160,2015,1294.0,351.0,1897461.0,3.6866096866096867
3203205,41160,2017,1364.0,327.0,1115468.0,4.17125382262997
3203205,41160,2018,1143.0,348.0,1407597.0,3.2844827586206895
3203205,41160,2019,1349.0,326.0,,4.138036809815951
3203205,41160,2020,1174.0,380.0,1931026.0,3.0894736842105264
3203205,41160,2021,1497.0,384.0,2024211.0,3.8984375
3203205,41160,2022,1508.0,348.0,1106445.0,4.333333333333333
3203205,41160,2023,1191.0,350.0,1040735.0,3.402857142857143
3201506,41151,2015,9133.0,1554.0,6317697.0,5.877091377091377
3201506,41151,2016,8798.0,1342.0,7582724.0,6.555886736214605
3201506,41151,2017,7143.0,1619.0,8452775.0,4.4119827053736875
3201506,41151,2018,7898.0,1548.0,4282703.0,5.102067183462532
3201506,41151,2019,9182.0,1352.0,10221612.0,6.791420118343195
3201506,41151,2020,7371.0,1439.0,4476353.0,5.122307157748437
3201506,41151,2021,8281.0,1434.0,6381737.0,5.774755927475593
3201506,41151,2022,6963.0,1344.0,4536504.0,5.180803571428571
3201506,41151,2023,6928.0,1399.0,4613162.0,4.952108649035025
3201506,41155,2015,155.0,141.0,95227.0,1.099290780141844
3201506,41155,2016,204.0,144.0,297733.0,1.4166666666666667
3201506,41155,2017,177.0,154.0,181884.0,1.1493506493506493
3201506,41155,2018,187.0,136.0,357967.0,1.375
3201506,41155,2019,170.0,134.0,249113.0,1.2686567164179106
3201506,41155,2020,174.0,151.0,272489.0,1.1523178807947019
3201506,41155,2021,183.0,136.0,279956.0,1.3455882352941178
3201506,41155,2022,206.0,136.0,147744.0,1.5147058823529411
3201506,41155,2023,201.0,149.0,227942.0,1.348993288590604
3201506,41176,2015,6908.0,169.0,9644841.0,40.875739644970416
3201506,41176,2016,6381.0,197.0,8753299.0,32.390862944162436
3201506,41176,2017,7354.0,194.0,13810934.0,37.90721649484536
3201506,41176,2018,6515.0,204.0,5229246.0,31.936274509803923
3201506,41176,2019,6765.0,188.0,12824462.0,35.984042553191486
3201506,41176,2021,5982.0,187.0,7367534.0,31.989304812834224
3201506,41176,2022,5406.0,201.0,8046236.0,26.895522388059703
3201506,41176,2023,5782.0,172.0,6617500.0,33.616279069767444
3201506,41160,2015,1371.0,306.0,2511813.0,4.480392156862745
3201506,41160,2016,1037.0,303.0,2014449.0,3.4224422442244222
3201506,41160,2017,1043.0,285.0,1687242.0,3.6596491228070174
3201506,41160,2018,1269.0,306.0,2328729.0,4.147058823529412
3201506,41160,2019,1137.0,326.0,1844653.0,3.4877300613496933
3201506,41160,2020,1228.0,337.0,1715949.0,3.6439169139465877
3201506,41160,2021,1295.0,338.0,1200078.0,3.831360946745562
3201506,41160,2022,1169.0,292.0,793533.0,4.0034246575342465
3201506,41160,2023,1325.0,294.0,1742038.0,4.506802721088436
3202405,41151,2015,12787.0,909.0,14228544.0,14.067106710671068
3202405,41151,2016,10711.0,1057.0,10427408.0,10.133396404919583
3202405,41151,2017,10910.0,965.0,8814871.0,11.305699481865284
3202405,41151,2018,13640.0,1005.0,10937990.0,13.572139303482587
3202405,41151,2019,11142.0,935.0,7357764.0,11.916577540106951
3202405,41151,2020,13762.0,943.0,9298850.0,14.593849416755036
3202405,41151,2021,12003.0,985.0,9192896.0,12.185786802030456
3202405,41151,2022,11600.0,1053.0,13256894.0,11.016144349477683
3202405,41151,2023,12506.0,976.0,7575353.0,12.813524590163935
3202405,41155,2015,1683.0,407.0,2450327.0,4.135135135135135
3202405,41155,2016,1467.0,412.0,1601006.0,3.5606796116504853
3202405,41155,2017,1460.0,397.0,1544962.0,3.677581863979849
3202405,41155,2018,1596.0,381.0,2622468.0,4.188976377952756
3202405,41155,2020,1458.0,340.0,1291166.0,4.288235294117647
3202405,41155,2021,1685.0,358.0,2885368.0,4.706703910614525
3202405,41155,2022,1585.0,371.0,985999.0,4.272237196765499
3202405,41155,2023,1918.0,410.0,3365272.0,4.678048780487805
3202405,41176,2015,2960.0,940.0,5309033.0,3.148936170212766
3202405,41176,2016,3615.0,840.0,4418348.0,4.303571428571429
3202405,41176,2017,3785.0,932.0,7301084.0,4.0611587982832615
3202405,41176,2018,3334.0,929.0,5144390.0,3.588805166846071
3202405,41176,2019,2935.0,825.0,5633292.0,3.5575757575757576
3202405,41176,2020,3215.0,885.0,5674712.0,3.632768361581921
3202405,41176,2021,3347.0,797.0,4373931.0,4.199498117942284
3202405,41176,2022,3059.0,917.0,4422156.0,3.33587786259542
3202405,41176,2023,2930.0,911.0,4875331.0,3.216245883644347
3202405,41160,2015,964.0,220.0,1790192.0,4.381818181818182
3202405,41160,2016,1071.0,235.0,1101292.0,4.5574468085106385
3202405,41160,2017,974.0,231.0,1880841.0,4.216450216450217
3202405,41160,2018,999.0,249.0,1569935.0,4.0120481927710845
3202405,41160,2019,1165.0,236.0,878067.0,4.936440677966102
3202405,41160,2020,1041.0,218.0,1591165.0,4.775229357798165
3202405,41160,2021,1148.0,227.0,1493173.0,5.057268722466961
3202405,41160,2022,999.0,210.0,1346206.0,4.757142857142857
3204906,41151,2016,13620.0,1292.0,13875101.0,10.541795665634675
3204906,41151,2018,12832.0,1308.0,11637069.0,9.81039755351682
3204906,41151,2019,13697.0,1241.0,16153621.0,11.037066881547139
3204906,41151,2021,12895.0,1168.0,,11.040239726027398
3204906,41151,2022,12206.0,1083.0,8624443.0,11.270544783010157
3204906,41151,2023,12850.0,1301.0,8353539.0,9.877017678708686
3204906,41155,2015,1372.0,180.0,2596764.0,7.622222222222222
3204906,41155,2017,1115.0,158.0,1502540.0,7.056962025316456
3204906,41155,2019,1360.0,187.0,1247657.0,7.2727272727272725
3204906,41155,2023,1511.0,168.0,2803958.0,8.994047619047619
3204906,41176,2015,8809.0,620.0,10578110.0,14.208064516129033
3204906,41176,2016,8651.0,565.0,12779881.0,15.31150442477876
3204906,41176,2017,7849.0,635.0,10946625.0,12.360629921259843
3204906,41176,2018,8538.0,595.0,16642828.0,14.349579831932774
3204906,41176,2019,8354.0,595.0,8362139.0,14.040336134453781
3204906,41176,2021,7462.0,563.0,10250278.0,13.253996447602132
3204906,41176,2022,8446.0,619.0,14294450.0,13.644588045234249
3204906,41176,2023,8314.0,576.0,16000842.0,14.434027777777779
3204906,41160,2017,2272.0,93.0,,24.43010752688172
3204906,41160,2018,2186.0,101.0,1879432.0,21.643564356435643
3204906,41160,2019,2009.0,102.0,1495036.0,19.69607843137255
3204906,41160,2020,1897.0,94.0,2010647.0,20.180851063829788
3204906,41160,2021,1906.0,95.0,,20.063157894736843
3204906,41160,2022,2160.0,89.0,,24.269662921348313
3204906,41160,2023,2073.0,91.0,4033766.0,22.78021978021978
3200607,41151,2015,18060.0,443.0,9278527.0,40.76749435665914
3200607,41151,2016,22860.0,369.0,13697130.0,61.951219512195124
3200607,41151,2017,22034.0,374.0,,58.9144385026738
3200607,41151,2018,22013.0,405.0,11298208.0,54.35308641975308
3200607,41151,2019,21774.0,430.0,,50.63720930232558
3200607,41151,2020,22084.0,432.0,17314173.0,51.120370370370374
3200607,41151,2021,17631.0,434.0,17411030.0,40.62442396313364
3200607,41151,2022,18071.0,409.0,12543346.0,44.183374083129586
3200607,41151,2023,19048.0,424.0,16806401.0,44.924528301886795
3200607,41155,2015,163.0,223.0,110803.0,0.7309417040358744
3200607,41155,2016,159.0,246.0,151800.0,0.6463414634146342
3200607,41155,2017,165.0,228.0,125635.0,0.7236842105263158
3200607,41155,2018,188.0,203.0,186447.0,0.9261083743842364
3200607,41155,2019,180.0,233.0,276410.0,0.7725321888412017
3200607,41155,2020,153.0,215.0,261284.0,0.7116279069767442
3200607,41155,2022,173.0,235.0,341935.0,0.7361702127659574
3200607,41155,2023,142.0,218.0,142754.0,0.6513761467889908
3200607,41176,2015,7824.0,665.0,9922761.0,11.765413533834586
3200607,41176,2016,7049.0,745.0,7802398.0,9.461744966442954
3200607,41176,2017,7201.0,646.0,11207441.0,11.147058823529411
3200607,41176,2018,6601.0,625.0,8650339.0,10.5616
3200607,41176,2019,7148.0,723.0,11583186.0,9.8865836791148
3200607,41176,2020,7352.0,752.0,12457985.0,9.77659574468085
3200607,41176,2021,7161.0,675.0,4706440.0,10.608888888888888
3200607,41176,2022,7298.0,705.0,13363210.0,10.35177304964539
3200607,41176,2023,7158.0,656.0,7878284.0,10.911585365853659
3200607,41160,2015,1388.0,367.0,1151413.0,3.782016348773842
3200607,41160,2018,1198.0,413.0,1260734.0,2.900726392251816
3200607,41160,2019,1356.0,348.0,1539814.0,3.896551724137931
3200607,41160,2020,1214.0,418.0,1145497.0,2.9043062200956937
3200607,41160,2021,1126.0,373.0,,3.0187667560321714
5103403,41151,2015,2981.0,1278.0,2674391.0,2.332550860719875
5103403,41151,2016,3618.0,1202.0,1828446.0,3.009983361064892
5103403,41151,2017,3510.0,1261.0,3368667.0,2.783505154639175
5103403,41151,2020,3329.0,1084.0,3832336.0,3.071033210332103
5103403,41151,2021,3956.0,1151.0,2742533.0,3.437011294526499
5103403,41151,2022,3738.0,1078.0,4150812.0,3.4675324675324677
5103403,41155,2015,1629.0,254.0,2726625.0,6.413385826771654
5103403,41155,2016,2194.0,253.0,2831962.0,8.671936758893281
5103403,41155,2017,1859.0,267.0,3365161.0,6.962546816479401
5103403,41155,2018,1761.0,261.0,1900360.0,6.747126436781609
5103403,41155,2019,1661.0,249.0,2413476.0,6.670682730923695
5103403,41155,2020,1949.0,230.0,3484305.0,8.47391304347826
5103403,41155,2021,2195.0,250.0,1328526.0,8.78
5103403,41155,2022,1695.0,273.0,1832531.0,6.208791208791209
5103403,41176,2015,6675.0,627.0,6833768.0,10.645933014354068
5103403,41176,2016,7767.0,614.0,10997710.0,12.649837133550488
5103403,41176,2017,7498.0,539.0,11354891.0,13.910946196660483
5103403,41176,2018,8027.0,569.0,13687361.0,14.107205623901582
5103403,41176,2019,7352.0,558.0,7543305.0,13.175627240143369
5103403,41176,2020,7001.0,558.0,8180954.0,12.546594982078853
5103403,41176,2021,7823.0,590.0,10951387.0,13.259322033898306
5103403,41176,2022,6195.0,573.0,11211720.0,10.811518324607329
5103403,41176,2023,6059.0,599.0,7731895.0,10.115191986644408
5103403,41160,2016,1427.0,127.0,2803140.0,11.236220472440944
5103403,41160,2017,1349.0,119.0,2357281.0,11.336134453781513
5103403,41160,2018,1579.0,126.0,2890079.0,12.531746031746032
5103403,41160,2019,1784.0,122.0,3530666.0,14.62295081967213
5103403,41160,2020,1711.0,131.0,2577335.0,13.061068702290076
5103403,41160,2023,1581.0,124.0,2356665.0,12.75
5108402,41151,2016,12538.0,465.0,7508599.0,26.963440860215055
5108402,41151,2017,10788.0,542.0,11318120.0,19.904059040590408
5108402,41151,2018,11296.0,506.0,7023189.0,22.324110671936758
5108402,41151,2019,11706.0,465.0,9072710.0,25.174193548387098
5108402,41151,2020,9589.0,470.0,3986675.0,20.402127659574468
5108402,41151,2021,9417.0,546.0,6954270.0,17.247252747252748
5108402,41151,2022,11507.0,501.0,6359941.0,22.968063872255488
5108402,41151,2023,9496.0,453.0,,20.962472406181014
5108402,41155,2017,868.0,201.0,1508772.0,4.318407960199005
5108402,41155,2018,838.0,216.0,1190744.0,3.8796296296296298
5108402,41155,2019,801.0,226.0,1298354.0,3.5442477876106193
5108402,41155,2020,945.0,199.0,1482524.0,4.748743718592965
5108402,41155,2021,823.0,204.0,1598520.0,4.034313725490196
5108402,41155,2022,823.0,226.0,648342.0,3.6415929203539825
5108402,41176,2015,756.0,381.0,1048819.0,1.984251968503937
5108402,41176,2016,957.0,380.0,1493086.0,2.518421052631579
5108402,41176,2017,878.0,365.0,623473.0,2.4054794520547946
5108402,41176,2019,935.0,427.0,1420284.0,2.189695550351288
5108402,41176,2020,910.0,414.0,658870.0,2.1980676328502415
5108402,41176,2021,888.0,408.0,1007465.0,2.176470588235294
5108402,41176,2022,859.0,357.0,,2.4061624649859943
5108402,41176,2023,900.0,431.0,905882.0,2.0881670533642693
5108402,41160,2016,1272.0,166.0,2523780.0,7.662650602409639
5108402,41160,2017,1139.0,176.0,1098334.0,6.471590909090909
5108402,41160,2018,1142.0,159.0,2073593.0,7.182389937106918
5108402,41160,2019,999.0,169.0,1712133.0,5.911242603550296
5108402,41160,2020,1001.0,168.0,1215668.0,5.958333333333333
5108402,41160,2021,1349.0,161.0,2241755.0,8.378881987577639
5108402,41160,2022,1240.0,150.0,1603544.0,8.266666666666667
5108402,41160,2023,1090.0,163.0,888544.0,6.6871165644171775
5107602,41151,2015,10042.0,918.0,12024593.0,10.938997821350762
5107602,41151,2016,10883.0,964.0,11692094.0,11.28941908713693
5107602,41151,2018,9024.0,904.0,5710745.0,9.982300884955752
5107602,41151,2019,11326.0,928.0,5494075.0,12.204741379310345
5107602,41151,2020,11545.0,828.0,10336905.0,13.943236714975846
5107602,41151,2022,9707.0,970.0,4185293.0,10.00721649484536
5107602,41151,2023,10175.0,918.0,8291868.0,11.083877995642702
5107602,41155,2016,1750.0,308.0,2405646.0,5.681818181818182
5107602,41155,2017,1536.0,283.0,1223806.0,5.427561837455831
5107602,41155,2018,1596.0,287.0,1281024.0,5.560975609756097
5107602,41155,2022,1476.0,294.0,2808755.0,5.020408163265306
5107602,41155,2023,1880.0,327.0,2748360.0,5.749235474006116
5107602,41176,2015,8474.0,403.0,11635617.0,21.027295285359802
5107602,41176,2016,6849.0,432.0,9053940.0,15.854166666666666
5107602,41176,2017,9045.0,397.0,6515053.0,22.783375314861463
5107602,41176,2020,6878.0,436.0,7532527.0,15.775229357798166
5107602,41176,2021,7452.0,450.0,10727160.0,16.56
5107602,41176,2023,9029.0,390.0,6764162.0,23.151282051282053
5107602,41160,2017,1193.0,258.0,1393978.0,4.624031007751938
5107602,41160,2018,1359.0,246.0,932282.0,5.524390243902439
5107602,41160,2020,1187.0,264.0,1385706.0,4.496212121212121
5107602,41160,2021,1527.0,254.0,2946434.0,6.011811023622047
5107909,41151,2015,14339.0,870.0,8939690.0,16.4816091954023
5107909,41151,2016,14907.0,959.0,10423279.0,15.544316996871741
5107909,41151,2018,12394.0,867.0,8407927.0,14.295271049596309
5107909,41151,2019,12694.0,813.0,9692427.0,15.613776137761377
5107909,41151,2020,12904.0,922.0,6733167.0,13.995661605206074
5107909,41151,2021,12358.0,853.0,11480621.0,14.487690504103165
5107909,41151,2022,13563.0,841.0,6274144.0,16.127229488703925
5107909,41155,2015,792.0,264.0,1270318.0,3.0
5107909,41155,2016,687.0,307.0,1133660.0,2.237785016286645
5107909,41155,2017,644.0,311.0,983819.0,2.0707395498392285
5107909,41155,2018,819.0,271.0,643118.0,3.022140221402214
5107909,41155,2019,826.0,312.0,914350.0,2.6474358974358974
5107909,41155,2020,684.0,313.0,417187.0,2.1853035143769968
5107909,41155,2021,654.0,304.0,780735.0,2.151315789473684
5107909,41155,2022,881.0,300.0,1301694.0,2.9366666666666665
5107909,41155,2023,808.0,289.0,643090.0,2.795847750865052
5107909,41176,2015,6188.0,157.0,11420076.0,39.4140127388535
5107909,41176,2016,5176.0,138.0,7926706.0,37.507246376811594
5107909,41176,2017,5226.0,166.0,9399011.0,31.481927710843372
5107909,41176,2018,5029.0,166.0,8453447.0,30.295180722891565
5107909,41176,2019,5747.0,166.0,10061424.0,34.62048192771084
5107909,41176,2020,6307.0,141.0,7434969.0,44.730496453900706
5107909,41176,2021,5359.0,155.0,7649848.0,34.57419354838709
5107909,41176,2022,6220.0,157.0,9940952.0,39.617834394904456
5107909,41176,2023,5049.0,163.0,8719914.0,30.975460122699385
5107909,41160,2015,1358.0,187.0,1424853.0,7.262032085561497
5107909,41160,2016,1209.0,175.0,1605951.0,6.908571428571428
5107909,41160,2017,1411.0,180.0,1069752.0,7.838888888888889
5107909,41160,2019,1388.0,193.0,941203.0,7.191709844559585
5107909,41160,2020,1496.0,166.0,,9.012048192771084
5107909,41160,2021,1507.0,181.0,1149421.0,8.32596685082873
5107909,41160,2022,1181.0,183.0,828405.0,6.453551912568306
5107909,41160,2023,1506.0,181.0,1383004.0,8.320441988950277
5107958,41151,2015,17717.0,2048.0,8042781.0,8.65087890625
5107958,41151,2016,14878.0,1938.0,,7.676986584107327
5107958,41151,2017,19865.0,1904.0,18322459.0,10.433298319327731
5107958,41151,2019,15286.0,2126.0,13797493.0,7.19002822201317
5107958,41151,2020,19321.0,2062.0,8336090.0,9.370029097963142
5107958,41155,2016,1521.0,226.0,1186912.0,6.730088495575221
5107958,41155,2017,1377.0,200.0,1447411.0,6.885
5107958,41155,2018,1295.0,201.0,2262345.0,6.442786069651741
5107958,41155,2019,1369.0,220.0,2449399.0,6.222727272727273
5107958,41155,2020,1228.0,231.0,2085614.0,5.316017316017316
5107958,41155,2021,1266.0,195.0,,6.492307692307692
5107958,41155,2023,1321.0,223.0,1698438.0,5.923766816143497
5107958,41176,2015,5025.0,214.0,3057710.0,23.481308411214954
5107958,41176,2016,5741.0,213.0,9222185.0,26.953051643192488
5107958,41176,2017,4935.0,216.0,7525492.0,22.84722222222222
5107958,41176,2018,5305.0,229.0,5442001.0,23.16593886462882
5107958,41176,2020,4693.0,214.0,4981417.0,21.929906542056074
5107958,41176,2021,5286.0,234.0,7155256.0,22.58974358974359
5107958,41176,2022,6203.0,209.0,11611186.0,29.679425837320576
5107958,41176,2023,5545.0,214.0,7546722.0,25.911214953271028
5107958,41160,2015,1308.0,168.0,2542064.0,7.785714285714286
5107958,41160,2016,1472.0,157.0,1721461.0,9.375796178343949
5107958,41160,2019,1398.0,174.0,1536825.0,8.03448275862069
5107958,41160,2020,1299.0,175.0,1084718.0,7.422857142857143
5107958,41160,2021,1171.0,175.0,1023524.0,6.691428571428571
5107958,41160,2023,1254.0,172.0,1813305.0,7.290697674418604
5102504,41151,2015,11523.0,1478.0,11828550.0,7.796346414073072
5102504,41151,2016,12620.0,1749.0,6517309.0,7.215551743853631
5102504,41151,2017,11984.0,1496.0,12204199.0,8.010695187165775
5102504,41151,2019,13653.0,1674.0,8707216.0,8.155913978494624
5102504,41151,2020,11196.0,1498.0,13103894.0,7.473965287049399
5102504,41151,2021,12479.0,1763.0,7834907.0,7.078275666477595
5102504,41151,2022,11512.0,1766.0,11361200.0,6.5186862967157415
5102504,41151,2023,11273.0,1666.0,10918021.0,6.766506602641057
5102504,41155,2015,994.0,227.0,1302474.0,4.378854625550661
5102504,41155,2016,854.0,234.0,882354.0,3.6495726495726495
5102504,41155,2017,899.0,259.0,1360201.0,3.471042471042471
5102504,41155,2018,1128.0,242.0,,4.661157024793388
5102504,41155,2019,1019.0,219.0,,4.65296803652968
5102504,41155,2020,1021.0,228.0,1976155.0,4.478070175438597
5102504,41155,2021,1141.0,256.0,1776225.0,4.45703125
5102504,41155,2022,938.0,218.0,1381014.0,4.302752293577981
5102504,41155,2023,917.0,235.0,,3.902127659574468
5102504,41176,2016,3472.0,434.0,6637856.0,8.0
5102504,41176,2017,3173.0,456.0,3011158.0,6.958333333333333
5102504,41176,2018,3899.0,482.0,4113050.0,8.089211618257261
5102504,41176,2019,4122.0,465.0,6260086.0,8.864516129032259
5102504,41176,2020,3275.0,407.0,3141831.0,8.046683046683047
5102504,41176,2021,3460.0,470.0,4152641.0,7.361702127659575
5102504,41176,2022,3908.0,427.0,3093798.0,9.152224824355972
5102504,41176,2023,3942.0,409.0,5232484.0,9.638141809290953
5102504,41160,2016,1908.0,119.0,2367973.0,16.03361344537815
5102504,41160,2018,1862.0,131.0,3495551.0,14.213740458015268
5102504,41160,2019,1913.0,115.0,3115451.0,16.63478260869565
5102504,41160,2021,2019.0,131.0,1567334.0,15.412213740458014
5102504,41160,2022,1968.0,117.0,2890243.0,16.82051282051282
5102504,41160,2023,1832.0,113.0,2125708.0,16.212389380530972
5107925,41151,2015,3553.0,550.0,1571892.0,6.46
5107925,41151,2016,3932.0,517.0,2857311.0,7.605415860735009
5107925,41151,2017,3559.0,577.0,2178875.0,6.168110918544194
5107925,41151,2018,3600.0,536.0,2781436.0,6.7164179104477615
5107925,41151,2019,4015.0,563.0,2481541.0,7.131438721136767
5107925,41151,2020,3568.0,503.0,3182147.0,7.093439363817097
5107925,41151,2021,3673.0,574.0,1869794.0,6.398954703832753
5107925,41155,2015,1200.0,354.0,962499.0,3.389830508474576
5107925,41155,2016,998.0,348.0,1103138.0,2.867816091954023
5107925,41155,2017,935.0,352.0,,2.65625
5107925,41155,2018,947.0,310.0,1250239.0,3.054838709677419
5107925,41155,2020,1037.0,341.0,1172878.0,3.0410557184750733
5107925,41155,2023,1072.0,357.0,2039379.0,3.0028011204481793
5107925,41176,2015,2191.0,729.0,4088962.0,3.0054869684499312
5107925,41176,2016,2165.0,709.0,1996336.0,3.0535966149506346
5107925,41176,2017,1783.0,772.0,1934854.0,2.3095854922279795
5107925,41176,2018,1727.0,701.0,2014111.0,2.463623395149786
5107925,41176,2019,2119.0,785.0,1547043.0,2.699363057324841
5107925,41176,2020,1768.0,725.0,2109662.0,2.4386206896551723
5107925,41176,2023,1795.0,750.0,2372471.0,2.3933333333333335
5107925,41160,2015,185.0,375.0,196651.0,0.49333333333333335
5107925,41160,2016,178.0,366.0,216789.0,0.48633879781420764
5107925,41160,2017,207.0,384.0,325026.0,0.5390625
5107925,41160,2018,198.0,434.0,207921.0,0.45622119815668205
5107925,41160,2019,194.0,372.0,338768.0,0.521505376344086
5107925,41160,2020,163.0,415.0,299699.0,0.3927710843373494
5107925,41160,2021,194.0,429.0,118749.0,0.4522144522144522
5107925,41160,2022,219.0,393.0,374130.0,0.5572519083969466
5107925,41160,2023,211.0,377.0,413652.0,0.5596816976127321
5105259,41151,2015,6259.0,1382.0,3022814.0,4.528943560057887
5105259,41151,2016,5888.0,1375.0,4512615.0,4.282181818181818
5105259,41151,2017,7555.0,1305.0,5717710.0,5.789272030651341
5105259,41151,2018,7017.0,1406.0,5394805.0,4.990753911806544
5105259,41151,2019,6364.0,1274.0,3959094.0,4.995290423861852
5105259,41151,2020,7244.0,1314.0,8662207.0,5.512937595129376
5105259,41151,2021,6448.0,1532.0,7675034.0,4.2088772845953
5105259,41151,2022,6049.0,1333.0,7149695.0,4.5378844711177795
5105259,41151,2023,6485.0,1288.0,7196206.0,5.034937888198757
5105259,41155,2015,2257.0,156.0,4330394.0,14.467948717948717
5105259,41155,2016,1896.0,162.0,2143000.0,11.703703703703704
5105259,41155,2017,1828.0,169.0,2824739.0,10.816568047337277
5105259,41155,2018,1960.0,177.0,1956033.0,11.073446327683616
5105259,41155,2019,1757.0,176.0,1570037.0,9.982954545454545
5105259,41155,2020,2186.0,156.0,2520742.0,14.012820512820513
5105259,41155,2021,2025.0,167.0,2217567.0,12.125748502994012
5105259,41155,2022,2249.0,178.0,1903618.0,12.634831460674157
5105259,41155,2023,1972.0,156.0,3737840.0,12.64102564102564
5105259,41176,2015,6115.0,417.0,5007247.0,14.664268585131895
5105259,41176,2016,5823.0,381.0,5289071.0,15.283464566929133
5105259,41176,2017,7486.0,438.0,6247978.0,17.091324200913242
5105259,41176,2018,6694.0,399.0,11397922.0,16.776942355889723
5105259,41176,2019,7285.0,440.0,6269570.0,16.556818181818183
5105259,41176,2020,6265.0,375.0,12476859.0,16.706666666666667
5105259,41176,2021,7376.0,409.0,11301310.0,18.034229828850854
5105259,41176,2022,7406.0,455.0,11745368.0,16.276923076923076
5105259,41176,2023,7633.0,446.0,9419752.0,17.114349775784753
5105259,41160,2015,834.0,318.0,647315.0,2.6226415094339623
5105259,41160,2017,799.0,334.0,938635.0,2.3922155688622753
5105259,41160,2018,949.0,382.0,1431978.0,2.4842931937172774
5105259,41160,2019,724.0,369.0,861455.0,1.962059620596206
5105259,41160,2020,935.0,382.0,1010340.0,2.4476439790575917
5105259,41160,2021,777.0,360.0,1009513.0,2.158333333333333
5105259,41160,2022,750.0,352.0,796809.0,2.1306818181818183
5105259,41160,2023,938.0,376.0,876854.0,2.49468085106383
5107040,41151,2015,5860.0,1060.0,2456650.0,5.528301886792453
5107040,41151,2017,5591.0,1004.0,3828062.0,5.568725099601593
5107040,41151,2018,5374.0,1099.0,6219419.0,4.889899909008189
5107040,41151,2019,6126.0,961.0,5566759.0,6.374609781477628
5107040,41151,2020,5951.0,1037.0,5275694.0,5.738669238187078
5107040,41151,2021,6023.0,1061.0,5147718.0,5.676720075400565
5107040,41151,2022,6629.0,1103.0,4702467.0,6.009972801450589
5107040,41151,2023,7126.0,1135.0,7967270.0,6.2784140969163
5107040,41155,2015,2116.0,361.0,4033603.0,5.861495844875346
5107040,41155,2016,2042.0,355.0,3083738.0,5.752112676056338
5107040,41155,2017,2123.0,388.0,3385644.0,5.471649484536083
5107040,41155,2018,1858.0,380.0,2735246.0,4.889473684210526
5107040,41155,2019,2149.0,364.0,3482012.0,5.903846153846154
5107040,41155,2020,2174.0,418.0,2174050.0,5.2009569377990434
5107040,41155,2021,1962.0,411.0,1237772.0,4.773722627737226
5107040,41155,2022,1790.0,414.0,1486903.0,4.323671497584541
5107040,41155,2023,2068.0,397.0,1972940.0,5.209068010075566
5107040,41176,2015,584.0,191.0,1131054.0,3.0575916230366493
5107040,41176,2016,530.0,188.0,590232.0,2.8191489361702127
5107040,41176,2017,647.0,185.0,765022.0,3.497297297297297
5107040,41176,2018,485.0,175.0,349606.0,2.7714285714285714
5107040,41176,2019,591.0,180.0,383037.0,3.283333333333333
5107040,41176,2020,494.0,183.0,581455.0,2.699453551912568
5107040,41176,2021,643.0,170.0,524502.0,3.7823529411764705
5107040,41176,2022,519.0,185.0,421555.0,2.8054054054054056
5107040,41176,2023,662.0,195.0,,3.394871794871795
5107040,41160,2015,1714.0,311.0,2243023.0,5.511254019292605
5107040,41160,2016,2118.0,357.0,1338780.0,5.932773109243698
5107040,41160,2017,1672.0,337.0,1602683.0,4.9614243323442135
5107040,41160,2018,1877.0,351.0,2067230.0,5.347578347578348
5107040,41160,2019,1789.0,330.0,3165362.0,5.421212121212121
5107040,41160,2020,2074.0,361.0,3405703.0,5.745152354570637
5107040,41160,2021,2278.0,368.0,3789610.0,6.190217391304348
5107040,41160,2022,1911.0,335.0,1183157.0,5.704477611940298
5107040,41160,2023,1910.0,345.0,3449107.0,5.536231884057971
5101803,41151,2017,4596.0,1646.0,4396881.0,2.7922235722964763
5101803,41151,2018,4362.0,1799.0,4678610.0,2.424680377987771
5101803,41151,2019,4898.0,1783.0,4115925.0,2.7470555243970836
5101803,41151,2020,5013.0,1855.0,5834391.0,2.7024258760107815
5101803,41151,2021,4986.0,1695.0,4158966.0,2.9415929203539823
5101803,41151,2023,4491.0,1823.0,3654814.0,2.4635216675809106
5101803,41155,2015,241.0,109.0,298916.0,2.2110091743119265
5101803,41155,2020,261.0,121.0,339583.0,2.15702479338843
5101803,41155,2021,316.0,109.0,389598.0,2.8990825688073394
5101803,41155,2022,296.0,111.0,588635.0,2.6666666666666665
5101803,41155,2023,329.0,124.0,240104.0,2.653225806451613
5101803,41176,2015,2246.0,646.0,4199876.0,3.476780185758514
5101803,41176,2016,2526.0,673.0,2896843.0,3.7533432392273403
5101803,41176,2017,2207.0,657.0,2717642.0,3.3592085235920854
5101803,41176,2019,2533.0,691.0,2372831.0,3.6657018813314037
5101803,41176,2020,2320.0,630.0,1442654.0,3.6825396825396823
5101803,41176,2021,2215.0,661.0,2274435.0,3.350983358547655
5101803,41176,2022,2398.0,608.0,4243092.0,3.9440789473684212
5101803,41176,2023,2602.0,588.0,2809933.0,4.425170068027211
5101803,41160,2015,2040.0,83.0,1997696.0,24.57831325301205
5101803,41160,2016,1778.0,86.0,3098272.0,20.674418604651162
5101803,41160,2017,1955.0,83.0,1422330.0,23.55421686746988
5101803,41160,2018,2241.0,77.0,3487720.0,29.103896103896105
5101803,41160,2019,2097.0,76.0,2052580.0,27.592105263157894
5101803,41160,2020,2213.0,80.0,3265765.0,27.6625
5101803,41160,2021,1725.0,92.0,2999778.0,18.75
5101803,41160,2023,1717.0,90.0,1939694.0,19.07777777777778
