cod_municipio_ibge,nome_municipio,uf,estado,mesorregiao,regiao_brasil,regiao_imediata,regiao_intermediaria
1200013,Acrelândia,AC,Acre,Vale do Acre,Norte,Rio Branco,Rio Branco
1200054,Assis Brasil,AC,Acre,Vale do Acre,Norte,Brasiléia,Rio Branco
1200104,Brasiléia,AC,Acre,Vale do Acre,Norte,Brasiléia,Rio Branco
1200138,Bujari,AC,Acre,Vale do Acre,Norte,Rio Branco,Rio Branco
1200179,Capixaba,AC,Acre,Vale do Acre,Norte,Rio Branco,Rio Branco
1200203,Cruzeiro do Sul,AC,Acre,Vale do Juruá,Norte,Cruzeiro do Sul,Cruzeiro do Sul
1200252,Epitaciolândia,AC,Acre,Vale do Acre,Norte,Brasiléia,Rio Branco
1200302,Feijó,AC,Acre,Vale do Juruá,Norte,Tarauacá,Cruzeiro do Sul
1200328,Jordão,AC,Acre,Vale do Juruá,Norte,Tarauacá,Cruzeiro do Sul
1200336,Mâncio Lima,AC,Acre,Vale do Juruá,Norte,Cruzeiro do Sul,Cruzeiro do Sul
1200344,Manoel Urbano,AC,Acre,Vale do Acre,Norte,Sena Madureira,Rio Branco
1200351,Marechal Thaumaturgo,AC,Acre,Vale do Juruá,Norte,Cruzeiro do Sul,Cruzeiro do Sul
1200385,Plácido de Castro,AC,Acre,Vale do Acre,Norte,Rio Branco,Rio Branco
1200393,Porto Walter,AC,Acre,Vale do Juruá,Norte,Cruzeiro do Sul,Cruzeiro do Sul
1200401,Rio Branco,AC,Acre,Vale do Acre,Norte,Rio Branco,Rio Branco
1200427,Rodrigues Alves,AC,Acre,Vale do Juruá,Norte,Cruzeiro do Sul,Cruzeiro do Sul
1200435,Santa Rosa do Purus,AC,Acre,Vale do Acre,Norte,Sena Madureira,Rio Branco
1200450,Senador Guiomard,AC,Acre,Vale do Acre,Norte,Rio Branco,Rio Branco
1200500,Sena Madureira,AC,Acre,Vale do Acre,Norte,Sena Madureira,Rio Branco
1200609,Tarauacá,AC,Acre,Vale do Juruá,Norte,Tarauacá,Cruzeiro do Sul
1200708,Xapuri,AC,Acre,Vale do Acre,Norte,Brasiléia,Rio Branco
1200807,Porto Acre,AC,Acre,Vale do Acre,Norte,Rio Branco,Rio Branco
2700102,Água Branca,AL,Alagoas,Sertão Alagoano,Nordeste,Delmiro Gouveia,Arapiraca
2700201,Anadia,AL,Alagoas,Leste Alagoano,Nordeste,São Miguel dos Campos,Maceió
2700300,Arapiraca,AL,Alagoas,Agreste Alagoano,Nordeste,Arapiraca,Arapiraca
2700409,Atalaia,AL,Alagoas,Leste Alagoano,Nordeste,Atalaia,Maceió
2700508,Barra de Santo Antônio,AL,Alagoas,Leste Alagoano,Nordeste,Maceió,Maceió
2700607,Barra de São Miguel,AL,Alagoas,Leste Alagoano,Nordeste,Maceió,Maceió
2700706,Batalha,AL,Alagoas,Sertão Alagoano,Nordeste,Pão de Açúcar - Olho d'Água das Flores ¿ Batalha,Arapiraca
2700805,Belém,AL,Alagoas,Agreste Alagoano,Nordeste,Palmeira dos Índios,Arapiraca
2700904,Belo Monte,AL,Alagoas,Sertão Alagoano,Nordeste,Pão de Açúcar - Olho d'Água das Flores ¿ Batalha,Arapiraca
2701001,Boca da Mata,AL,Alagoas,Leste Alagoano,Nordeste,São Miguel dos Campos,Maceió
2701100,Branquinha,AL,Alagoas,Leste Alagoano,Nordeste,União dos Palmares,Maceió
2701209,Cacimbinhas,AL,Alagoas,Agreste Alagoano,Nordeste,Palmeira dos Índios,Arapiraca
2701308,Cajueiro,AL,Alagoas,Leste Alagoano,Nordeste,Atalaia,Maceió
2701357,Campestre,AL,Alagoas,Leste Alagoano,Nordeste,Porto Calvo - São Luís do Quitunde,Maceió
2701407,Campo Alegre,AL,Alagoas,Leste Alagoano,Nordeste,São Miguel dos Campos,Maceió
2701506,Campo Grande,AL,Alagoas,Agreste Alagoano,Nordeste,Arapiraca,Arapiraca
2701605,Canapi,AL,Alagoas,Sertão Alagoano,Nordeste,Santana do Ipanema,Arapiraca
2701704,Capela,AL,Alagoas,Leste Alagoano,Nordeste,Atalaia,Maceió
2701803,Carneiros,AL,Alagoas,Sertão Alagoano,Nordeste,Santana do Ipanema,Arapiraca
2701902,Chã Preta,AL,Alagoas,Leste Alagoano,Nordeste,Atalaia,Maceió
2702009,Coité do Nóia,AL,Alagoas,Agreste Alagoano,Nordeste,Arapiraca,Arapiraca
2702108,Colônia Leopoldina,AL,Alagoas,Leste Alagoano,Nordeste,Porto Calvo - São Luís do Quitunde,Maceió
2702207,Coqueiro Seco,AL,Alagoas,Leste Alagoano,Nordeste,Maceió,Maceió
2702306,Coruripe,AL,Alagoas,Leste Alagoano,Nordeste,Penedo,Maceió
2702355,Craíbas,AL,Alagoas,Agreste Alagoano,Nordeste,Arapiraca,Arapiraca
2702405,Delmiro Gouveia,AL,Alagoas,Sertão Alagoano,Nordeste,Delmiro Gouveia,Arapiraca
2702504,Dois Riachos,AL,Alagoas,Sertão Alagoano,Nordeste,Santana do Ipanema,Arapiraca
2702553,Estrela de Alagoas,AL,Alagoas,Agreste Alagoano,Nordeste,Palmeira dos Índios,Arapiraca
2702603,Feira Grande,AL,Alagoas,Agreste Alagoano,Nordeste,Arapiraca,Arapiraca
2702702,Feliz Deserto,AL,Alagoas,Leste Alagoano,Nordeste,Penedo,Maceió
2702801,Flexeiras,AL,Alagoas,Leste Alagoano,Nordeste,Maceió,Maceió
2702900,Girau do Ponciano,AL,Alagoas,Agreste Alagoano,Nordeste,Arapiraca,Arapiraca
2703007,Ibateguara,AL,Alagoas,Leste Alagoano,Nordeste,União dos Palmares,Maceió
2703106,Igaci,AL,Alagoas,Agreste Alagoano,Nordeste,Palmeira dos Índios,Arapiraca
2703205,Igreja Nova,AL,Alagoas,Leste Alagoano,Nordeste,Penedo,Maceió
2703304,Inhapi,AL,Alagoas,Sertão Alagoano,Nordeste,Delmiro Gouveia,Arapiraca
2703403,Jacaré dos Homens,AL,Alagoas,Sertão Alagoano,Nordeste,Pão de Açúcar - Olho d'Água das Flores ¿ Batalha,Arapiraca
2703502,Jacuípe,AL,Alagoas,Leste Alagoano,Nordeste,Porto Calvo - São Luís do Quitunde,Maceió
2703601,Japaratinga,AL,Alagoas,Leste Alagoano,Nordeste,Porto Calvo - São Luís do Quitunde,Maceió
2703700,Jaramataia,AL,Alagoas,Sertão Alagoano,Nordeste,Arapiraca,Arapiraca
2703759,Jequiá da Praia,AL,Alagoas,Leste Alagoano,Nordeste,São Miguel dos Campos,Maceió
2703809,Joaquim Gomes,AL,Alagoas,Leste Alagoano,Nordeste,Maceió,Maceió
2703908,Jundiá,AL,Alagoas,Leste Alagoano,Nordeste,Porto Calvo - São Luís do Quitunde,Maceió
2704005,Junqueiro,AL,Alagoas,Leste Alagoano,Nordeste,Arapiraca,Arapiraca
2704104,Lagoa da Canoa,AL,Alagoas,Agreste Alagoano,Nordeste,Arapiraca,Arapiraca
2704203,Limoeiro de Anadia,AL,Alagoas,Agreste Alagoano,Nordeste,Arapiraca,Arapiraca
2704302,Maceió,AL,Alagoas,Leste Alagoano,Nordeste,Maceió,Maceió
2704401,Major Isidoro,AL,Alagoas,Sertão Alagoano,Nordeste,Palmeira dos Índios,Arapiraca
2704500,Maragogi,AL,Alagoas,Leste Alagoano,Nordeste,Porto Calvo - São Luís do Quitunde,Maceió
2704609,Maravilha,AL,Alagoas,Sertão Alagoano,Nordeste,Santana do Ipanema,Arapiraca
2704708,Marechal Deodoro,AL,Alagoas,Leste Alagoano,Nordeste,Maceió,Maceió
2704807,Maribondo,AL,Alagoas,Agreste Alagoano,Nordeste,Arapiraca,Arapiraca
2704906,Mar Vermelho,AL,Alagoas,Agreste Alagoano,Nordeste,Atalaia,Maceió
2705002,Mata Grande,AL,Alagoas,Sertão Alagoano,Nordeste,Delmiro Gouveia,Arapiraca
2705101,Matriz de Camaragibe,AL,Alagoas,Leste Alagoano,Nordeste,Porto Calvo - São Luís do Quitunde,Maceió
2705200,Messias,AL,Alagoas,Leste Alagoano,Nordeste,Maceió,Maceió
2705309,Minador do Negrão,AL,Alagoas,Agreste Alagoano,Nordeste,Palmeira dos Índios,Arapiraca
2705408,Monteirópolis,AL,Alagoas,Sertão Alagoano,Nordeste,Pão de Açúcar - Olho d'Água das Flores ¿ Batalha,Arapiraca
2705507,Murici,AL,Alagoas,Leste Alagoano,Nordeste,União dos Palmares,Maceió
2705606,Novo Lino,AL,Alagoas,Leste Alagoano,Nordeste,Porto Calvo - São Luís do Quitunde,Maceió
2705705,Olho d'Água das Flores,AL,Alagoas,Sertão Alagoano,Nordeste,Pão de Açúcar - Olho d'Água das Flores ¿ Batalha,Arapiraca
2705804,Olho d'Água do Casado,AL,Alagoas,Sertão Alagoano,Nordeste,Delmiro Gouveia,Arapiraca
2705903,Olho d'Água Grande,AL,Alagoas,Agreste Alagoano,Nordeste,Arapiraca,Arapiraca
2706000,Olivença,AL,Alagoas,Sertão Alagoano,Nordeste,Santana do Ipanema,Arapiraca
2706109,Ouro Branco,AL,Alagoas,Sertão Alagoano,Nordeste,Santana do Ipanema,Arapiraca
2706208,Palestina,AL,Alagoas,Sertão Alagoano,Nordeste,Pão de Açúcar - Olho d'Água das Flores ¿ Batalha,Arapiraca
2706307,Palmeira dos Índios,AL,Alagoas,Agreste Alagoano,Nordeste,Palmeira dos Índios,Arapiraca
2706406,Pão de Açúcar,AL,Alagoas,Sertão Alagoano,Nordeste,Pão de Açúcar - Olho d'Água das Flores ¿ Batalha,Arapiraca
2706422,Pariconha,AL,Alagoas,Sertão Alagoano,Nordeste,Delmiro Gouveia,Arapiraca
2706448,Paripueira,AL,Alagoas,Leste Alagoano,Nordeste,Maceió,Maceió
2706505,Passo de Camaragibe,AL,Alagoas,Leste Alagoano,Nordeste,Porto Calvo - São Luís do Quitunde,Maceió
2706604,Paulo Jacinto,AL,Alagoas,Agreste Alagoano,Nordeste,Palmeira dos Índios,Arapiraca
2706703,Penedo,AL,Alagoas,Leste Alagoano,Nordeste,Penedo,Maceió
2706802,Piaçabuçu,AL,Alagoas,Leste Alagoano,Nordeste,Penedo,Maceió
2706901,Pilar,AL,Alagoas,Leste Alagoano,Nordeste,Maceió,Maceió
2707008,Pindoba,AL,Alagoas,Leste Alagoano,Nordeste,Atalaia,Maceió
2707107,Piranhas,AL,Alagoas,Sertão Alagoano,Nordeste,Delmiro Gouveia,Arapiraca
2707206,Poço das Trincheiras,AL,Alagoas,Sertão Alagoano,Nordeste,Santana do Ipanema,Arapiraca
2707305,Porto Calvo,AL,Alagoas,Leste Alagoano,Nordeste,Porto Calvo - São Luís do Quitunde,Maceió
2707404,Porto de Pedras,AL,Alagoas,Leste Alagoano,Nordeste,Porto Calvo - São Luís do Quitunde,Maceió
2707503,Porto Real do Colégio,AL,Alagoas,Leste Alagoano,Nordeste,Penedo,Maceió
2707602,Quebrangulo,AL,Alagoas,Agreste Alagoano,Nordeste,Palmeira dos Índios,Arapiraca
2707701,Rio Largo,AL,Alagoas,Leste Alagoano,Nordeste,Maceió,Maceió
2707800,Roteiro,AL,Alagoas,Leste Alagoano,Nordeste,São Miguel dos Campos,Maceió
2707909,Santa Luzia do Norte,AL,Alagoas,Leste Alagoano,Nordeste,Maceió,Maceió
2708006,Santana do Ipanema,AL,Alagoas,Sertão Alagoano,Nordeste,Santana do Ipanema,Arapiraca
2708105,Santana do Mundaú,AL,Alagoas,Leste Alagoano,Nordeste,União dos Palmares,Maceió
2708204,São Brás,AL,Alagoas,Agreste Alagoano,Nordeste,Penedo,Maceió
2708303,São José da Laje,AL,Alagoas,Leste Alagoano,Nordeste,União dos Palmares,Maceió
2708402,São José da Tapera,AL,Alagoas,Sertão Alagoano,Nordeste,Pão de Açúcar - Olho d'Água das Flores ¿ Batalha,Arapiraca
2708501,São Luís do Quitunde,AL,Alagoas,Leste Alagoano,Nordeste,Porto Calvo - São Luís do Quitunde,Maceió
2708600,São Miguel dos Campos,AL,Alagoas,Leste Alagoano,Nordeste,São Miguel dos Campos,Maceió
2708709,São Miguel dos Milagres,AL,Alagoas,Leste Alagoano,Nordeste,Porto Calvo - São Luís do Quitunde,Maceió
2708808,São Sebastião,AL,Alagoas,Agreste Alagoano,Nordeste,Arapiraca,Arapiraca
2708907,Satuba,AL,Alagoas,Leste Alagoano,Nordeste,Maceió,Maceió
2708956,Senador Rui Palmeira,AL,Alagoas,Sertão Alagoano,Nordeste,Santana do Ipanema,Arapiraca
2709004,Tanque d'Arca,AL,Alagoas,Agreste Alagoano,Nordeste,Arapiraca,Arapiraca
2709103,Taquarana,AL,Alagoas,Agreste Alagoano,Nordeste,Arapiraca,Arapiraca
2709152,Teotônio Vilela,AL,Alagoas,Leste Alagoano,Nordeste,Arapiraca,Arapiraca
2709202,Traipu,AL,Alagoas,Agreste Alagoano,Nordeste,Arapiraca,Arapiraca
2709301,União dos Palmares,AL,Alagoas,Leste Alagoano,Nordeste,União dos Palmares,Maceió
2709400,Viçosa,AL,Alagoas,Leste Alagoano,Nordeste,Atalaia,Maceió
1600055,Serra do Navio,AP,Amapá,Sul do Amapá,Norte,Porto Grande,Oiapoque - Porto Grande
1600105,Amapá,AP,Amapá,Norte do Amapá,Norte,Oiapoque,Oiapoque - Porto Grande
1600154,Pedra Branca do Amapari,AP,Amapá,Sul do Amapá,Norte,Porto Grande,Oiapoque - Porto Grande
1600204,Calçoene,AP,Amapá,Norte do Amapá,Norte,Oiapoque,Oiapoque - Porto Grande
1600212,Cutias,AP,Amapá,Sul do Amapá,Norte,Oiapoque,Oiapoque - Porto Grande
1600238,Ferreira Gomes,AP,Amapá,Sul do Amapá,Norte,Porto Grande,Oiapoque - Porto Grande
1600253,Itaubal,AP,Amapá,Sul do Amapá,Norte,Macapá,Macapá
1600279,Laranjal do Jari,AP,Amapá,Sul do Amapá,Norte,Laranjal do Jari,Macapá
1600303,Macapá,AP,Amapá,Sul do Amapá,Norte,Macapá,Macapá
1600402,Mazagão,AP,Amapá,Sul do Amapá,Norte,Macapá,Macapá
1600501,Oiapoque,AP,Amapá,Norte do Amapá,Norte,Oiapoque,Oiapoque - Porto Grande
1600535,Porto Grande,AP,Amapá,Sul do Amapá,Norte,Porto Grande,Oiapoque - Porto Grande
1600550,Pracuúba,AP,Amapá,Norte do Amapá,Norte,Oiapoque,Oiapoque - Porto Grande
1600600,Santana,AP,Amapá,Sul do Amapá,Norte,Macapá,Macapá
1600709,Tartarugalzinho,AP,Amapá,Norte do Amapá,Norte,Oiapoque,Oiapoque - Porto Grande
1600808,Vitória do Jari,AP,Amapá,Sul do Amapá,Norte,Laranjal do Jari,Macapá
1300029,Alvarães,AM,Amazonas,Centro Amazonense,Norte,Tefé,Tefé
1300060,Amaturá,AM,Amazonas,Sudoeste Amazonense,Norte,Tabatinga,Tefé
1300086,Anamã,AM,Amazonas,Centro Amazonense,Norte,Manacapuru,Manaus
1300102,Anori,AM,Amazonas,Centro Amazonense,Norte,Coari,Manaus
1300144,Apuí,AM,Amazonas,Sul Amazonense,Norte,Manicoré,Lábrea
1300201,Atalaia do Norte,AM,Amazonas,Sudoeste Amazonense,Norte,Tabatinga,Tefé
1300300,Autazes,AM,Amazonas,Centro Amazonense,Norte,Manaus,Manaus
1300409,Barcelos,AM,Amazonas,Norte Amazonense,Norte,São Gabriel da Cachoeira,Manaus
1300508,Barreirinha,AM,Amazonas,Centro Amazonense,Norte,Parintins,Parintins
1300607,Benjamin Constant,AM,Amazonas,Sudoeste Amazonense,Norte,Tabatinga,Tefé
1300631,Beruri,AM,Amazonas,Centro Amazonense,Norte,Coari,Manaus
1300680,Boa Vista do Ramos,AM,Amazonas,Centro Amazonense,Norte,Parintins,Parintins
1300706,Boca do Acre,AM,Amazonas,Sul Amazonense,Norte,Lábrea,Lábrea
1300805,Borba,AM,Amazonas,Sul Amazonense,Norte,Manaus,Manaus
1300839,Caapiranga,AM,Amazonas,Centro Amazonense,Norte,Manacapuru,Manaus
1300904,Canutama,AM,Amazonas,Sul Amazonense,Norte,Lábrea,Lábrea
1301001,Carauari,AM,Amazonas,Sudoeste Amazonense,Norte,Tefé,Tefé
1301100,Careiro,AM,Amazonas,Centro Amazonense,Norte,Manaus,Manaus
1301159,Careiro da Várzea,AM,Amazonas,Centro Amazonense,Norte,Manaus,Manaus
1301209,Coari,AM,Amazonas,Centro Amazonense,Norte,Coari,Manaus
1301308,Codajás,AM,Amazonas,Centro Amazonense,Norte,Coari,Manaus
1301407,Eirunepé,AM,Amazonas,Sudoeste Amazonense,Norte,Eirunepé,Tefé
1301506,Envira,AM,Amazonas,Sudoeste Amazonense,Norte,Eirunepé,Tefé
1301605,Fonte Boa,AM,Amazonas,Sudoeste Amazonense,Norte,Tefé,Tefé
1301654,Guajará,AM,Amazonas,Sudoeste Amazonense,Norte,Eirunepé,Tefé
1301704,Humaitá,AM,Amazonas,Sul Amazonense,Norte,Manicoré,Lábrea
1301803,Ipixuna,AM,Amazonas,Sudoeste Amazonense,Norte,Eirunepé,Tefé
1301852,Iranduba,AM,Amazonas,Centro Amazonense,Norte,Manaus,Manaus
1301902,Itacoatiara,AM,Amazonas,Centro Amazonense,Norte,Itacoatiara,Parintins
1301951,Itamarati,AM,Amazonas,Sudoeste Amazonense,Norte,Eirunepé,Tefé
1302009,Itapiranga,AM,Amazonas,Centro Amazonense,Norte,Itacoatiara,Parintins
1302108,Japurá,AM,Amazonas,Norte Amazonense,Norte,Tefé,Tefé
1302207,Juruá,AM,Amazonas,Sudoeste Amazonense,Norte,Tefé,Tefé
1302306,Jutaí,AM,Amazonas,Sudoeste Amazonense,Norte,Tefé,Tefé
1302405,Lábrea,AM,Amazonas,Sul Amazonense,Norte,Lábrea,Lábrea
1302504,Manacapuru,AM,Amazonas,Centro Amazonense,Norte,Manacapuru,Manaus
1302553,Manaquiri,AM,Amazonas,Centro Amazonense,Norte,Manaus,Manaus
1302603,Manaus,AM,Amazonas,Centro Amazonense,Norte,Manaus,Manaus
1302702,Manicoré,AM,Amazonas,Sul Amazonense,Norte,Manicoré,Lábrea
1302801,Maraã,AM,Amazonas,Norte Amazonense,Norte,Tefé,Tefé
1302900,Maués,AM,Amazonas,Centro Amazonense,Norte,Parintins,Parintins
1303007,Nhamundá,AM,Amazonas,Centro Amazonense,Norte,Parintins,Parintins
1303106,Nova Olinda do Norte,AM,Amazonas,Centro Amazonense,Norte,Manaus,Manaus
1303205,Novo Airão,AM,Amazonas,Norte Amazonense,Norte,Manacapuru,Manaus
1303304,Novo Aripuanã,AM,Amazonas,Sul Amazonense,Norte,Manicoré,Lábrea
1303403,Parintins,AM,Amazonas,Centro Amazonense,Norte,Parintins,Parintins
1303502,Pauini,AM,Amazonas,Sul Amazonense,Norte,Lábrea,Lábrea
1303536,Presidente Figueiredo,AM,Amazonas,Centro Amazonense,Norte,Manaus,Manaus
1303569,Rio Preto da Eva,AM,Amazonas,Centro Amazonense,Norte,Manaus,Manaus
1303601,Santa Isabel do Rio Negro,AM,Amazonas,Norte Amazonense,Norte,São Gabriel da Cachoeira,Manaus
1303700,Santo Antônio do Içá,AM,Amazonas,Sudoeste Amazonense,Norte,Tabatinga,Tefé
1303809,São Gabriel da Cachoeira,AM,Amazonas,Norte Amazonense,Norte,São Gabriel da Cachoeira,Manaus
1303908,São Paulo de Olivença,AM,Amazonas,Sudoeste Amazonense,Norte,Tabatinga,Tefé
1303957,São Sebastião do Uatumã,AM,Amazonas,Centro Amazonense,Norte,Itacoatiara,Parintins
1304005,Silves,AM,Amazonas,Centro Amazonense,Norte,Itacoatiara,Parintins
1304062,Tabatinga,AM,Amazonas,Sudoeste Amazonense,Norte,Tabatinga,Tefé
1304104,Tapauá,AM,Amazonas,Sul Amazonense,Norte,Lábrea,Lábrea
1304203,Tefé,AM,Amazonas,Centro Amazonense,Norte,Tefé,Tefé
1304237,Tonantins,AM,Amazonas,Sudoeste Amazonense,Norte,Tabatinga,Tefé
1304260,Uarini,AM,Amazonas,Centro Amazonense,Norte,Tefé,Tefé
1304302,Urucará,AM,Amazonas,Centro Amazonense,Norte,Itacoatiara,Parintins
1304401,Urucurituba,AM,Amazonas,Centro Amazonense,Norte,Itacoatiara,Parintins
2900108,Abaíra,BA,Bahia,Centro Sul Baiano,Nordeste,Brumado,Vitória da Conquista
2900207,Abaré,BA,Bahia,Vale São-Franciscano da Bahia,Nordeste,Paulo Afonso,Paulo Afonso
2900306,Acajutiba,BA,Bahia,Nordeste Baiano,Nordeste,Alagoinhas,Salvador
2900355,Adustina,BA,Bahia,Nordeste Baiano,Nordeste,Cícero Dantas,Paulo Afonso
2900405,Água Fria,BA,Bahia,Centro Norte Baiano,Nordeste,Feira de Santana,Feira de Santana
2900504,Érico Cardoso,BA,Bahia,Centro Sul Baiano,Nordeste,Brumado,Vitória da Conquista
2900603,Aiquara,BA,Bahia,Centro Sul Baiano,Nordeste,Jequié,Vitória da Conquista
2900702,Alagoinhas,BA,Bahia,Nordeste Baiano,Nordeste,Alagoinhas,Salvador
2900801,Alcobaça,BA,Bahia,Sul Baiano,Nordeste,Teixeira de Freitas,Ilhéus ¿ Itabuna
2900900,Almadina,BA,Bahia,Sul Baiano,Nordeste,Ilhéus ¿ Itabuna,Ilhéus ¿ Itabuna
2901007,Amargosa,BA,Bahia,Centro Sul Baiano,Nordeste,Santo Antônio de Jesus,Santo Antônio de Jesus
2901106,Amélia Rodrigues,BA,Bahia,Metropolitana de Salvador,Nordeste,Feira de Santana,Feira de Santana
2901155,América Dourada,BA,Bahia,Centro Norte Baiano,Nordeste,Irecê,Irecê
2901205,Anagé,BA,Bahia,Centro Sul Baiano,Nordeste,Vitória da Conquista,Vitória da Conquista
2901304,Andaraí,BA,Bahia,Centro Sul Baiano,Nordeste,Itaberaba,Feira de Santana
2901353,Andorinha,BA,Bahia,Centro Norte Baiano,Nordeste,Senhor do Bonfim,Juazeiro
2901403,Angical,BA,Bahia,Extremo Oeste Baiano,Nordeste,Barreiras,Barreiras
2901502,Anguera,BA,Bahia,Centro Norte Baiano,Nordeste,Feira de Santana,Feira de Santana
2901601,Antas,BA,Bahia,Nordeste Baiano,Nordeste,Cícero Dantas,Paulo Afonso
2901700,Antônio Cardoso,BA,Bahia,Centro Norte Baiano,Nordeste,Feira de Santana,Feira de Santana
2901809,Antônio Gonçalves,BA,Bahia,Centro Norte Baiano,Nordeste,Senhor do Bonfim,Juazeiro
2901908,Aporá,BA,Bahia,Nordeste Baiano,Nordeste,Alagoinhas,Salvador
2901957,Apuarema,BA,Bahia,Centro Sul Baiano,Nordeste,Jequié,Vitória da Conquista
2902005,Aracatu,BA,Bahia,Centro Sul Baiano,Nordeste,Brumado,Vitória da Conquista
2902054,Araçás,BA,Bahia,Nordeste Baiano,Nordeste,Alagoinhas,Salvador
2902104,Araci,BA,Bahia,Nordeste Baiano,Nordeste,Serrinha,Feira de Santana
2902203,Aramari,BA,Bahia,Nordeste Baiano,Nordeste,Alagoinhas,Salvador
2902252,Arataca,BA,Bahia,Sul Baiano,Nordeste,Camacan,Ilhéus ¿ Itabuna
2902302,Aratuípe,BA,Bahia,Metropolitana de Salvador,Nordeste,Nazaré ¿ Maragogipe,Santo Antônio de Jesus
2902401,Aurelino Leal,BA,Bahia,Sul Baiano,Nordeste,Ilhéus ¿ Itabuna,Ilhéus ¿ Itabuna
2902500,Baianópolis,BA,Bahia,Extremo Oeste Baiano,Nordeste,Barreiras,Barreiras
2902609,Baixa Grande,BA,Bahia,Centro Norte Baiano,Nordeste,Feira de Santana,Feira de Santana
2902658,Banzaê,BA,Bahia,Nordeste Baiano,Nordeste,Ribeira do Pombal,Paulo Afonso
2902708,Barra,BA,Bahia,Vale São-Franciscano da Bahia,Nordeste,Xique-Xique ¿ Barra,Irecê
2902807,Barra da Estiva,BA,Bahia,Centro Sul Baiano,Nordeste,Vitória da Conquista,Vitória da Conquista
2902906,Barra do Choça,BA,Bahia,Centro Sul Baiano,Nordeste,Vitória da Conquista,Vitória da Conquista
2903003,Barra do Mendes,BA,Bahia,Centro Norte Baiano,Nordeste,Irecê,Irecê
2903102,Barra do Rocha,BA,Bahia,Sul Baiano,Nordeste,Ipiaú,Vitória da Conquista
2903201,Barreiras,BA,Bahia,Extremo Oeste Baiano,Nordeste,Barreiras,Barreiras
2903235,Barro Alto,BA,Bahia,Centro Norte Baiano,Nordeste,Irecê,Irecê
2903276,Barrocas,BA,Bahia,Nordeste Baiano,Nordeste,Serrinha,Feira de Santana
2903300,Barro Preto,BA,Bahia,Sul Baiano,Nordeste,Ilhéus ¿ Itabuna,Ilhéus ¿ Itabuna
2903409,Belmonte,BA,Bahia,Sul Baiano,Nordeste,Eunápolis - Porto Seguro,Ilhéus ¿ Itabuna
2903508,Belo Campo,BA,Bahia,Centro Sul Baiano,Nordeste,Vitória da Conquista,Vitória da Conquista
2903607,Biritinga,BA,Bahia,Nordeste Baiano,Nordeste,Serrinha,Feira de Santana
2903706,Boa Nova,BA,Bahia,Centro Sul Baiano,Nordeste,Vitória da Conquista,Vitória da Conquista
2903805,Boa Vista do Tupim,BA,Bahia,Centro Norte Baiano,Nordeste,Itaberaba,Feira de Santana
2903904,Bom Jesus da Lapa,BA,Bahia,Vale São-Franciscano da Bahia,Nordeste,Bom Jesus da Lapa,Guanambi
2903953,Bom Jesus da Serra,BA,Bahia,Centro Sul Baiano,Nordeste,Vitória da Conquista,Vitória da Conquista
2904001,Boninal,BA,Bahia,Centro Sul Baiano,Nordeste,Seabra,Feira de Santana
2904050,Bonito,BA,Bahia,Centro Sul Baiano,Nordeste,Irecê,Irecê
2904100,Boquira,BA,Bahia,Centro Sul Baiano,Nordeste,Bom Jesus da Lapa,Guanambi
2904209,Botuporã,BA,Bahia,Centro Sul Baiano,Nordeste,Guanambi,Guanambi
2904308,Brejões,BA,Bahia,Centro Sul Baiano,Nordeste,Santo Antônio de Jesus,Santo Antônio de Jesus
2904407,Brejolândia,BA,Bahia,Extremo Oeste Baiano,Nordeste,Barreiras,Barreiras
2904506,Brotas de Macaúbas,BA,Bahia,Centro Sul Baiano,Nordeste,Xique-Xique ¿ Barra,Irecê
2904605,Brumado,BA,Bahia,Centro Sul Baiano,Nordeste,Brumado,Vitória da Conquista
2904704,Buerarema,BA,Bahia,Sul Baiano,Nordeste,Ilhéus ¿ Itabuna,Ilhéus ¿ Itabuna
2904753,Buritirama,BA,Bahia,Vale São-Franciscano da Bahia,Nordeste,Xique-Xique ¿ Barra,Irecê
2904803,Caatiba,BA,Bahia,Centro Sul Baiano,Nordeste,Vitória da Conquista,Vitória da Conquista
2904852,Cabaceiras do Paraguaçu,BA,Bahia,Metropolitana de Salvador,Nordeste,Cruz das Almas,Santo Antônio de Jesus
2904902,Cachoeira,BA,Bahia,Metropolitana de Salvador,Nordeste,Cruz das Almas,Santo Antônio de Jesus
2905008,Caculé,BA,Bahia,Centro Sul Baiano,Nordeste,Guanambi,Guanambi
2905107,Caém,BA,Bahia,Centro Norte Baiano,Nordeste,Jacobina,Feira de Santana
2905156,Caetanos,BA,Bahia,Centro Sul Baiano,Nordeste,Vitória da Conquista,Vitória da Conquista
2905206,Caetité,BA,Bahia,Centro Sul Baiano,Nordeste,Guanambi,Guanambi
2905305,Cafarnaum,BA,Bahia,Centro Norte Baiano,Nordeste,Irecê,Irecê
2905404,Cairu,BA,Bahia,Sul Baiano,Nordeste,Valença,Santo Antônio de Jesus
2905503,Caldeirão Grande,BA,Bahia,Centro Norte Baiano,Nordeste,Jacobina,Feira de Santana
2905602,Camacan,BA,Bahia,Sul Baiano,Nordeste,Camacan,Ilhéus ¿ Itabuna
2905701,Camaçari,BA,Bahia,Metropolitana de Salvador,Nordeste,Salvador,Salvador
2905800,Camamu,BA,Bahia,Sul Baiano,Nordeste,Valença,Santo Antônio de Jesus
2905909,Campo Alegre de Lourdes,BA,Bahia,Vale São-Franciscano da Bahia,Nordeste,Juazeiro,Juazeiro
2906006,Campo Formoso,BA,Bahia,Centro Norte Baiano,Nordeste,Senhor do Bonfim,Juazeiro
2906105,Canápolis,BA,Bahia,Extremo Oeste Baiano,Nordeste,Santa Maria da Vitoria,Barreiras
2906204,Canarana,BA,Bahia,Centro Norte Baiano,Nordeste,Irecê,Irecê
2906303,Canavieiras,BA,Bahia,Sul Baiano,Nordeste,Camacan,Ilhéus ¿ Itabuna
2906402,Candeal,BA,Bahia,Nordeste Baiano,Nordeste,Feira de Santana,Feira de Santana
2906501,Candeias,BA,Bahia,Metropolitana de Salvador,Nordeste,Salvador,Salvador
2906600,Candiba,BA,Bahia,Centro Sul Baiano,Nordeste,Guanambi,Guanambi
2906709,Cândido Sales,BA,Bahia,Centro Sul Baiano,Nordeste,Vitória da Conquista,Vitória da Conquista
2906808,Cansanção,BA,Bahia,Nordeste Baiano,Nordeste,Euclides da Cunha,Paulo Afonso
2906824,Canudos,BA,Bahia,Nordeste Baiano,Nordeste,Euclides da Cunha,Paulo Afonso
2906857,Capela do Alto Alegre,BA,Bahia,Nordeste Baiano,Nordeste,Feira de Santana,Feira de Santana
2906873,Capim Grosso,BA,Bahia,Centro Norte Baiano,Nordeste,Jacobina,Feira de Santana
2906899,Caraíbas,BA,Bahia,Centro Sul Baiano,Nordeste,Vitória da Conquista,Vitória da Conquista
2906907,Caravelas,BA,Bahia,Sul Baiano,Nordeste,Teixeira de Freitas,Ilhéus ¿ Itabuna
2907004,Cardeal da Silva,BA,Bahia,Nordeste Baiano,Nordeste,Alagoinhas,Salvador
2907103,Carinhanha,BA,Bahia,Vale São-Franciscano da Bahia,Nordeste,Guanambi,Guanambi
2907202,Casa Nova,BA,Bahia,Vale São-Franciscano da Bahia,Nordeste,Juazeiro,Juazeiro
2907301,Castro Alves,BA,Bahia,Metropolitana de Salvador,Nordeste,Cruz das Almas,Santo Antônio de Jesus
2907400,Catolândia,BA,Bahia,Extremo Oeste Baiano,Nordeste,Barreiras,Barreiras
2907509,Catu,BA,Bahia,Metropolitana de Salvador,Nordeste,Salvador,Salvador
2907558,Caturama,BA,Bahia,Centro Sul Baiano,Nordeste,Brumado,Vitória da Conquista
2907608,Central,BA,Bahia,Centro Norte Baiano,Nordeste,Irecê,Irecê
2907707,Chorrochó,BA,Bahia,Vale São-Franciscano da Bahia,Nordeste,Paulo Afonso,Paulo Afonso
2907806,Cícero Dantas,BA,Bahia,Nordeste Baiano,Nordeste,Cícero Dantas,Paulo Afonso
2907905,Cipó,BA,Bahia,Nordeste Baiano,Nordeste,Ribeira do Pombal,Paulo Afonso
2908002,Coaraci,BA,Bahia,Sul Baiano,Nordeste,Ilhéus ¿ Itabuna,Ilhéus ¿ Itabuna
2908101,Cocos,BA,Bahia,Extremo Oeste Baiano,Nordeste,Santa Maria da Vitoria,Barreiras
2908200,Conceição da Feira,BA,Bahia,Centro Norte Baiano,Nordeste,Feira de Santana,Feira de Santana
2908309,Conceição do Almeida,BA,Bahia,Metropolitana de Salvador,Nordeste,Cruz das Almas,Santo Antônio de Jesus
2908408,Conceição do Coité,BA,Bahia,Nordeste Baiano,Nordeste,Conceição do Coité,Feira de Santana
2908507,Conceição do Jacuípe,BA,Bahia,Centro Norte Baiano,Nordeste,Feira de Santana,Feira de Santana
2908606,Conde,BA,Bahia,Nordeste Baiano,Nordeste,Alagoinhas,Salvador
2908705,Condeúba,BA,Bahia,Centro Sul Baiano,Nordeste,Vitória da Conquista,Vitória da Conquista
2908804,Contendas do Sincorá,BA,Bahia,Centro Sul Baiano,Nordeste,Vitória da Conquista,Vitória da Conquista
2908903,Coração de Maria,BA,Bahia,Centro Norte Baiano,Nordeste,Feira de Santana,Feira de Santana
2909000,Cordeiros,BA,Bahia,Centro Sul Baiano,Nordeste,Vitória da Conquista,Vitória da Conquista
2909109,Coribe,BA,Bahia,Extremo Oeste Baiano,Nordeste,Santa Maria da Vitoria,Barreiras
2909208,Coronel João Sá,BA,Bahia,Nordeste Baiano,Nordeste,Jeremoabo,Paulo Afonso
2909307,Correntina,BA,Bahia,Extremo Oeste Baiano,Nordeste,Santa Maria da Vitoria,Barreiras
2909406,Cotegipe,BA,Bahia,Extremo Oeste Baiano,Nordeste,Barreiras,Barreiras
2909505,Cravolândia,BA,Bahia,Centro Sul Baiano,Nordeste,Jequié,Vitória da Conquista
2909604,Crisópolis,BA,Bahia,Nordeste Baiano,Nordeste,Alagoinhas,Salvador
2909703,Cristópolis,BA,Bahia,Extremo Oeste Baiano,Nordeste,Barreiras,Barreiras
2909802,Cruz das Almas,BA,Bahia,Metropolitana de Salvador,Nordeste,Cruz das Almas,Santo Antônio de Jesus
2909901,Curaçá,BA,Bahia,Vale São-Franciscano da Bahia,Nordeste,Juazeiro,Juazeiro
2910008,Dário Meira,BA,Bahia,Centro Sul Baiano,Nordeste,Ipiaú,Vitória da Conquista
2910057,Dias d'Ávila,BA,Bahia,Metropolitana de Salvador,Nordeste,Salvador,Salvador
2910107,Dom Basílio,BA,Bahia,Centro Sul Baiano,Nordeste,Brumado,Vitória da Conquista
2910206,Dom Macedo Costa,BA,Bahia,Metropolitana de Salvador,Nordeste,Santo Antônio de Jesus,Santo Antônio de Jesus
2910305,Elísio Medrado,BA,Bahia,Centro Norte Baiano,Nordeste,Santo Antônio de Jesus,Santo Antônio de Jesus
2910404,Encruzilhada,BA,Bahia,Centro Sul Baiano,Nordeste,Vitória da Conquista,Vitória da Conquista
2910503,Entre Rios,BA,Bahia,Nordeste Baiano,Nordeste,Alagoinhas,Salvador
2910602,Esplanada,BA,Bahia,Nordeste Baiano,Nordeste,Alagoinhas,Salvador
2910701,Euclides da Cunha,BA,Bahia,Nordeste Baiano,Nordeste,Euclides da Cunha,Paulo Afonso
2910727,Eunápolis,BA,Bahia,Sul Baiano,Nordeste,Eunápolis - Porto Seguro,Ilhéus ¿ Itabuna
2910750,Fátima,BA,Bahia,Nordeste Baiano,Nordeste,Cícero Dantas,Paulo Afonso
2910776,Feira da Mata,BA,Bahia,Vale São-Franciscano da Bahia,Nordeste,Guanambi,Guanambi
2910800,Feira de Santana,BA,Bahia,Centro Norte Baiano,Nordeste,Feira de Santana,Feira de Santana
2910859,Filadélfia,BA,Bahia,Centro Norte Baiano,Nordeste,Senhor do Bonfim,Juazeiro
2910909,Firmino Alves,BA,Bahia,Sul Baiano,Nordeste,Ilhéus ¿ Itabuna,Ilhéus ¿ Itabuna
2911006,Floresta Azul,BA,Bahia,Sul Baiano,Nordeste,Ilhéus ¿ Itabuna,Ilhéus ¿ Itabuna
2911105,Formosa do Rio Preto,BA,Bahia,Extremo Oeste Baiano,Nordeste,Barreiras,Barreiras
2911204,Gandu,BA,Bahia,Sul Baiano,Nordeste,Ipiaú,Vitória da Conquista
2911253,Gavião,BA,Bahia,Nordeste Baiano,Nordeste,Feira de Santana,Feira de Santana
2911303,Gentio do Ouro,BA,Bahia,Centro Norte Baiano,Nordeste,Xique-Xique ¿ Barra,Irecê
2911402,Glória,BA,Bahia,Vale São-Franciscano da Bahia,Nordeste,Paulo Afonso,Paulo Afonso
2911501,Gongogi,BA,Bahia,Sul Baiano,Nordeste,Ipiaú,Vitória da Conquista
2911600,Governador Mangabeira,BA,Bahia,Metropolitana de Salvador,Nordeste,Cruz das Almas,Santo Antônio de Jesus
2911659,Guajeru,BA,Bahia,Centro Sul Baiano,Nordeste,Guanambi,Guanambi
2911709,Guanambi,BA,Bahia,Centro Sul Baiano,Nordeste,Guanambi,Guanambi
2911808,Guaratinga,BA,Bahia,Sul Baiano,Nordeste,Eunápolis - Porto Seguro,Ilhéus ¿ Itabuna
2911857,Heliópolis,BA,Bahia,Nordeste Baiano,Nordeste,Cícero Dantas,Paulo Afonso
2911907,Iaçu,BA,Bahia,Centro Norte Baiano,Nordeste,Itaberaba,Feira de Santana
2912004,Ibiassucê,BA,Bahia,Centro Sul Baiano,Nordeste,Guanambi,Guanambi
2912103,Ibicaraí,BA,Bahia,Sul Baiano,Nordeste,Ilhéus ¿ Itabuna,Ilhéus ¿ Itabuna
2912202,Ibicoara,BA,Bahia,Centro Sul Baiano,Nordeste,Vitória da Conquista,Vitória da Conquista
2912301,Ibicuí,BA,Bahia,Centro Sul Baiano,Nordeste,Ilhéus ¿ Itabuna,Ilhéus ¿ Itabuna
2912400,Ibipeba,BA,Bahia,Centro Norte Baiano,Nordeste,Irecê,Irecê
2912509,Ibipitanga,BA,Bahia,Centro Sul Baiano,Nordeste,Bom Jesus da Lapa,Guanambi
2912608,Ibiquera,BA,Bahia,Centro Norte Baiano,Nordeste,Itaberaba,Feira de Santana
2912707,Ibirapitanga,BA,Bahia,Sul Baiano,Nordeste,Ilhéus ¿ Itabuna,Ilhéus ¿ Itabuna
2912806,Ibirapuã,BA,Bahia,Sul Baiano,Nordeste,Teixeira de Freitas,Ilhéus ¿ Itabuna
2912905,Ibirataia,BA,Bahia,Sul Baiano,Nordeste,Ipiaú,Vitória da Conquista
2913002,Ibitiara,BA,Bahia,Centro Sul Baiano,Nordeste,Seabra,Feira de Santana
2913101,Ibititá,BA,Bahia,Centro Norte Baiano,Nordeste,Irecê,Irecê
2913200,Ibotirama,BA,Bahia,Vale São-Franciscano da Bahia,Nordeste,Xique-Xique ¿ Barra,Irecê
2913309,Ichu,BA,Bahia,Nordeste Baiano,Nordeste,Feira de Santana,Feira de Santana
2913408,Igaporã,BA,Bahia,Centro Sul Baiano,Nordeste,Guanambi,Guanambi
2913457,Igrapiúna,BA,Bahia,Sul Baiano,Nordeste,Valença,Santo Antônio de Jesus
2913507,Iguaí,BA,Bahia,Centro Sul Baiano,Nordeste,Vitória da Conquista,Vitória da Conquista
2913606,Ilhéus,BA,Bahia,Sul Baiano,Nordeste,Ilhéus ¿ Itabuna,Ilhéus ¿ Itabuna
2913705,Inhambupe,BA,Bahia,Nordeste Baiano,Nordeste,Alagoinhas,Salvador
2913804,Ipecaetá,BA,Bahia,Centro Norte Baiano,Nordeste,Feira de Santana,Feira de Santana
2913903,Ipiaú,BA,Bahia,Sul Baiano,Nordeste,Ipiaú,Vitória da Conquista
2914000,Ipirá,BA,Bahia,Centro Norte Baiano,Nordeste,Feira de Santana,Feira de Santana
2914109,Ipupiara,BA,Bahia,Centro Sul Baiano,Nordeste,Xique-Xique ¿ Barra,Irecê
2914208,Irajuba,BA,Bahia,Centro Sul Baiano,Nordeste,Jequié,Vitória da Conquista
2914307,Iramaia,BA,Bahia,Centro Sul Baiano,Nordeste,Vitória da Conquista,Vitória da Conquista
2914406,Iraquara,BA,Bahia,Centro Norte Baiano,Nordeste,Seabra,Feira de Santana
2914505,Irará,BA,Bahia,Centro Norte Baiano,Nordeste,Feira de Santana,Feira de Santana
2914604,Irecê,BA,Bahia,Centro Norte Baiano,Nordeste,Irecê,Irecê
2914653,Itabela,BA,Bahia,Sul Baiano,Nordeste,Eunápolis - Porto Seguro,Ilhéus ¿ Itabuna
2914703,Itaberaba,BA,Bahia,Centro Norte Baiano,Nordeste,Itaberaba,Feira de Santana
2914802,Itabuna,BA,Bahia,Sul Baiano,Nordeste,Ilhéus ¿ Itabuna,Ilhéus ¿ Itabuna
2914901,Itacaré,BA,Bahia,Sul Baiano,Nordeste,Ilhéus ¿ Itabuna,Ilhéus ¿ Itabuna
2915007,Itaeté,BA,Bahia,Centro Sul Baiano,Nordeste,Itaberaba,Feira de Santana
2915106,Itagi,BA,Bahia,Centro Sul Baiano,Nordeste,Jequié,Vitória da Conquista
2915205,Itagibá,BA,Bahia,Sul Baiano,Nordeste,Ipiaú,Vitória da Conquista
2915304,Itagimirim,BA,Bahia,Sul Baiano,Nordeste,Eunápolis - Porto Seguro,Ilhéus ¿ Itabuna
2915353,Itaguaçu da Bahia,BA,Bahia,Vale São-Franciscano da Bahia,Nordeste,Irecê,Irecê
2915403,Itaju do Colônia,BA,Bahia,Sul Baiano,Nordeste,Ilhéus ¿ Itabuna,Ilhéus ¿ Itabuna
2915502,Itajuípe,BA,Bahia,Sul Baiano,Nordeste,Ilhéus ¿ Itabuna,Ilhéus ¿ Itabuna
2915601,Itamaraju,BA,Bahia,Sul Baiano,Nordeste,Teixeira de Freitas,Ilhéus ¿ Itabuna
2915700,Itamari,BA,Bahia,Sul Baiano,Nordeste,Ipiaú,Vitória da Conquista
2915809,Itambé,BA,Bahia,Centro Sul Baiano,Nordeste,Vitória da Conquista,Vitória da Conquista
2915908,Itanagra,BA,Bahia,Metropolitana de Salvador,Nordeste,Salvador,Salvador
2916005,Itanhém,BA,Bahia,Sul Baiano,Nordeste,Teixeira de Freitas,Ilhéus ¿ Itabuna
2916104,Itaparica,BA,Bahia,Metropolitana de Salvador,Nordeste,Nazaré ¿ Maragogipe,Santo Antônio de Jesus
2916203,Itapé,BA,Bahia,Sul Baiano,Nordeste,Ilhéus ¿ Itabuna,Ilhéus ¿ Itabuna
2916302,Itapebi,BA,Bahia,Sul Baiano,Nordeste,Eunápolis - Porto Seguro,Ilhéus ¿ Itabuna
2916401,Itapetinga,BA,Bahia,Centro Sul Baiano,Nordeste,Itapetinga,Vitória da Conquista
2916500,Itapicuru,BA,Bahia,Nordeste Baiano,Nordeste,Alagoinhas,Salvador
2916609,Itapitanga,BA,Bahia,Sul Baiano,Nordeste,Ilhéus ¿ Itabuna,Ilhéus ¿ Itabuna
2916708,Itaquara,BA,Bahia,Centro Sul Baiano,Nordeste,Jequié,Vitória da Conquista
2916807,Itarantim,BA,Bahia,Centro Sul Baiano,Nordeste,Itapetinga,Vitória da Conquista
2916856,Itatim,BA,Bahia,Centro Norte Baiano,Nordeste,Cruz das Almas,Santo Antônio de Jesus
2916906,Itiruçu,BA,Bahia,Centro Sul Baiano,Nordeste,Jequié,Vitória da Conquista
2917003,Itiúba,BA,Bahia,Centro Norte Baiano,Nordeste,Senhor do Bonfim,Juazeiro
2917102,Itororó,BA,Bahia,Centro Sul Baiano,Nordeste,Itapetinga,Vitória da Conquista
2917201,Ituaçu,BA,Bahia,Centro Sul Baiano,Nordeste,Vitória da Conquista,Vitória da Conquista
2917300,Ituberá,BA,Bahia,Sul Baiano,Nordeste,Valença,Santo Antônio de Jesus
2917334,Iuiu,BA,Bahia,Centro Sul Baiano,Nordeste,Guanambi,Guanambi
2917359,Jaborandi,BA,Bahia,Extremo Oeste Baiano,Nordeste,Santa Maria da Vitoria,Barreiras
2917409,Jacaraci,BA,Bahia,Centro Sul Baiano,Nordeste,Guanambi,Guanambi
2917508,Jacobina,BA,Bahia,Centro Norte Baiano,Nordeste,Jacobina,Feira de Santana
2917607,Jaguaquara,BA,Bahia,Centro Sul Baiano,Nordeste,Jequié,Vitória da Conquista
2917706,Jaguarari,BA,Bahia,Centro Norte Baiano,Nordeste,Senhor do Bonfim,Juazeiro
2917805,Jaguaripe,BA,Bahia,Metropolitana de Salvador,Nordeste,Nazaré ¿ Maragogipe,Santo Antônio de Jesus
2917904,Jandaíra,BA,Bahia,Nordeste Baiano,Nordeste,Alagoinhas,Salvador
2918001,Jequié,BA,Bahia,Centro Sul Baiano,Nordeste,Jequié,Vitória da Conquista
2918100,Jeremoabo,BA,Bahia,Nordeste Baiano,Nordeste,Jeremoabo,Paulo Afonso
2918209,Jiquiriçá,BA,Bahia,Centro Sul Baiano,Nordeste,Santo Antônio de Jesus,Santo Antônio de Jesus
2918308,Jitaúna,BA,Bahia,Centro Sul Baiano,Nordeste,Jequié,Vitória da Conquista
2918357,João Dourado,BA,Bahia,Centro Norte Baiano,Nordeste,Irecê,Irecê
2918407,Juazeiro,BA,Bahia,Vale São-Franciscano da Bahia,Nordeste,Juazeiro,Juazeiro
2918456,Jucuruçu,BA,Bahia,Sul Baiano,Nordeste,Teixeira de Freitas,Ilhéus ¿ Itabuna
2918506,Jussara,BA,Bahia,Centro Norte Baiano,Nordeste,Irecê,Irecê
2918555,Jussari,BA,Bahia,Sul Baiano,Nordeste,Camacan,Ilhéus ¿ Itabuna
2918605,Jussiape,BA,Bahia,Centro Sul Baiano,Nordeste,Brumado,Vitória da Conquista
2918704,Lafaiete Coutinho,BA,Bahia,Centro Sul Baiano,Nordeste,Jequié,Vitória da Conquista
2918753,Lagoa Real,BA,Bahia,Centro Sul Baiano,Nordeste,Guanambi,Guanambi
2918803,Laje,BA,Bahia,Centro Sul Baiano,Nordeste,Santo Antônio de Jesus,Santo Antônio de Jesus
2918902,Lajedão,BA,Bahia,Sul Baiano,Nordeste,Teixeira de Freitas,Ilhéus ¿ Itabuna
2919009,Lajedinho,BA,Bahia,Centro Norte Baiano,Nordeste,Itaberaba,Feira de Santana
2919058,Lajedo do Tabocal,BA,Bahia,Centro Sul Baiano,Nordeste,Jequié,Vitória da Conquista
2919108,Lamarão,BA,Bahia,Nordeste Baiano,Nordeste,Feira de Santana,Feira de Santana
2919157,Lapão,BA,Bahia,Centro Norte Baiano,Nordeste,Irecê,Irecê
2919207,Lauro de Freitas,BA,Bahia,Metropolitana de Salvador,Nordeste,Salvador,Salvador
2919306,Lençóis,BA,Bahia,Centro Sul Baiano,Nordeste,Seabra,Feira de Santana
2919405,Licínio de Almeida,BA,Bahia,Centro Sul Baiano,Nordeste,Guanambi,Guanambi
2919504,Livramento de Nossa Senhora,BA,Bahia,Centro Sul Baiano,Nordeste,Brumado,Vitória da Conquista
2919553,Luís Eduardo Magalhães,BA,Bahia,Extremo Oeste Baiano,Nordeste,Barreiras,Barreiras
2919603,Macajuba,BA,Bahia,Centro Norte Baiano,Nordeste,Feira de Santana,Feira de Santana
2919702,Macarani,BA,Bahia,Centro Sul Baiano,Nordeste,Itapetinga,Vitória da Conquista
2919801,Macaúbas,BA,Bahia,Centro Sul Baiano,Nordeste,Bom Jesus da Lapa,Guanambi
2919900,Macururé,BA,Bahia,Vale São-Franciscano da Bahia,Nordeste,Paulo Afonso,Paulo Afonso
2919926,Madre de Deus,BA,Bahia,Metropolitana de Salvador,Nordeste,Salvador,Salvador
2919959,Maetinga,BA,Bahia,Centro Sul Baiano,Nordeste,Vitória da Conquista,Vitória da Conquista
2920007,Maiquinique,BA,Bahia,Centro Sul Baiano,Nordeste,Itapetinga,Vitória da Conquista
2920106,Mairi,BA,Bahia,Centro Norte Baiano,Nordeste,Feira de Santana,Feira de Santana
2920205,Malhada,BA,Bahia,Centro Sul Baiano,Nordeste,Guanambi,Guanambi
2920304,Malhada de Pedras,BA,Bahia,Centro Sul Baiano,Nordeste,Brumado,Vitória da Conquista
2920403,Manoel Vitorino,BA,Bahia,Centro Sul Baiano,Nordeste,Jequié,Vitória da Conquista
2920452,Mansidão,BA,Bahia,Extremo Oeste Baiano,Nordeste,Barreiras,Barreiras
2920502,Maracás,BA,Bahia,Centro Sul Baiano,Nordeste,Jequié,Vitória da Conquista
2920601,Maragogipe,BA,Bahia,Metropolitana de Salvador,Nordeste,Nazaré ¿ Maragogipe,Santo Antônio de Jesus
2920700,Maraú,BA,Bahia,Sul Baiano,Nordeste,Ilhéus ¿ Itabuna,Ilhéus ¿ Itabuna
2920809,Marcionílio Souza,BA,Bahia,Centro Sul Baiano,Nordeste,Itaberaba,Feira de Santana
2920908,Mascote,BA,Bahia,Sul Baiano,Nordeste,Camacan,Ilhéus ¿ Itabuna
2921005,Mata de São João,BA,Bahia,Metropolitana de Salvador,Nordeste,Salvador,Salvador
2921054,Matina,BA,Bahia,Centro Sul Baiano,Nordeste,Guanambi,Guanambi
2921104,Medeiros Neto,BA,Bahia,Sul Baiano,Nordeste,Teixeira de Freitas,Ilhéus ¿ Itabuna
2921203,Miguel Calmon,BA,Bahia,Centro Norte Baiano,Nordeste,Jacobina,Feira de Santana
2921302,Milagres,BA,Bahia,Centro Sul Baiano,Nordeste,Santo Antônio de Jesus,Santo Antônio de Jesus
2921401,Mirangaba,BA,Bahia,Centro Norte Baiano,Nordeste,Jacobina,Feira de Santana
2921450,Mirante,BA,Bahia,Centro Sul Baiano,Nordeste,Vitória da Conquista,Vitória da Conquista
2921500,Monte Santo,BA,Bahia,Nordeste Baiano,Nordeste,Euclides da Cunha,Paulo Afonso
2921609,Morpará,BA,Bahia,Vale São-Franciscano da Bahia,Nordeste,Xique-Xique ¿ Barra,Irecê
2921708,Morro do Chapéu,BA,Bahia,Centro Norte Baiano,Nordeste,Irecê,Irecê
2921807,Mortugaba,BA,Bahia,Centro Sul Baiano,Nordeste,Guanambi,Guanambi
2921906,Mucugê,BA,Bahia,Centro Sul Baiano,Nordeste,Seabra,Feira de Santana
2922003,Mucuri,BA,Bahia,Sul Baiano,Nordeste,Teixeira de Freitas,Ilhéus ¿ Itabuna
2922052,Mulungu do Morro,BA,Bahia,Centro Norte Baiano,Nordeste,Irecê,Irecê
2922102,Mundo Novo,BA,Bahia,Centro Norte Baiano,Nordeste,Feira de Santana,Feira de Santana
2922201,Muniz Ferreira,BA,Bahia,Metropolitana de Salvador,Nordeste,Santo Antônio de Jesus,Santo Antônio de Jesus
2922250,Muquém do São Francisco,BA,Bahia,Vale São-Franciscano da Bahia,Nordeste,Xique-Xique ¿ Barra,Irecê
2922300,Muritiba,BA,Bahia,Metropolitana de Salvador,Nordeste,Cruz das Almas,Santo Antônio de Jesus
2922409,Mutuípe,BA,Bahia,Centro Sul Baiano,Nordeste,Santo Antônio de Jesus,Santo Antônio de Jesus
2922508,Nazaré,BA,Bahia,Metropolitana de Salvador,Nordeste,Nazaré ¿ Maragogipe,Santo Antônio de Jesus
2922607,Nilo Peçanha,BA,Bahia,Sul Baiano,Nordeste,Valença,Santo Antônio de Jesus
2922656,Nordestina,BA,Bahia,Nordeste Baiano,Nordeste,Conceição do Coité,Feira de Santana
2922706,Nova Canaã,BA,Bahia,Centro Sul Baiano,Nordeste,Vitória da Conquista,Vitória da Conquista
2922730,Nova Fátima,BA,Bahia,Nordeste Baiano,Nordeste,Feira de Santana,Feira de Santana
2922755,Nova Ibiá,BA,Bahia,Sul Baiano,Nordeste,Ipiaú,Vitória da Conquista
2922805,Nova Itarana,BA,Bahia,Centro Sul Baiano,Nordeste,Santo Antônio de Jesus,Santo Antônio de Jesus
2922854,Nova Redenção,BA,Bahia,Centro Sul Baiano,Nordeste,Itaberaba,Feira de Santana
2922904,Nova Soure,BA,Bahia,Nordeste Baiano,Nordeste,Ribeira do Pombal,Paulo Afonso
2923001,Nova Viçosa,BA,Bahia,Sul Baiano,Nordeste,Teixeira de Freitas,Ilhéus ¿ Itabuna
2923035,Novo Horizonte,BA,Bahia,Centro Sul Baiano,Nordeste,Seabra,Feira de Santana
2923050,Novo Triunfo,BA,Bahia,Nordeste Baiano,Nordeste,Jeremoabo,Paulo Afonso
2923100,Olindina,BA,Bahia,Nordeste Baiano,Nordeste,Ribeira do Pombal,Paulo Afonso
2923209,Oliveira dos Brejinhos,BA,Bahia,Centro Sul Baiano,Nordeste,Xique-Xique ¿ Barra,Irecê
2923308,Ouriçangas,BA,Bahia,Centro Norte Baiano,Nordeste,Feira de Santana,Feira de Santana
2923357,Ourolândia,BA,Bahia,Centro Norte Baiano,Nordeste,Jacobina,Feira de Santana
2923407,Palmas de Monte Alto,BA,Bahia,Centro Sul Baiano,Nordeste,Guanambi,Guanambi
2923506,Palmeiras,BA,Bahia,Centro Sul Baiano,Nordeste,Seabra,Feira de Santana
2923605,Paramirim,BA,Bahia,Centro Sul Baiano,Nordeste,Brumado,Vitória da Conquista
2923704,Paratinga,BA,Bahia,Vale São-Franciscano da Bahia,Nordeste,Bom Jesus da Lapa,Guanambi
2923803,Paripiranga,BA,Bahia,Nordeste Baiano,Nordeste,Cícero Dantas,Paulo Afonso
2923902,Pau Brasil,BA,Bahia,Sul Baiano,Nordeste,Camacan,Ilhéus ¿ Itabuna
2924009,Paulo Afonso,BA,Bahia,Vale São-Franciscano da Bahia,Nordeste,Paulo Afonso,Paulo Afonso
2924058,Pé de Serra,BA,Bahia,Nordeste Baiano,Nordeste,Feira de Santana,Feira de Santana
2924108,Pedrão,BA,Bahia,Centro Norte Baiano,Nordeste,Alagoinhas,Salvador
2924207,Pedro Alexandre,BA,Bahia,Nordeste Baiano,Nordeste,Jeremoabo,Paulo Afonso
2924306,Piatã,BA,Bahia,Centro Sul Baiano,Nordeste,Seabra,Feira de Santana
2924405,Pilão Arcado,BA,Bahia,Vale São-Franciscano da Bahia,Nordeste,Juazeiro,Juazeiro
2924504,Pindaí,BA,Bahia,Centro Sul Baiano,Nordeste,Guanambi,Guanambi
2924603,Pindobaçu,BA,Bahia,Centro Norte Baiano,Nordeste,Senhor do Bonfim,Juazeiro
2924652,Pintadas,BA,Bahia,Centro Norte Baiano,Nordeste,Feira de Santana,Feira de Santana
2924678,Piraí do Norte,BA,Bahia,Sul Baiano,Nordeste,Ipiaú,Vitória da Conquista
2924702,Piripá,BA,Bahia,Centro Sul Baiano,Nordeste,Vitória da Conquista,Vitória da Conquista
2924801,Piritiba,BA,Bahia,Centro Norte Baiano,Nordeste,Jacobina,Feira de Santana
2924900,Planaltino,BA,Bahia,Centro Sul Baiano,Nordeste,Jequié,Vitória da Conquista
2925006,Planalto,BA,Bahia,Centro Sul Baiano,Nordeste,Vitória da Conquista,Vitória da Conquista
2925105,Poções,BA,Bahia,Centro Sul Baiano,Nordeste,Vitória da Conquista,Vitória da Conquista
2925204,Pojuca,BA,Bahia,Metropolitana de Salvador,Nordeste,Salvador,Salvador
2925253,Ponto Novo,BA,Bahia,Centro Norte Baiano,Nordeste,Senhor do Bonfim,Juazeiro
2925303,Porto Seguro,BA,Bahia,Sul Baiano,Nordeste,Eunápolis - Porto Seguro,Ilhéus ¿ Itabuna
2925402,Potiraguá,BA,Bahia,Centro Sul Baiano,Nordeste,Itapetinga,Vitória da Conquista
2925501,Prado,BA,Bahia,Sul Baiano,Nordeste,Teixeira de Freitas,Ilhéus ¿ Itabuna
2925600,Presidente Dutra,BA,Bahia,Centro Norte Baiano,Nordeste,Irecê,Irecê
2925709,Presidente Jânio Quadros,BA,Bahia,Centro Sul Baiano,Nordeste,Vitória da Conquista,Vitória da Conquista
2925758,Presidente Tancredo Neves,BA,Bahia,Sul Baiano,Nordeste,Valença,Santo Antônio de Jesus
2925808,Queimadas,BA,Bahia,Nordeste Baiano,Nordeste,Conceição do Coité,Feira de Santana
2925907,Quijingue,BA,Bahia,Nordeste Baiano,Nordeste,Euclides da Cunha,Paulo Afonso
2925931,Quixabeira,BA,Bahia,Centro Norte Baiano,Nordeste,Jacobina,Feira de Santana
2925956,Rafael Jambeiro,BA,Bahia,Centro Norte Baiano,Nordeste,Feira de Santana,Feira de Santana
2926004,Remanso,BA,Bahia,Vale São-Franciscano da Bahia,Nordeste,Juazeiro,Juazeiro
2926103,Retirolândia,BA,Bahia,Nordeste Baiano,Nordeste,Conceição do Coité,Feira de Santana
2926202,Riachão das Neves,BA,Bahia,Extremo Oeste Baiano,Nordeste,Barreiras,Barreiras
2926301,Riachão do Jacuípe,BA,Bahia,Nordeste Baiano,Nordeste,Feira de Santana,Feira de Santana
2926400,Riacho de Santana,BA,Bahia,Centro Sul Baiano,Nordeste,Guanambi,Guanambi
2926509,Ribeira do Amparo,BA,Bahia,Nordeste Baiano,Nordeste,Ribeira do Pombal,Paulo Afonso
2926608,Ribeira do Pombal,BA,Bahia,Nordeste Baiano,Nordeste,Ribeira do Pombal,Paulo Afonso
2926657,Ribeirão do Largo,BA,Bahia,Centro Sul Baiano,Nordeste,Vitória da Conquista,Vitória da Conquista
2926707,Rio de Contas,BA,Bahia,Centro Sul Baiano,Nordeste,Brumado,Vitória da Conquista
2926806,Rio do Antônio,BA,Bahia,Centro Sul Baiano,Nordeste,Guanambi,Guanambi
2926905,Rio do Pires,BA,Bahia,Centro Sul Baiano,Nordeste,Brumado,Vitória da Conquista
2927002,Rio Real,BA,Bahia,Nordeste Baiano,Nordeste,Alagoinhas,Salvador
2927101,Rodelas,BA,Bahia,Vale São-Franciscano da Bahia,Nordeste,Paulo Afonso,Paulo Afonso
2927200,Ruy Barbosa,BA,Bahia,Centro Norte Baiano,Nordeste,Itaberaba,Feira de Santana
2927309,Salinas da Margarida,BA,Bahia,Metropolitana de Salvador,Nordeste,Nazaré ¿ Maragogipe,Santo Antônio de Jesus
2927408,Salvador,BA,Bahia,Metropolitana de Salvador,Nordeste,Salvador,Salvador
2927507,Santa Bárbara,BA,Bahia,Centro Norte Baiano,Nordeste,Feira de Santana,Feira de Santana
2927606,Santa Brígida,BA,Bahia,Nordeste Baiano,Nordeste,Paulo Afonso,Paulo Afonso
2927705,Santa Cruz Cabrália,BA,Bahia,Sul Baiano,Nordeste,Eunápolis - Porto Seguro,Ilhéus ¿ Itabuna
2927804,Santa Cruz da Vitória,BA,Bahia,Sul Baiano,Nordeste,Ilhéus ¿ Itabuna,Ilhéus ¿ Itabuna
2927903,Santa Inês,BA,Bahia,Centro Sul Baiano,Nordeste,Jequié,Vitória da Conquista
2928000,Santaluz,BA,Bahia,Nordeste Baiano,Nordeste,Conceição do Coité,Feira de Santana
2928059,Santa Luzia,BA,Bahia,Sul Baiano,Nordeste,Camacan,Ilhéus ¿ Itabuna
2928109,Santa Maria da Vitória,BA,Bahia,Extremo Oeste Baiano,Nordeste,Santa Maria da Vitoria,Barreiras
2928208,Santana,BA,Bahia,Extremo Oeste Baiano,Nordeste,Barreiras,Barreiras
2928307,Santanópolis,BA,Bahia,Centro Norte Baiano,Nordeste,Feira de Santana,Feira de Santana
2928406,Santa Rita de Cássia,BA,Bahia,Extremo Oeste Baiano,Nordeste,Barreiras,Barreiras
2928505,Santa Terezinha,BA,Bahia,Centro Norte Baiano,Nordeste,Cruz das Almas,Santo Antônio de Jesus
2928604,Santo Amaro,BA,Bahia,Metropolitana de Salvador,Nordeste,Salvador,Salvador
2928703,Santo Antônio de Jesus,BA,Bahia,Metropolitana de Salvador,Nordeste,Santo Antônio de Jesus,Santo Antônio de Jesus
2928802,Santo Estêvão,BA,Bahia,Centro Norte Baiano,Nordeste,Feira de Santana,Feira de Santana
2928901,São Desidério,BA,Bahia,Extremo Oeste Baiano,Nordeste,Barreiras,Barreiras
2928950,São Domingos,BA,Bahia,Nordeste Baiano,Nordeste,Conceição do Coité,Feira de Santana
2929008,São Félix,BA,Bahia,Metropolitana de Salvador,Nordeste,Cruz das Almas,Santo Antônio de Jesus
2929057,São Félix do Coribe,BA,Bahia,Extremo Oeste Baiano,Nordeste,Santa Maria da Vitoria,Barreiras
2929107,São Felipe,BA,Bahia,Metropolitana de Salvador,Nordeste,Cruz das Almas,Santo Antônio de Jesus
2929206,São Francisco do Conde,BA,Bahia,Metropolitana de Salvador,Nordeste,Salvador,Salvador
2929255,São Gabriel,BA,Bahia,Centro Norte Baiano,Nordeste,Irecê,Irecê
2929305,São Gonçalo dos Campos,BA,Bahia,Centro Norte Baiano,Nordeste,Feira de Santana,Feira de Santana
2929354,São José da Vitória,BA,Bahia,Sul Baiano,Nordeste,Ilhéus ¿ Itabuna,Ilhéus ¿ Itabuna
2929370,São José do Jacuípe,BA,Bahia,Centro Norte Baiano,Nordeste,Jacobina,Feira de Santana
2929404,São Miguel das Matas,BA,Bahia,Centro Sul Baiano,Nordeste,Santo Antônio de Jesus,Santo Antônio de Jesus
2929503,São Sebastião do Passé,BA,Bahia,Metropolitana de Salvador,Nordeste,Salvador,Salvador
2929602,Sapeaçu,BA,Bahia,Metropolitana de Salvador,Nordeste,Cruz das Almas,Santo Antônio de Jesus
2929701,Sátiro Dias,BA,Bahia,Nordeste Baiano,Nordeste,Alagoinhas,Salvador
2929750,Saubara,BA,Bahia,Metropolitana de Salvador,Nordeste,Salvador,Salvador
2929800,Saúde,BA,Bahia,Centro Norte Baiano,Nordeste,Jacobina,Feira de Santana
2929909,Seabra,BA,Bahia,Centro Sul Baiano,Nordeste,Seabra,Feira de Santana
2930006,Sebastião Laranjeiras,BA,Bahia,Centro Sul Baiano,Nordeste,Guanambi,Guanambi
2930105,Senhor do Bonfim,BA,Bahia,Centro Norte Baiano,Nordeste,Senhor do Bonfim,Juazeiro
2930154,Serra do Ramalho,BA,Bahia,Vale São-Franciscano da Bahia,Nordeste,Bom Jesus da Lapa,Guanambi
2930204,Sento Sé,BA,Bahia,Vale São-Franciscano da Bahia,Nordeste,Juazeiro,Juazeiro
2930303,Serra Dourada,BA,Bahia,Extremo Oeste Baiano,Nordeste,Barreiras,Barreiras
2930402,Serra Preta,BA,Bahia,Centro Norte Baiano,Nordeste,Feira de Santana,Feira de Santana
2930501,Serrinha,BA,Bahia,Nordeste Baiano,Nordeste,Serrinha,Feira de Santana
2930600,Serrolândia,BA,Bahia,Centro Norte Baiano,Nordeste,Jacobina,Feira de Santana
2930709,Simões Filho,BA,Bahia,Metropolitana de Salvador,Nordeste,Salvador,Salvador
2930758,Sítio do Mato,BA,Bahia,Vale São-Franciscano da Bahia,Nordeste,Bom Jesus da Lapa,Guanambi
2930766,Sítio do Quinto,BA,Bahia,Nordeste Baiano,Nordeste,Jeremoabo,Paulo Afonso
2930774,Sobradinho,BA,Bahia,Vale São-Franciscano da Bahia,Nordeste,Juazeiro,Juazeiro
2930808,Souto Soares,BA,Bahia,Centro Norte Baiano,Nordeste,Seabra,Feira de Santana
2930907,Tabocas do Brejo Velho,BA,Bahia,Extremo Oeste Baiano,Nordeste,Barreiras,Barreiras
2931004,Tanhaçu,BA,Bahia,Centro Sul Baiano,Nordeste,Vitória da Conquista,Vitória da Conquista
2931053,Tanque Novo,BA,Bahia,Centro Sul Baiano,Nordeste,Guanambi,Guanambi
2931103,Tanquinho,BA,Bahia,Centro Norte Baiano,Nordeste,Feira de Santana,Feira de Santana
2931202,Taperoá,BA,Bahia,Sul Baiano,Nordeste,Valença,Santo Antônio de Jesus
2931301,Tapiramutá,BA,Bahia,Centro Norte Baiano,Nordeste,Jacobina,Feira de Santana
2931350,Teixeira de Freitas,BA,Bahia,Sul Baiano,Nordeste,Teixeira de Freitas,Ilhéus ¿ Itabuna
2931400,Teodoro Sampaio,BA,Bahia,Centro Norte Baiano,Nordeste,Alagoinhas,Salvador
2931509,Teofilândia,BA,Bahia,Nordeste Baiano,Nordeste,Serrinha,Feira de Santana
2931608,Teolândia,BA,Bahia,Sul Baiano,Nordeste,Ipiaú,Vitória da Conquista
2931707,Terra Nova,BA,Bahia,Metropolitana de Salvador,Nordeste,Salvador,Salvador
2931806,Tremedal,BA,Bahia,Centro Sul Baiano,Nordeste,Vitória da Conquista,Vitória da Conquista
2931905,Tucano,BA,Bahia,Nordeste Baiano,Nordeste,Ribeira do Pombal,Paulo Afonso
2932002,Uauá,BA,Bahia,Nordeste Baiano,Nordeste,Juazeiro,Juazeiro
2932101,Ubaíra,BA,Bahia,Centro Sul Baiano,Nordeste,Santo Antônio de Jesus,Santo Antônio de Jesus
2932200,Ubaitaba,BA,Bahia,Sul Baiano,Nordeste,Ilhéus ¿ Itabuna,Ilhéus ¿ Itabuna
2932309,Ubatã,BA,Bahia,Sul Baiano,Nordeste,Ipiaú,Vitória da Conquista
2932408,Uibaí,BA,Bahia,Centro Norte Baiano,Nordeste,Irecê,Irecê
2932457,Umburanas,BA,Bahia,Centro Norte Baiano,Nordeste,Jacobina,Feira de Santana
2932507,Una,BA,Bahia,Sul Baiano,Nordeste,Camacan,Ilhéus ¿ Itabuna
2932606,Urandi,BA,Bahia,Centro Sul Baiano,Nordeste,Guanambi,Guanambi
2932705,Uruçuca,BA,Bahia,Sul Baiano,Nordeste,Ilhéus ¿ Itabuna,Ilhéus ¿ Itabuna
2932804,Utinga,BA,Bahia,Centro Sul Baiano,Nordeste,Itaberaba,Feira de Santana
2932903,Valença,BA,Bahia,Sul Baiano,Nordeste,Valença,Santo Antônio de Jesus
2933000,Valente,BA,Bahia,Nordeste Baiano,Nordeste,Conceição do Coité,Feira de Santana
2933059,Várzea da Roça,BA,Bahia,Centro Norte Baiano,Nordeste,Feira de Santana,Feira de Santana
2933109,Várzea do Poço,BA,Bahia,Centro Norte Baiano,Nordeste,Jacobina,Feira de Santana
2933158,Várzea Nova,BA,Bahia,Centro Norte Baiano,Nordeste,Jacobina,Feira de Santana
2933174,Varzedo,BA,Bahia,Metropolitana de Salvador,Nordeste,Santo Antônio de Jesus,Santo Antônio de Jesus
2933208,Vera Cruz,BA,Bahia,Metropolitana de Salvador,Nordeste,Nazaré ¿ Maragogipe,Santo Antônio de Jesus
2933257,Vereda,BA,Bahia,Sul Baiano,Nordeste,Teixeira de Freitas,Ilhéus ¿ Itabuna
2933307,Vitória da Conquista,BA,Bahia,Centro Sul Baiano,Nordeste,Vitória da Conquista,Vitória da Conquista
2933406,Wagner,BA,Bahia,Centro Sul Baiano,Nordeste,Itaberaba,Feira de Santana
2933455,Wanderley,BA,Bahia,Extremo Oeste Baiano,Nordeste,Barreiras,Barreiras
2933505,Wenceslau Guimarães,BA,Bahia,Sul Baiano,Nordeste,Ipiaú,Vitória da Conquista
2933604,Xique-Xique,BA,Bahia,Vale São-Franciscano da Bahia,Nordeste,Xique-Xique ¿ Barra,Irecê
2300101,Abaiara,CE,Ceará,Sul Cearense,Nordeste,Brejo Santo,Juazeiro do Norte
2300150,Acarape,CE,Ceará,Norte Cearense,Nordeste,Redenção-Acarape,Fortaleza
2300200,Acaraú,CE,Ceará,Noroeste Cearense,Nordeste,Acaraú,Sobral
2300309,Acopiara,CE,Ceará,Sertões Cearenses,Nordeste,Iguatu,Iguatu
2300408,Aiuaba,CE,Ceará,Sertões Cearenses,Nordeste,Juazeiro do Norte,Juazeiro do Norte
2300507,Alcântaras,CE,Ceará,Noroeste Cearense,Nordeste,Sobral,Sobral
2300606,Altaneira,CE,Ceará,Sul Cearense,Nordeste,Juazeiro do Norte,Juazeiro do Norte
2300705,Alto Santo,CE,Ceará,Jaguaribe,Nordeste,Russas - Limoeiro do Norte,Quixadá
2300754,Amontada,CE,Ceará,Norte Cearense,Nordeste,Itapipoca,Fortaleza
2300804,Antonina do Norte,CE,Ceará,Centro-Sul Cearense,Nordeste,Juazeiro do Norte,Juazeiro do Norte
2300903,Apuiarés,CE,Ceará,Norte Cearense,Nordeste,Itapagé,Fortaleza
2301000,Aquiraz,CE,Ceará,Metropolitana de Fortaleza,Nordeste,Fortaleza,Fortaleza
2301109,Aracati,CE,Ceará,Jaguaribe,Nordeste,Aracati,Quixadá
2301208,Aracoiaba,CE,Ceará,Norte Cearense,Nordeste,Redenção-Acarape,Fortaleza
2301257,Ararendá,CE,Ceará,Sertões Cearenses,Nordeste,Crateús,Crateús
2301307,Araripe,CE,Ceará,Sul Cearense,Nordeste,Juazeiro do Norte,Juazeiro do Norte
2301406,Aratuba,CE,Ceará,Norte Cearense,Nordeste,Redenção-Acarape,Fortaleza
2301505,Arneiroz,CE,Ceará,Sertões Cearenses,Nordeste,Tauá,Crateús
2301604,Assaré,CE,Ceará,Sul Cearense,Nordeste,Juazeiro do Norte,Juazeiro do Norte
2301703,Aurora,CE,Ceará,Sul Cearense,Nordeste,Juazeiro do Norte,Juazeiro do Norte
2301802,Baixio,CE,Ceará,Centro-Sul Cearense,Nordeste,Icó,Iguatu
2301851,Banabuiú,CE,Ceará,Sertões Cearenses,Nordeste,Quixadá,Quixadá
2301901,Barbalha,CE,Ceará,Sul Cearense,Nordeste,Juazeiro do Norte,Juazeiro do Norte
2301950,Barreira,CE,Ceará,Norte Cearense,Nordeste,Redenção-Acarape,Fortaleza
2302008,Barro,CE,Ceará,Sul Cearense,Nordeste,Brejo Santo,Juazeiro do Norte
2302057,Barroquinha,CE,Ceará,Noroeste Cearense,Nordeste,Camocim,Sobral
2302107,Baturité,CE,Ceará,Norte Cearense,Nordeste,Redenção-Acarape,Fortaleza
2302206,Beberibe,CE,Ceará,Norte Cearense,Nordeste,Fortaleza,Fortaleza
2302305,Bela Cruz,CE,Ceará,Noroeste Cearense,Nordeste,Acaraú,Sobral
2302404,Boa Viagem,CE,Ceará,Sertões Cearenses,Nordeste,Canindé,Fortaleza
2302503,Brejo Santo,CE,Ceará,Sul Cearense,Nordeste,Brejo Santo,Juazeiro do Norte
2302602,Camocim,CE,Ceará,Noroeste Cearense,Nordeste,Camocim,Sobral
2302701,Campos Sales,CE,Ceará,Sul Cearense,Nordeste,Juazeiro do Norte,Juazeiro do Norte
2302800,Canindé,CE,Ceará,Norte Cearense,Nordeste,Canindé,Fortaleza
2302909,Capistrano,CE,Ceará,Norte Cearense,Nordeste,Redenção-Acarape,Fortaleza
2303006,Caridade,CE,Ceará,Norte Cearense,Nordeste,Canindé,Fortaleza
2303105,Cariré,CE,Ceará,Noroeste Cearense,Nordeste,Sobral,Sobral
2303204,Caririaçu,CE,Ceará,Sul Cearense,Nordeste,Juazeiro do Norte,Juazeiro do Norte
2303303,Cariús,CE,Ceará,Centro-Sul Cearense,Nordeste,Iguatu,Iguatu
2303402,Carnaubal,CE,Ceará,Noroeste Cearense,Nordeste,São Benedito - Ipu - Guaraciaba do Norte - Tianguá,Sobral
2303501,Cascavel,CE,Ceará,Norte Cearense,Nordeste,Fortaleza,Fortaleza
2303600,Catarina,CE,Ceará,Sertões Cearenses,Nordeste,Iguatu,Iguatu
2303659,Catunda,CE,Ceará,Noroeste Cearense,Nordeste,Sobral,Sobral
2303709,Caucaia,CE,Ceará,Metropolitana de Fortaleza,Nordeste,Fortaleza,Fortaleza
2303808,Cedro,CE,Ceará,Centro-Sul Cearense,Nordeste,Iguatu,Iguatu
2303907,Chaval,CE,Ceará,Noroeste Cearense,Nordeste,Camocim,Sobral
2303931,Choró,CE,Ceará,Sertões Cearenses,Nordeste,Quixadá,Quixadá
2303956,Chorozinho,CE,Ceará,Norte Cearense,Nordeste,Fortaleza,Fortaleza
2304004,Coreaú,CE,Ceará,Noroeste Cearense,Nordeste,Sobral,Sobral
2304103,Crateús,CE,Ceará,Sertões Cearenses,Nordeste,Crateús,Crateús
2304202,Crato,CE,Ceará,Sul Cearense,Nordeste,Juazeiro do Norte,Juazeiro do Norte
2304236,Croatá,CE,Ceará,Noroeste Cearense,Nordeste,São Benedito - Ipu - Guaraciaba do Norte - Tianguá,Sobral
2304251,Cruz,CE,Ceará,Noroeste Cearense,Nordeste,Acaraú,Sobral
2304269,Deputado Irapuan Pinheiro,CE,Ceará,Sertões Cearenses,Nordeste,Quixadá,Quixadá
2304277,Ereré,CE,Ceará,Jaguaribe,Nordeste,Russas - Limoeiro do Norte,Quixadá
2304285,Eusébio,CE,Ceará,Metropolitana de Fortaleza,Nordeste,Fortaleza,Fortaleza
2304301,Farias Brito,CE,Ceará,Sul Cearense,Nordeste,Juazeiro do Norte,Juazeiro do Norte
2304350,Forquilha,CE,Ceará,Noroeste Cearense,Nordeste,Sobral,Sobral
2304400,Fortaleza,CE,Ceará,Metropolitana de Fortaleza,Nordeste,Fortaleza,Fortaleza
2304459,Fortim,CE,Ceará,Jaguaribe,Nordeste,Aracati,Quixadá
2304509,Frecheirinha,CE,Ceará,Noroeste Cearense,Nordeste,Sobral,Sobral
2304608,General Sampaio,CE,Ceará,Norte Cearense,Nordeste,Itapagé,Fortaleza
2304657,Graça,CE,Ceará,Noroeste Cearense,Nordeste,Sobral,Sobral
2304707,Granja,CE,Ceará,Noroeste Cearense,Nordeste,Camocim,Sobral
2304806,Granjeiro,CE,Ceará,Sul Cearense,Nordeste,Juazeiro do Norte,Juazeiro do Norte
2304905,Groaíras,CE,Ceará,Noroeste Cearense,Nordeste,Sobral,Sobral
2304954,Guaiúba,CE,Ceará,Metropolitana de Fortaleza,Nordeste,Fortaleza,Fortaleza
2305001,Guaraciaba do Norte,CE,Ceará,Noroeste Cearense,Nordeste,São Benedito - Ipu - Guaraciaba do Norte - Tianguá,Sobral
2305100,Guaramiranga,CE,Ceará,Norte Cearense,Nordeste,Redenção-Acarape,Fortaleza
2305209,Hidrolândia,CE,Ceará,Noroeste Cearense,Nordeste,Sobral,Sobral
2305233,Horizonte,CE,Ceará,Metropolitana de Fortaleza,Nordeste,Fortaleza,Fortaleza
2305266,Ibaretama,CE,Ceará,Sertões Cearenses,Nordeste,Quixadá,Quixadá
2305308,Ibiapina,CE,Ceará,Noroeste Cearense,Nordeste,São Benedito - Ipu - Guaraciaba do Norte - Tianguá,Sobral
2305332,Ibicuitinga,CE,Ceará,Jaguaribe,Nordeste,Quixadá,Quixadá
2305357,Icapuí,CE,Ceará,Jaguaribe,Nordeste,Aracati,Quixadá
2305407,Icó,CE,Ceará,Centro-Sul Cearense,Nordeste,Icó,Iguatu
2305506,Iguatu,CE,Ceará,Centro-Sul Cearense,Nordeste,Iguatu,Iguatu
2305605,Independência,CE,Ceará,Sertões Cearenses,Nordeste,Crateús,Crateús
2305654,Ipaporanga,CE,Ceará,Sertões Cearenses,Nordeste,Crateús,Crateús
2305704,Ipaumirim,CE,Ceará,Centro-Sul Cearense,Nordeste,Icó,Iguatu
2305803,Ipu,CE,Ceará,Noroeste Cearense,Nordeste,São Benedito - Ipu - Guaraciaba do Norte - Tianguá,Sobral
2305902,Ipueiras,CE,Ceará,Noroeste Cearense,Nordeste,São Benedito - Ipu - Guaraciaba do Norte - Tianguá,Sobral
2306009,Iracema,CE,Ceará,Jaguaribe,Nordeste,Russas - Limoeiro do Norte,Quixadá
2306108,Irauçuba,CE,Ceará,Noroeste Cearense,Nordeste,Itapagé,Fortaleza
2306207,Itaiçaba,CE,Ceará,Jaguaribe,Nordeste,Aracati,Quixadá
2306256,Itaitinga,CE,Ceará,Metropolitana de Fortaleza,Nordeste,Fortaleza,Fortaleza
2306306,Itapajé,CE,Ceará,Norte Cearense,Nordeste,Itapagé,Fortaleza
2306405,Itapipoca,CE,Ceará,Norte Cearense,Nordeste,Itapipoca,Fortaleza
2306504,Itapiúna,CE,Ceará,Norte Cearense,Nordeste,Redenção-Acarape,Fortaleza
2306553,Itarema,CE,Ceará,Noroeste Cearense,Nordeste,Acaraú,Sobral
2306603,Itatira,CE,Ceará,Norte Cearense,Nordeste,Canindé,Fortaleza
2306702,Jaguaretama,CE,Ceará,Jaguaribe,Nordeste,Russas - Limoeiro do Norte,Quixadá
2306801,Jaguaribara,CE,Ceará,Jaguaribe,Nordeste,Russas - Limoeiro do Norte,Quixadá
2306900,Jaguaribe,CE,Ceará,Jaguaribe,Nordeste,Russas - Limoeiro do Norte,Quixadá
2307007,Jaguaruana,CE,Ceará,Jaguaribe,Nordeste,Aracati,Quixadá
2307106,Jardim,CE,Ceará,Sul Cearense,Nordeste,Juazeiro do Norte,Juazeiro do Norte
2307205,Jati,CE,Ceará,Sul Cearense,Nordeste,Brejo Santo,Juazeiro do Norte
2307254,Jijoca de Jericoacoara,CE,Ceará,Noroeste Cearense,Nordeste,Acaraú,Sobral
2307304,Juazeiro do Norte,CE,Ceará,Sul Cearense,Nordeste,Juazeiro do Norte,Juazeiro do Norte
2307403,Jucás,CE,Ceará,Centro-Sul Cearense,Nordeste,Iguatu,Iguatu
2307502,Lavras da Mangabeira,CE,Ceará,Centro-Sul Cearense,Nordeste,Juazeiro do Norte,Juazeiro do Norte
2307601,Limoeiro do Norte,CE,Ceará,Jaguaribe,Nordeste,Russas - Limoeiro do Norte,Quixadá
2307635,Madalena,CE,Ceará,Sertões Cearenses,Nordeste,Canindé,Fortaleza
2307650,Maracanaú,CE,Ceará,Metropolitana de Fortaleza,Nordeste,Fortaleza,Fortaleza
2307700,Maranguape,CE,Ceará,Metropolitana de Fortaleza,Nordeste,Fortaleza,Fortaleza
2307809,Marco,CE,Ceará,Noroeste Cearense,Nordeste,Acaraú,Sobral
2307908,Martinópole,CE,Ceará,Noroeste Cearense,Nordeste,Sobral,Sobral
2308005,Massapê,CE,Ceará,Noroeste Cearense,Nordeste,Sobral,Sobral
2308104,Mauriti,CE,Ceará,Sul Cearense,Nordeste,Brejo Santo,Juazeiro do Norte
2308203,Meruoca,CE,Ceará,Noroeste Cearense,Nordeste,Sobral,Sobral
2308302,Milagres,CE,Ceará,Sul Cearense,Nordeste,Brejo Santo,Juazeiro do Norte
2308351,Milhã,CE,Ceará,Sertões Cearenses,Nordeste,Quixadá,Quixadá
2308377,Miraíma,CE,Ceará,Noroeste Cearense,Nordeste,Itapipoca,Fortaleza
2308401,Missão Velha,CE,Ceará,Sul Cearense,Nordeste,Juazeiro do Norte,Juazeiro do Norte
2308500,Mombaça,CE,Ceará,Sertões Cearenses,Nordeste,Iguatu,Iguatu
2308609,Monsenhor Tabosa,CE,Ceará,Sertões Cearenses,Nordeste,Crateús,Crateús
2308708,Morada Nova,CE,Ceará,Jaguaribe,Nordeste,Russas - Limoeiro do Norte,Quixadá
2308807,Moraújo,CE,Ceará,Noroeste Cearense,Nordeste,Sobral,Sobral
2308906,Morrinhos,CE,Ceará,Noroeste Cearense,Nordeste,Sobral,Sobral
2309003,Mucambo,CE,Ceará,Noroeste Cearense,Nordeste,Sobral,Sobral
2309102,Mulungu,CE,Ceará,Norte Cearense,Nordeste,Redenção-Acarape,Fortaleza
2309201,Nova Olinda,CE,Ceará,Sul Cearense,Nordeste,Juazeiro do Norte,Juazeiro do Norte
2309300,Nova Russas,CE,Ceará,Sertões Cearenses,Nordeste,Crateús,Crateús
2309409,Novo Oriente,CE,Ceará,Sertões Cearenses,Nordeste,Crateús,Crateús
2309458,Ocara,CE,Ceará,Norte Cearense,Nordeste,Redenção-Acarape,Fortaleza
2309508,Orós,CE,Ceará,Centro-Sul Cearense,Nordeste,Icó,Iguatu
2309607,Pacajus,CE,Ceará,Metropolitana de Fortaleza,Nordeste,Fortaleza,Fortaleza
2309706,Pacatuba,CE,Ceará,Metropolitana de Fortaleza,Nordeste,Fortaleza,Fortaleza
2309805,Pacoti,CE,Ceará,Norte Cearense,Nordeste,Redenção-Acarape,Fortaleza
2309904,Pacujá,CE,Ceará,Noroeste Cearense,Nordeste,Sobral,Sobral
2310001,Palhano,CE,Ceará,Jaguaribe,Nordeste,Russas - Limoeiro do Norte,Quixadá
2310100,Palmácia,CE,Ceará,Norte Cearense,Nordeste,Fortaleza,Fortaleza
2310209,Paracuru,CE,Ceará,Norte Cearense,Nordeste,Fortaleza,Fortaleza
2310258,Paraipaba,CE,Ceará,Norte Cearense,Nordeste,Fortaleza,Fortaleza
2310308,Parambu,CE,Ceará,Sertões Cearenses,Nordeste,Tauá,Crateús
2310407,Paramoti,CE,Ceará,Norte Cearense,Nordeste,Canindé,Fortaleza
2310506,Pedra Branca,CE,Ceará,Sertões Cearenses,Nordeste,Quixadá,Quixadá
2310605,Penaforte,CE,Ceará,Sul Cearense,Nordeste,Brejo Santo,Juazeiro do Norte
2310704,Pentecoste,CE,Ceará,Norte Cearense,Nordeste,Itapagé,Fortaleza
2310803,Pereiro,CE,Ceará,Jaguaribe,Nordeste,Russas - Limoeiro do Norte,Quixadá
2310852,Pindoretama,CE,Ceará,Norte Cearense,Nordeste,Fortaleza,Fortaleza
2310902,Piquet Carneiro,CE,Ceará,Sertões Cearenses,Nordeste,Iguatu,Iguatu
2310951,Pires Ferreira,CE,Ceará,Noroeste Cearense,Nordeste,São Benedito - Ipu - Guaraciaba do Norte - Tianguá,Sobral
2311009,Poranga,CE,Ceará,Noroeste Cearense,Nordeste,Crateús,Crateús
2311108,Porteiras,CE,Ceará,Sul Cearense,Nordeste,Brejo Santo,Juazeiro do Norte
2311207,Potengi,CE,Ceará,Sul Cearense,Nordeste,Juazeiro do Norte,Juazeiro do Norte
2311231,Potiretama,CE,Ceará,Jaguaribe,Nordeste,Russas - Limoeiro do Norte,Quixadá
2311264,Quiterianópolis,CE,Ceará,Sertões Cearenses,Nordeste,Crateús,Crateús
2311306,Quixadá,CE,Ceará,Sertões Cearenses,Nordeste,Quixadá,Quixadá
2311355,Quixelô,CE,Ceará,Centro-Sul Cearense,Nordeste,Iguatu,Iguatu
2311405,Quixeramobim,CE,Ceará,Sertões Cearenses,Nordeste,Quixadá,Quixadá
2311504,Quixeré,CE,Ceará,Jaguaribe,Nordeste,Russas - Limoeiro do Norte,Quixadá
2311603,Redenção,CE,Ceará,Norte Cearense,Nordeste,Redenção-Acarape,Fortaleza
2311702,Reriutaba,CE,Ceará,Noroeste Cearense,Nordeste,Sobral,Sobral
2311801,Russas,CE,Ceará,Jaguaribe,Nordeste,Russas - Limoeiro do Norte,Quixadá
2311900,Saboeiro,CE,Ceará,Sertões Cearenses,Nordeste,Iguatu,Iguatu
2311959,Salitre,CE,Ceará,Sul Cearense,Nordeste,Juazeiro do Norte,Juazeiro do Norte
2312007,Santana do Acaraú,CE,Ceará,Noroeste Cearense,Nordeste,Sobral,Sobral
2312106,Santana do Cariri,CE,Ceará,Sul Cearense,Nordeste,Juazeiro do Norte,Juazeiro do Norte
2312205,Santa Quitéria,CE,Ceará,Noroeste Cearense,Nordeste,Sobral,Sobral
2312304,São Benedito,CE,Ceará,Noroeste Cearense,Nordeste,São Benedito - Ipu - Guaraciaba do Norte - Tianguá,Sobral
2312403,São Gonçalo do Amarante,CE,Ceará,Norte Cearense,Nordeste,Fortaleza,Fortaleza
2312502,São João do Jaguaribe,CE,Ceará,Jaguaribe,Nordeste,Russas - Limoeiro do Norte,Quixadá
2312601,São Luís do Curu,CE,Ceará,Norte Cearense,Nordeste,Fortaleza,Fortaleza
2312700,Senador Pompeu,CE,Ceará,Sertões Cearenses,Nordeste,Quixadá,Quixadá
2312809,Senador Sá,CE,Ceará,Noroeste Cearense,Nordeste,Sobral,Sobral
2312908,Sobral,CE,Ceará,Noroeste Cearense,Nordeste,Sobral,Sobral
2313005,Solonópole,CE,Ceará,Sertões Cearenses,Nordeste,Quixadá,Quixadá
2313104,Tabuleiro do Norte,CE,Ceará,Jaguaribe,Nordeste,Russas - Limoeiro do Norte,Quixadá
2313203,Tamboril,CE,Ceará,Sertões Cearenses,Nordeste,Crateús,Crateús
2313252,Tarrafas,CE,Ceará,Centro-Sul Cearense,Nordeste,Juazeiro do Norte,Juazeiro do Norte
2313302,Tauá,CE,Ceará,Sertões Cearenses,Nordeste,Tauá,Crateús
2313351,Tejuçuoca,CE,Ceará,Norte Cearense,Nordeste,Itapagé,Fortaleza
2313401,Tianguá,CE,Ceará,Noroeste Cearense,Nordeste,São Benedito - Ipu - Guaraciaba do Norte - Tianguá,Sobral
2313500,Trairi,CE,Ceará,Norte Cearense,Nordeste,Itapipoca,Fortaleza
2313559,Tururu,CE,Ceará,Norte Cearense,Nordeste,Itapipoca,Fortaleza
2313609,Ubajara,CE,Ceará,Noroeste Cearense,Nordeste,São Benedito - Ipu - Guaraciaba do Norte - Tianguá,Sobral
2313708,Umari,CE,Ceará,Centro-Sul Cearense,Nordeste,Icó,Iguatu
2313757,Umirim,CE,Ceará,Norte Cearense,Nordeste,Itapipoca,Fortaleza
2313807,Uruburetama,CE,Ceará,Norte Cearense,Nordeste,Itapipoca,Fortaleza
2313906,Uruoca,CE,Ceará,Noroeste Cearense,Nordeste,Sobral,Sobral
2313955,Varjota,CE,Ceará,Noroeste Cearense,Nordeste,Sobral,Sobral
2314003,Várzea Alegre,CE,Ceará,Centro-Sul Cearense,Nordeste,Juazeiro do Norte,Juazeiro do Norte
2314102,Viçosa do Ceará,CE,Ceará,Noroeste Cearense,Nordeste,São Benedito - Ipu - Guaraciaba do Norte - Tianguá,Sobral
5300108,Brasília,DF,Distrito Federal,Distrito Federal,Centro-Oeste,Distrito Federal,Distrito Federal
3200102,Afonso Cláudio,ES,Espírito Santo,Central Espírito-santense,Sudeste,Afonso Cláudio - Venda Nova do Imigrante - Santa Maria de Jetibá,Vitória
3200136,Águia Branca,ES,Espírito Santo,Noroeste Espírito-santense,Sudeste,Colatina,Colatina
3200169,Água Doce do Norte,ES,Espírito Santo,Noroeste Espírito-santense,Sudeste,Nova Venécia,Colatina
3200201,Alegre,ES,Espírito Santo,Sul Espírito-santense,Sudeste,Alegre,Cachoeiro do Itapemirim
3200300,Alfredo Chaves,ES,Espírito Santo,Central Espírito-santense,Sudeste,Vitória,Vitória
3200359,Alto Rio Novo,ES,Espírito Santo,Noroeste Espírito-santense,Sudeste,Colatina,Colatina
3200409,Anchieta,ES,Espírito Santo,Central Espírito-santense,Sudeste,Vitória,Vitória
3200508,Apiacá,ES,Espírito Santo,Sul Espírito-santense,Sudeste,Alegre,Cachoeiro do Itapemirim
3200607,Aracruz,ES,Espírito Santo,Litoral Norte Espírito-santense,Sudeste,Linhares,São Mateus
3200706,Atílio Vivácqua,ES,Espírito Santo,Sul Espírito-santense,Sudeste,Cachoeiro de Itapemirim,Cachoeiro do Itapemirim
3200805,Baixo Guandu,ES,Espírito Santo,Noroeste Espírito-santense,Sudeste,Colatina,Colatina
3200904,Barra de São Francisco,ES,Espírito Santo,Noroeste Espírito-santense,Sudeste,Nova Venécia,Colatina
3201001,Boa Esperança,ES,Espírito Santo,Noroeste Espírito-santense,Sudeste,São Mateus,São Mateus
3201100,Bom Jesus do Norte,ES,Espírito Santo,Sul Espírito-santense,Sudeste,Alegre,Cachoeiro do Itapemirim
3201159,Brejetuba,ES,Espírito Santo,Central Espírito-santense,Sudeste,Afonso Cláudio - Venda Nova do Imigrante - Santa Maria de Jetibá,Vitória
3201209,Cachoeiro de Itapemirim,ES,Espírito Santo,Sul Espírito-santense,Sudeste,Cachoeiro de Itapemirim,Cachoeiro do Itapemirim
3201308,Cariacica,ES,Espírito Santo,Central Espírito-santense,Sudeste,Vitória,Vitória
3201407,Castelo,ES,Espírito Santo,Sul Espírito-santense,Sudeste,Cachoeiro de Itapemirim,Cachoeiro do Itapemirim
3201506,Colatina,ES,Espírito Santo,Noroeste Espírito-santense,Sudeste,Colatina,Colatina
3201605,Conceição da Barra,ES,Espírito Santo,Litoral Norte Espírito-santense,Sudeste,São Mateus,São Mateus
3201704,Conceição do Castelo,ES,Espírito Santo,Central Espírito-santense,Sudeste,Afonso Cláudio - Venda Nova do Imigrante - Santa Maria de Jetibá,Vitória
3201803,Divino de São Lourenço,ES,Espírito Santo,Sul Espírito-santense,Sudeste,Alegre,Cachoeiro do Itapemirim
3201902,Domingos Martins,ES,Espírito Santo,Central Espírito-santense,Sudeste,Afonso Cláudio - Venda Nova do Imigrante - Santa Maria de Jetibá,Vitória
3202009,Dores do Rio Preto,ES,Espírito Santo,Sul Espírito-santense,Sudeste,Alegre,Cachoeiro do Itapemirim
3202108,Ecoporanga,ES,Espírito Santo,Noroeste Espírito-santense,Sudeste,Nova Venécia,Colatina
3202207,Fundão,ES,Espírito Santo,Litoral Norte Espírito-santense,Sudeste,Vitória,Vitória
3202256,Governador Lindenberg,ES,Espírito Santo,Noroeste Espírito-santense,Sudeste,Colatina,Colatina
3202306,Guaçuí,ES,Espírito Santo,Sul Espírito-santense,Sudeste,Alegre,Cachoeiro do Itapemirim
3202405,Guarapari,ES,Espírito Santo,Central Espírito-santense,Sudeste,Vitória,Vitória
3202454,Ibatiba,ES,Espírito Santo,Sul Espírito-santense,Sudeste,Alegre,Cachoeiro do Itapemirim
3202504,Ibiraçu,ES,Espírito Santo,Litoral Norte Espírito-santense,Sudeste,Linhares,São Mateus
3202553,Ibitirama,ES,Espírito Santo,Sul Espírito-santense,Sudeste,Alegre,Cachoeiro do Itapemirim
3202603,Iconha,ES,Espírito Santo,Central Espírito-santense,Sudeste,Cachoeiro de Itapemirim,Cachoeiro do Itapemirim
3202652,Irupi,ES,Espírito Santo,Sul Espírito-santense,Sudeste,Alegre,Cachoeiro do Itapemirim
3202702,Itaguaçu,ES,Espírito Santo,Central Espírito-santense,Sudeste,Colatina,Colatina
3202801,Itapemirim,ES,Espírito Santo,Sul Espírito-santense,Sudeste,Cachoeiro de Itapemirim,Cachoeiro do Itapemirim
3202900,Itarana,ES,Espírito Santo,Central Espírito-santense,Sudeste,Afonso Cláudio - Venda Nova do Imigrante - Santa Maria de Jetibá,Vitória
3203007,Iúna,ES,Espírito Santo,Sul Espírito-santense,Sudeste,Alegre,Cachoeiro do Itapemirim
3203056,Jaguaré,ES,Espírito Santo,Litoral Norte Espírito-santense,Sudeste,São Mateus,São Mateus
3203106,Jerônimo Monteiro,ES,Espírito Santo,Sul Espírito-santense,Sudeste,Cachoeiro de Itapemirim,Cachoeiro do Itapemirim
3203130,João Neiva,ES,Espírito Santo,Litoral Norte Espírito-santense,Sudeste,Linhares,São Mateus
3203163,Laranja da Terra,ES,Espírito Santo,Central Espírito-santense,Sudeste,Afonso Cláudio - Venda Nova do Imigrante - Santa Maria de Jetibá,Vitória
3203205,Linhares,ES,Espírito Santo,Litoral Norte Espírito-santense,Sudeste,Linhares,São Mateus
3203304,Mantenópolis,ES,Espírito Santo,Noroeste Espírito-santense,Sudeste,Colatina,Colatina
3203320,Marataízes,ES,Espírito Santo,Sul Espírito-santense,Sudeste,Cachoeiro de Itapemirim,Cachoeiro do Itapemirim
3203346,Marechal Floriano,ES,Espírito Santo,Central Espírito-santense,Sudeste,Afonso Cláudio - Venda Nova do Imigrante - Santa Maria de Jetibá,Vitória
3203353,Marilândia,ES,Espírito Santo,Noroeste Espírito-santense,Sudeste,Colatina,Colatina
3203403,Mimoso do Sul,ES,Espírito Santo,Sul Espírito-santense,Sudeste,Cachoeiro de Itapemirim,Cachoeiro do Itapemirim
3203502,Montanha,ES,Espírito Santo,Litoral Norte Espírito-santense,Sudeste,São Mateus,São Mateus
3203601,Mucurici,ES,Espírito Santo,Litoral Norte Espírito-santense,Sudeste,São Mateus,São Mateus
3203700,Muniz Freire,ES,Espírito Santo,Sul Espírito-santense,Sudeste,Alegre,Cachoeiro do Itapemirim
3203809,Muqui,ES,Espírito Santo,Sul Espírito-santense,Sudeste,Cachoeiro de Itapemirim,Cachoeiro do Itapemirim
3203908,Nova Venécia,ES,Espírito Santo,Noroeste Espírito-santense,Sudeste,Nova Venécia,Colatina
3204005,Pancas,ES,Espírito Santo,Noroeste Espírito-santense,Sudeste,Colatina,Colatina
3204054,Pedro Canário,ES,Espírito Santo,Litoral Norte Espírito-santense,Sudeste,São Mateus,São Mateus
3204104,Pinheiros,ES,Espírito Santo,Litoral Norte Espírito-santense,Sudeste,São Mateus,São Mateus
3204203,Piúma,ES,Espírito Santo,Central Espírito-santense,Sudeste,Vitória,Vitória
3204252,Ponto Belo,ES,Espírito Santo,Litoral Norte Espírito-santense,Sudeste,São Mateus,São Mateus
3204302,Presidente Kennedy,ES,Espírito Santo,Sul Espírito-santense,Sudeste,Cachoeiro de Itapemirim,Cachoeiro do Itapemirim
3204351,Rio Bananal,ES,Espírito Santo,Litoral Norte Espírito-santense,Sudeste,Linhares,São Mateus
3204401,Rio Novo do Sul,ES,Espírito Santo,Central Espírito-santense,Sudeste,Cachoeiro de Itapemirim,Cachoeiro do Itapemirim
3204500,Santa Leopoldina,ES,Espírito Santo,Central Espírito-santense,Sudeste,Afonso Cláudio - Venda Nova do Imigrante - Santa Maria de Jetibá,Vitória
3204559,Santa Maria de Jetibá,ES,Espírito Santo,Central Espírito-santense,Sudeste,Afonso Cláudio - Venda Nova do Imigrante - Santa Maria de Jetibá,Vitória
3204609,Santa Teresa,ES,Espírito Santo,Central Espírito-santense,Sudeste,Afonso Cláudio - Venda Nova do Imigrante - Santa Maria de Jetibá,Vitória
3204658,São Domingos do Norte,ES,Espírito Santo,Noroeste Espírito-santense,Sudeste,Colatina,Colatina
3204708,São Gabriel da Palha,ES,Espírito Santo,Noroeste Espírito-santense,Sudeste,Colatina,Colatina
3204807,São José do Calçado,ES,Espírito Santo,Sul Espírito-santense,Sudeste,Alegre,Cachoeiro do Itapemirim
3204906,São Mateus,ES,Espírito Santo,Litoral Norte Espírito-santense,Sudeste,São Mateus,São Mateus
3204955,São Roque do Canaã,ES,Espírito Santo,Central Espírito-santense,Sudeste,Colatina,Colatina
3205002,Serra,ES,Espírito Santo,Central Espírito-santense,Sudeste,Vitória,Vitória
3205010,Sooretama,ES,Espírito Santo,Litoral Norte Espírito-santense,Sudeste,Linhares,São Mateus
3205036,Vargem Alta,ES,Espírito Santo,Sul Espírito-santense,Sudeste,Cachoeiro de Itapemirim,Cachoeiro do Itapemirim
3205069,Venda Nova do Imigrante,ES,Espírito Santo,Central Espírito-santense,Sudeste,Afonso Cláudio - Venda Nova do Imigrante - Santa Maria de Jetibá,Vitória
3205101,Viana,ES,Espírito Santo,Central Espírito-santense,Sudeste,Vitória,Vitória
3205150,Vila Pavão,ES,Espírito Santo,Noroeste Espírito-santense,Sudeste,Nova Venécia,Colatina
3205176,Vila Valério,ES,Espírito Santo,Noroeste Espírito-santense,Sudeste,Colatina,Colatina
3205200,Vila Velha,ES,Espírito Santo,Central Espírito-santense,Sudeste,Vitória,Vitória
3205309,Vitória,ES,Espírito Santo,Central Espírito-santense,Sudeste,Vitória,Vitória
5200050,Abadia de Goiás,GO,Goiás,Centro Goiano,Centro-Oeste,Goiânia,Goiânia
5200100,Abadiânia,GO,Goiás,Leste Goiano,Centro-Oeste,Anápolis,Goiânia
5200134,Acreúna,GO,Goiás,Sul Goiano,Centro-Oeste,Palmeiras de Goiás,São Luís de Montes Belos - Iporá
5200159,Adelândia,GO,Goiás,Centro Goiano,Centro-Oeste,Inhumas - Itaberaí - Anicuns,Goiânia
5200175,Água Fria de Goiás,GO,Goiás,Leste Goiano,Centro-Oeste,Flores de Goiás,Luziânia - Águas Lindas de Goiás
5200209,Água Limpa,GO,Goiás,Sul Goiano,Centro-Oeste,Caldas Novas-Morrinhos,Itumbiara
5200258,Águas Lindas de Goiás,GO,Goiás,Leste Goiano,Centro-Oeste,Águas Lindas de Goiás,Luziânia - Águas Lindas de Goiás
5200308,Alexânia,GO,Goiás,Leste Goiano,Centro-Oeste,Anápolis,Goiânia
5200506,Aloândia,GO,Goiás,Sul Goiano,Centro-Oeste,Itumbiara,Itumbiara
5200555,Alto Horizonte,GO,Goiás,Norte Goiano,Centro-Oeste,Uruaçu - Niquelândia,Porangatu - Uruaçu
5200605,Alto Paraíso de Goiás,GO,Goiás,Norte Goiano,Centro-Oeste,Flores de Goiás,Luziânia - Águas Lindas de Goiás
5200803,Alvorada do Norte,GO,Goiás,Leste Goiano,Centro-Oeste,Posse-Campos Belos,Luziânia - Águas Lindas de Goiás
5200829,Amaralina,GO,Goiás,Norte Goiano,Centro-Oeste,Uruaçu - Niquelândia,Porangatu - Uruaçu
5200852,Americano do Brasil,GO,Goiás,Centro Goiano,Centro-Oeste,Inhumas - Itaberaí - Anicuns,Goiânia
5200902,Amorinópolis,GO,Goiás,Centro Goiano,Centro-Oeste,Iporá,São Luís de Montes Belos - Iporá
5201108,Anápolis,GO,Goiás,Centro Goiano,Centro-Oeste,Anápolis,Goiânia
5201207,Anhanguera,GO,Goiás,Sul Goiano,Centro-Oeste,Catalão,Goiânia
5201306,Anicuns,GO,Goiás,Centro Goiano,Centro-Oeste,Inhumas - Itaberaí - Anicuns,Goiânia
5201405,Aparecida de Goiânia,GO,Goiás,Centro Goiano,Centro-Oeste,Goiânia,Goiânia
5201454,Aparecida do Rio Doce,GO,Goiás,Sul Goiano,Centro-Oeste,Rio Verde,Rio Verde
5201504,Aporé,GO,Goiás,Sul Goiano,Centro-Oeste,Jataí-Mineiros,Rio Verde
5201603,Araçu,GO,Goiás,Centro Goiano,Centro-Oeste,Inhumas - Itaberaí - Anicuns,Goiânia
5201702,Aragarças,GO,Goiás,Noroeste Goiano,Centro-Oeste,Iporá,São Luís de Montes Belos - Iporá
5201801,Aragoiânia,GO,Goiás,Centro Goiano,Centro-Oeste,Goiânia,Goiânia
5202155,Araguapaz,GO,Goiás,Noroeste Goiano,Centro-Oeste,Goiás - Itapuranga,Goiânia
5202353,Arenópolis,GO,Goiás,Noroeste Goiano,Centro-Oeste,Iporá,São Luís de Montes Belos - Iporá
5202502,Aruanã,GO,Goiás,Noroeste Goiano,Centro-Oeste,Goiás - Itapuranga,Goiânia
5202601,Aurilândia,GO,Goiás,Centro Goiano,Centro-Oeste,São Luís de Montes Belos,São Luís de Montes Belos - Iporá
5202809,Avelinópolis,GO,Goiás,Centro Goiano,Centro-Oeste,Inhumas - Itaberaí - Anicuns,Goiânia
5203104,Baliza,GO,Goiás,Noroeste Goiano,Centro-Oeste,Iporá,São Luís de Montes Belos - Iporá
5203203,Barro Alto,GO,Goiás,Centro Goiano,Centro-Oeste,Ceres - Rialma - Goianésia,Porangatu - Uruaçu
5203302,Bela Vista de Goiás,GO,Goiás,Centro Goiano,Centro-Oeste,Goiânia,Goiânia
5203401,Bom Jardim de Goiás,GO,Goiás,Noroeste Goiano,Centro-Oeste,Iporá,São Luís de Montes Belos - Iporá
5203500,Bom Jesus de Goiás,GO,Goiás,Sul Goiano,Centro-Oeste,Itumbiara,Itumbiara
5203559,Bonfinópolis,GO,Goiás,Centro Goiano,Centro-Oeste,Goiânia,Goiânia
5203575,Bonópolis,GO,Goiás,Norte Goiano,Centro-Oeste,Porangatu,Porangatu - Uruaçu
5203609,Brazabrantes,GO,Goiás,Centro Goiano,Centro-Oeste,Goiânia,Goiânia
5203807,Britânia,GO,Goiás,Noroeste Goiano,Centro-Oeste,Goiás - Itapuranga,Goiânia
5203906,Buriti Alegre,GO,Goiás,Sul Goiano,Centro-Oeste,Itumbiara,Itumbiara
5203939,Buriti de Goiás,GO,Goiás,Centro Goiano,Centro-Oeste,São Luís de Montes Belos,São Luís de Montes Belos - Iporá
5203962,Buritinópolis,GO,Goiás,Leste Goiano,Centro-Oeste,Posse-Campos Belos,Luziânia - Águas Lindas de Goiás
5204003,Cabeceiras,GO,Goiás,Leste Goiano,Centro-Oeste,Águas Lindas de Goiás,Luziânia - Águas Lindas de Goiás
5204102,Cachoeira Alta,GO,Goiás,Sul Goiano,Centro-Oeste,Rio Verde,Rio Verde
5204201,Cachoeira de Goiás,GO,Goiás,Centro Goiano,Centro-Oeste,São Luís de Montes Belos,São Luís de Montes Belos - Iporá
5204250,Cachoeira Dourada,GO,Goiás,Sul Goiano,Centro-Oeste,Itumbiara,Itumbiara
5204300,Caçu,GO,Goiás,Sul Goiano,Centro-Oeste,Rio Verde,Rio Verde
5204409,Caiapônia,GO,Goiás,Sul Goiano,Centro-Oeste,Jataí-Mineiros,Rio Verde
5204508,Caldas Novas,GO,Goiás,Sul Goiano,Centro-Oeste,Caldas Novas-Morrinhos,Itumbiara
5204557,Caldazinha,GO,Goiás,Centro Goiano,Centro-Oeste,Goiânia,Goiânia
5204607,Campestre de Goiás,GO,Goiás,Sul Goiano,Centro-Oeste,Palmeiras de Goiás,São Luís de Montes Belos - Iporá
5204656,Campinaçu,GO,Goiás,Norte Goiano,Centro-Oeste,Porangatu,Porangatu - Uruaçu
5204706,Campinorte,GO,Goiás,Norte Goiano,Centro-Oeste,Uruaçu - Niquelândia,Porangatu - Uruaçu
5204805,Campo Alegre de Goiás,GO,Goiás,Sul Goiano,Centro-Oeste,Catalão,Goiânia
5204854,Campo Limpo de Goiás,GO,Goiás,Centro Goiano,Centro-Oeste,Anápolis,Goiânia
5204904,Campos Belos,GO,Goiás,Norte Goiano,Centro-Oeste,Posse-Campos Belos,Luziânia - Águas Lindas de Goiás
5204953,Campos Verdes,GO,Goiás,Norte Goiano,Centro-Oeste,Ceres - Rialma - Goianésia,Porangatu - Uruaçu
5205000,Carmo do Rio Verde,GO,Goiás,Centro Goiano,Centro-Oeste,Ceres - Rialma - Goianésia,Porangatu - Uruaçu
5205059,Castelândia,GO,Goiás,Sul Goiano,Centro-Oeste,Rio Verde,Rio Verde
5205109,Catalão,GO,Goiás,Sul Goiano,Centro-Oeste,Catalão,Goiânia
5205208,Caturaí,GO,Goiás,Centro Goiano,Centro-Oeste,Goiânia,Goiânia
5205307,Cavalcante,GO,Goiás,Norte Goiano,Centro-Oeste,Flores de Goiás,Luziânia - Águas Lindas de Goiás
5205406,Ceres,GO,Goiás,Centro Goiano,Centro-Oeste,Ceres - Rialma - Goianésia,Porangatu - Uruaçu
5205455,Cezarina,GO,Goiás,Sul Goiano,Centro-Oeste,Palmeiras de Goiás,São Luís de Montes Belos - Iporá
5205471,Chapadão do Céu,GO,Goiás,Sul Goiano,Centro-Oeste,Jataí-Mineiros,Rio Verde
5205497,Cidade Ocidental,GO,Goiás,Leste Goiano,Centro-Oeste,Luziânia,Luziânia - Águas Lindas de Goiás
5205513,Cocalzinho de Goiás,GO,Goiás,Leste Goiano,Centro-Oeste,Águas Lindas de Goiás,Luziânia - Águas Lindas de Goiás
5205521,Colinas do Sul,GO,Goiás,Norte Goiano,Centro-Oeste,Uruaçu - Niquelândia,Porangatu - Uruaçu
5205703,Córrego do Ouro,GO,Goiás,Centro Goiano,Centro-Oeste,São Luís de Montes Belos,São Luís de Montes Belos - Iporá
5205802,Corumbá de Goiás,GO,Goiás,Leste Goiano,Centro-Oeste,Anápolis,Goiânia
5205901,Corumbaíba,GO,Goiás,Sul Goiano,Centro-Oeste,Caldas Novas-Morrinhos,Itumbiara
5206206,Cristalina,GO,Goiás,Leste Goiano,Centro-Oeste,Luziânia,Luziânia - Águas Lindas de Goiás
5206305,Cristianópolis,GO,Goiás,Sul Goiano,Centro-Oeste,Piracanjuba,Itumbiara
5206404,Crixás,GO,Goiás,Noroeste Goiano,Centro-Oeste,Ceres - Rialma - Goianésia,Porangatu - Uruaçu
5206503,Cromínia,GO,Goiás,Sul Goiano,Centro-Oeste,Piracanjuba,Itumbiara
5206602,Cumari,GO,Goiás,Sul Goiano,Centro-Oeste,Catalão,Goiânia
5206701,Damianópolis,GO,Goiás,Leste Goiano,Centro-Oeste,Posse-Campos Belos,Luziânia - Águas Lindas de Goiás
5206800,Damolândia,GO,Goiás,Centro Goiano,Centro-Oeste,Inhumas - Itaberaí - Anicuns,Goiânia
5206909,Davinópolis,GO,Goiás,Sul Goiano,Centro-Oeste,Catalão,Goiânia
5207105,Diorama,GO,Goiás,Noroeste Goiano,Centro-Oeste,Iporá,São Luís de Montes Belos - Iporá
5207253,Doverlândia,GO,Goiás,Sul Goiano,Centro-Oeste,Jataí-Mineiros,Rio Verde
5207352,Edealina,GO,Goiás,Sul Goiano,Centro-Oeste,Piracanjuba,Itumbiara
5207402,Edéia,GO,Goiás,Sul Goiano,Centro-Oeste,Palmeiras de Goiás,São Luís de Montes Belos - Iporá
5207501,Estrela do Norte,GO,Goiás,Norte Goiano,Centro-Oeste,Porangatu,Porangatu - Uruaçu
5207535,Faina,GO,Goiás,Noroeste Goiano,Centro-Oeste,Goiás - Itapuranga,Goiânia
5207600,Fazenda Nova,GO,Goiás,Centro Goiano,Centro-Oeste,São Luís de Montes Belos,São Luís de Montes Belos - Iporá
5207808,Firminópolis,GO,Goiás,Centro Goiano,Centro-Oeste,Palmeiras de Goiás,São Luís de Montes Belos - Iporá
5207907,Flores de Goiás,GO,Goiás,Leste Goiano,Centro-Oeste,Flores de Goiás,Luziânia - Águas Lindas de Goiás
5208004,Formosa,GO,Goiás,Leste Goiano,Centro-Oeste,Águas Lindas de Goiás,Luziânia - Águas Lindas de Goiás
5208103,Formoso,GO,Goiás,Norte Goiano,Centro-Oeste,Porangatu,Porangatu - Uruaçu
5208152,Gameleira de Goiás,GO,Goiás,Sul Goiano,Centro-Oeste,Anápolis,Goiânia
5208301,Divinópolis de Goiás,GO,Goiás,Leste Goiano,Centro-Oeste,Posse-Campos Belos,Luziânia - Águas Lindas de Goiás
5208400,Goianápolis,GO,Goiás,Centro Goiano,Centro-Oeste,Anápolis,Goiânia
5208509,Goiandira,GO,Goiás,Sul Goiano,Centro-Oeste,Catalão,Goiânia
5208608,Goianésia,GO,Goiás,Centro Goiano,Centro-Oeste,Ceres - Rialma - Goianésia,Porangatu - Uruaçu
5208707,Goiânia,GO,Goiás,Centro Goiano,Centro-Oeste,Goiânia,Goiânia
5208806,Goianira,GO,Goiás,Centro Goiano,Centro-Oeste,Goiânia,Goiânia
5208905,Goiás,GO,Goiás,Noroeste Goiano,Centro-Oeste,Goiás - Itapuranga,Goiânia
5209101,Goiatuba,GO,Goiás,Sul Goiano,Centro-Oeste,Itumbiara,Itumbiara
5209150,Gouvelândia,GO,Goiás,Sul Goiano,Centro-Oeste,Quirinópolis,Rio Verde
5209200,Guapó,GO,Goiás,Centro Goiano,Centro-Oeste,Goiânia,Goiânia
5209291,Guaraíta,GO,Goiás,Centro Goiano,Centro-Oeste,Goiás - Itapuranga,Goiânia
5209408,Guarani de Goiás,GO,Goiás,Leste Goiano,Centro-Oeste,Posse-Campos Belos,Luziânia - Águas Lindas de Goiás
5209457,Guarinos,GO,Goiás,Centro Goiano,Centro-Oeste,Ceres - Rialma - Goianésia,Porangatu - Uruaçu
5209606,Heitoraí,GO,Goiás,Centro Goiano,Centro-Oeste,Inhumas - Itaberaí - Anicuns,Goiânia
5209705,Hidrolândia,GO,Goiás,Centro Goiano,Centro-Oeste,Goiânia,Goiânia
5209804,Hidrolina,GO,Goiás,Centro Goiano,Centro-Oeste,Uruaçu - Niquelândia,Porangatu - Uruaçu
5209903,Iaciara,GO,Goiás,Leste Goiano,Centro-Oeste,Posse-Campos Belos,Luziânia - Águas Lindas de Goiás
5209937,Inaciolândia,GO,Goiás,Sul Goiano,Centro-Oeste,Quirinópolis,Rio Verde
5209952,Indiara,GO,Goiás,Sul Goiano,Centro-Oeste,Palmeiras de Goiás,São Luís de Montes Belos - Iporá
5210000,Inhumas,GO,Goiás,Centro Goiano,Centro-Oeste,Inhumas - Itaberaí - Anicuns,Goiânia
5210109,Ipameri,GO,Goiás,Sul Goiano,Centro-Oeste,Catalão,Goiânia
5210158,Ipiranga de Goiás,GO,Goiás,Centro Goiano,Centro-Oeste,Ceres - Rialma - Goianésia,Porangatu - Uruaçu
5210208,Iporá,GO,Goiás,Centro Goiano,Centro-Oeste,Iporá,São Luís de Montes Belos - Iporá
5210307,Israelândia,GO,Goiás,Centro Goiano,Centro-Oeste,Iporá,São Luís de Montes Belos - Iporá
5210406,Itaberaí,GO,Goiás,Centro Goiano,Centro-Oeste,Inhumas - Itaberaí - Anicuns,Goiânia
5210562,Itaguari,GO,Goiás,Centro Goiano,Centro-Oeste,Inhumas - Itaberaí - Anicuns,Goiânia
5210604,Itaguaru,GO,Goiás,Centro Goiano,Centro-Oeste,Inhumas - Itaberaí - Anicuns,Goiânia
5210802,Itajá,GO,Goiás,Sul Goiano,Centro-Oeste,Rio Verde,Rio Verde
5210901,Itapaci,GO,Goiás,Centro Goiano,Centro-Oeste,Ceres - Rialma - Goianésia,Porangatu - Uruaçu
5211008,Itapirapuã,GO,Goiás,Noroeste Goiano,Centro-Oeste,Goiás - Itapuranga,Goiânia
5211206,Itapuranga,GO,Goiás,Centro Goiano,Centro-Oeste,Goiás - Itapuranga,Goiânia
5211305,Itarumã,GO,Goiás,Sul Goiano,Centro-Oeste,Rio Verde,Rio Verde
5211404,Itauçu,GO,Goiás,Centro Goiano,Centro-Oeste,Inhumas - Itaberaí - Anicuns,Goiânia
5211503,Itumbiara,GO,Goiás,Sul Goiano,Centro-Oeste,Itumbiara,Itumbiara
5211602,Ivolândia,GO,Goiás,Centro Goiano,Centro-Oeste,São Luís de Montes Belos,São Luís de Montes Belos - Iporá
5211701,Jandaia,GO,Goiás,Sul Goiano,Centro-Oeste,Palmeiras de Goiás,São Luís de Montes Belos - Iporá
5211800,Jaraguá,GO,Goiás,Centro Goiano,Centro-Oeste,Anápolis,Goiânia
5211909,Jataí,GO,Goiás,Sul Goiano,Centro-Oeste,Jataí-Mineiros,Rio Verde
5212006,Jaupaci,GO,Goiás,Centro Goiano,Centro-Oeste,Iporá,São Luís de Montes Belos - Iporá
5212055,Jesúpolis,GO,Goiás,Centro Goiano,Centro-Oeste,Anápolis,Goiânia
5212105,Joviânia,GO,Goiás,Sul Goiano,Centro-Oeste,Itumbiara,Itumbiara
5212204,Jussara,GO,Goiás,Noroeste Goiano,Centro-Oeste,Goiás - Itapuranga,Goiânia
5212253,Lagoa Santa,GO,Goiás,Sul Goiano,Centro-Oeste,Rio Verde,Rio Verde
5212303,Leopoldo de Bulhões,GO,Goiás,Centro Goiano,Centro-Oeste,Anápolis,Goiânia
5212501,Luziânia,GO,Goiás,Leste Goiano,Centro-Oeste,Luziânia,Luziânia - Águas Lindas de Goiás
5212600,Mairipotaba,GO,Goiás,Sul Goiano,Centro-Oeste,Piracanjuba,Itumbiara
5212709,Mambaí,GO,Goiás,Leste Goiano,Centro-Oeste,Posse-Campos Belos,Luziânia - Águas Lindas de Goiás
5212808,Mara Rosa,GO,Goiás,Norte Goiano,Centro-Oeste,Uruaçu - Niquelândia,Porangatu - Uruaçu
5212907,Marzagão,GO,Goiás,Sul Goiano,Centro-Oeste,Caldas Novas-Morrinhos,Itumbiara
5212956,Matrinchã,GO,Goiás,Noroeste Goiano,Centro-Oeste,Goiás - Itapuranga,Goiânia
5213004,Maurilândia,GO,Goiás,Sul Goiano,Centro-Oeste,Rio Verde,Rio Verde
5213053,Mimoso de Goiás,GO,Goiás,Leste Goiano,Centro-Oeste,Águas Lindas de Goiás,Luziânia - Águas Lindas de Goiás
5213087,Minaçu,GO,Goiás,Norte Goiano,Centro-Oeste,Porangatu,Porangatu - Uruaçu
5213103,Mineiros,GO,Goiás,Sul Goiano,Centro-Oeste,Jataí-Mineiros,Rio Verde
5213400,Moiporá,GO,Goiás,Centro Goiano,Centro-Oeste,São Luís de Montes Belos,São Luís de Montes Belos - Iporá
5213509,Monte Alegre de Goiás,GO,Goiás,Norte Goiano,Centro-Oeste,Posse-Campos Belos,Luziânia - Águas Lindas de Goiás
5213707,Montes Claros de Goiás,GO,Goiás,Noroeste Goiano,Centro-Oeste,Iporá,São Luís de Montes Belos - Iporá
5213756,Montividiu,GO,Goiás,Sul Goiano,Centro-Oeste,Rio Verde,Rio Verde
5213772,Montividiu do Norte,GO,Goiás,Norte Goiano,Centro-Oeste,Porangatu,Porangatu - Uruaçu
5213806,Morrinhos,GO,Goiás,Sul Goiano,Centro-Oeste,Caldas Novas-Morrinhos,Itumbiara
5213855,Morro Agudo de Goiás,GO,Goiás,Centro Goiano,Centro-Oeste,Ceres - Rialma - Goianésia,Porangatu - Uruaçu
5213905,Mossâmedes,GO,Goiás,Centro Goiano,Centro-Oeste,Goiás - Itapuranga,Goiânia
5214002,Mozarlândia,GO,Goiás,Noroeste Goiano,Centro-Oeste,Goiás - Itapuranga,Goiânia
5214051,Mundo Novo,GO,Goiás,Noroeste Goiano,Centro-Oeste,Porangatu,Porangatu - Uruaçu
5214101,Mutunópolis,GO,Goiás,Norte Goiano,Centro-Oeste,Porangatu,Porangatu - Uruaçu
5214408,Nazário,GO,Goiás,Centro Goiano,Centro-Oeste,Palmeiras de Goiás,São Luís de Montes Belos - Iporá
5214507,Nerópolis,GO,Goiás,Centro Goiano,Centro-Oeste,Goiânia,Goiânia
5214606,Niquelândia,GO,Goiás,Norte Goiano,Centro-Oeste,Uruaçu - Niquelândia,Porangatu - Uruaçu
5214705,Nova América,GO,Goiás,Centro Goiano,Centro-Oeste,Ceres - Rialma - Goianésia,Porangatu - Uruaçu
5214804,Nova Aurora,GO,Goiás,Sul Goiano,Centro-Oeste,Catalão,Goiânia
5214838,Nova Crixás,GO,Goiás,Noroeste Goiano,Centro-Oeste,Goiás - Itapuranga,Goiânia
5214861,Nova Glória,GO,Goiás,Centro Goiano,Centro-Oeste,Ceres - Rialma - Goianésia,Porangatu - Uruaçu
5214879,Nova Iguaçu de Goiás,GO,Goiás,Norte Goiano,Centro-Oeste,Uruaçu - Niquelândia,Porangatu - Uruaçu
5214903,Nova Roma,GO,Goiás,Norte Goiano,Centro-Oeste,Posse-Campos Belos,Luziânia - Águas Lindas de Goiás
5215009,Nova Veneza,GO,Goiás,Centro Goiano,Centro-Oeste,Goiânia,Goiânia
5215207,Novo Brasil,GO,Goiás,Centro Goiano,Centro-Oeste,Goiás - Itapuranga,Goiânia
5215231,Novo Gama,GO,Goiás,Leste Goiano,Centro-Oeste,Luziânia,Luziânia - Águas Lindas de Goiás
5215256,Novo Planalto,GO,Goiás,Noroeste Goiano,Centro-Oeste,Porangatu,Porangatu - Uruaçu
5215306,Orizona,GO,Goiás,Sul Goiano,Centro-Oeste,Pires do Rio,Goiânia
5215405,Ouro Verde de Goiás,GO,Goiás,Centro Goiano,Centro-Oeste,Anápolis,Goiânia
5215504,Ouvidor,GO,Goiás,Sul Goiano,Centro-Oeste,Catalão,Goiânia
5215603,Padre Bernardo,GO,Goiás,Leste Goiano,Centro-Oeste,Águas Lindas de Goiás,Luziânia - Águas Lindas de Goiás
5215652,Palestina de Goiás,GO,Goiás,Sul Goiano,Centro-Oeste,Iporá,São Luís de Montes Belos - Iporá
5215702,Palmeiras de Goiás,GO,Goiás,Sul Goiano,Centro-Oeste,Palmeiras de Goiás,São Luís de Montes Belos - Iporá
5215801,Palmelo,GO,Goiás,Sul Goiano,Centro-Oeste,Pires do Rio,Goiânia
5215900,Palminópolis,GO,Goiás,Sul Goiano,Centro-Oeste,Palmeiras de Goiás,São Luís de Montes Belos - Iporá
5216007,Panamá,GO,Goiás,Sul Goiano,Centro-Oeste,Itumbiara,Itumbiara
5216304,Paranaiguara,GO,Goiás,Sul Goiano,Centro-Oeste,Quirinópolis,Rio Verde
5216403,Paraúna,GO,Goiás,Sul Goiano,Centro-Oeste,Palmeiras de Goiás,São Luís de Montes Belos - Iporá
5216452,Perolândia,GO,Goiás,Sul Goiano,Centro-Oeste,Jataí-Mineiros,Rio Verde
5216809,Petrolina de Goiás,GO,Goiás,Centro Goiano,Centro-Oeste,Anápolis,Goiânia
5216908,Pilar de Goiás,GO,Goiás,Centro Goiano,Centro-Oeste,Ceres - Rialma - Goianésia,Porangatu - Uruaçu
5217104,Piracanjuba,GO,Goiás,Sul Goiano,Centro-Oeste,Piracanjuba,Itumbiara
5217203,Piranhas,GO,Goiás,Noroeste Goiano,Centro-Oeste,Iporá,São Luís de Montes Belos - Iporá
5217302,Pirenópolis,GO,Goiás,Leste Goiano,Centro-Oeste,Anápolis,Goiânia
5217401,Pires do Rio,GO,Goiás,Sul Goiano,Centro-Oeste,Pires do Rio,Goiânia
5217609,Planaltina,GO,Goiás,Leste Goiano,Centro-Oeste,Águas Lindas de Goiás,Luziânia - Águas Lindas de Goiás
5217708,Pontalina,GO,Goiás,Sul Goiano,Centro-Oeste,Piracanjuba,Itumbiara
5218003,Porangatu,GO,Goiás,Norte Goiano,Centro-Oeste,Porangatu,Porangatu - Uruaçu
5218052,Porteirão,GO,Goiás,Sul Goiano,Centro-Oeste,Rio Verde,Rio Verde
5218102,Portelândia,GO,Goiás,Sul Goiano,Centro-Oeste,Jataí-Mineiros,Rio Verde
5218300,Posse,GO,Goiás,Leste Goiano,Centro-Oeste,Posse-Campos Belos,Luziânia - Águas Lindas de Goiás
5218391,Professor Jamil,GO,Goiás,Sul Goiano,Centro-Oeste,Piracanjuba,Itumbiara
5218508,Quirinópolis,GO,Goiás,Sul Goiano,Centro-Oeste,Quirinópolis,Rio Verde
5218607,Rialma,GO,Goiás,Centro Goiano,Centro-Oeste,Ceres - Rialma - Goianésia,Porangatu - Uruaçu
5218706,Rianápolis,GO,Goiás,Centro Goiano,Centro-Oeste,Ceres - Rialma - Goianésia,Porangatu - Uruaçu
5218789,Rio Quente,GO,Goiás,Sul Goiano,Centro-Oeste,Caldas Novas-Morrinhos,Itumbiara
5218805,Rio Verde,GO,Goiás,Sul Goiano,Centro-Oeste,Rio Verde,Rio Verde
5218904,Rubiataba,GO,Goiás,Centro Goiano,Centro-Oeste,Ceres - Rialma - Goianésia,Porangatu - Uruaçu
5219001,Sanclerlândia,GO,Goiás,Centro Goiano,Centro-Oeste,São Luís de Montes Belos,São Luís de Montes Belos - Iporá
5219100,Santa Bárbara de Goiás,GO,Goiás,Centro Goiano,Centro-Oeste,Palmeiras de Goiás,São Luís de Montes Belos - Iporá
5219209,Santa Cruz de Goiás,GO,Goiás,Sul Goiano,Centro-Oeste,Pires do Rio,Goiânia
5219258,Santa Fé de Goiás,GO,Goiás,Noroeste Goiano,Centro-Oeste,Goiás - Itapuranga,Goiânia
5219308,Santa Helena de Goiás,GO,Goiás,Sul Goiano,Centro-Oeste,Rio Verde,Rio Verde
5219357,Santa Isabel,GO,Goiás,Centro Goiano,Centro-Oeste,Ceres - Rialma - Goianésia,Porangatu - Uruaçu
5219407,Santa Rita do Araguaia,GO,Goiás,Sul Goiano,Centro-Oeste,Jataí-Mineiros,Rio Verde
5219456,Santa Rita do Novo Destino,GO,Goiás,Centro Goiano,Centro-Oeste,Ceres - Rialma - Goianésia,Porangatu - Uruaçu
5219506,Santa Rosa de Goiás,GO,Goiás,Centro Goiano,Centro-Oeste,Anápolis,Goiânia
5219605,Santa Tereza de Goiás,GO,Goiás,Norte Goiano,Centro-Oeste,Porangatu,Porangatu - Uruaçu
5219704,Santa Terezinha de Goiás,GO,Goiás,Norte Goiano,Centro-Oeste,Ceres - Rialma - Goianésia,Porangatu - Uruaçu
5219712,Santo Antônio da Barra,GO,Goiás,Sul Goiano,Centro-Oeste,Rio Verde,Rio Verde
5219738,Santo Antônio de Goiás,GO,Goiás,Centro Goiano,Centro-Oeste,Goiânia,Goiânia
5219753,Santo Antônio do Descoberto,GO,Goiás,Leste Goiano,Centro-Oeste,Luziânia,Luziânia - Águas Lindas de Goiás
5219803,São Domingos,GO,Goiás,Leste Goiano,Centro-Oeste,Posse-Campos Belos,Luziânia - Águas Lindas de Goiás
5219902,São Francisco de Goiás,GO,Goiás,Centro Goiano,Centro-Oeste,Anápolis,Goiânia
5220009,São João d'Aliança,GO,Goiás,Norte Goiano,Centro-Oeste,Flores de Goiás,Luziânia - Águas Lindas de Goiás
5220058,São João da Paraúna,GO,Goiás,Sul Goiano,Centro-Oeste,Palmeiras de Goiás,São Luís de Montes Belos - Iporá
5220108,São Luís de Montes Belos,GO,Goiás,Centro Goiano,Centro-Oeste,São Luís de Montes Belos,São Luís de Montes Belos - Iporá
5220157,São Luiz do Norte,GO,Goiás,Centro Goiano,Centro-Oeste,Uruaçu - Niquelândia,Porangatu - Uruaçu
5220207,São Miguel do Araguaia,GO,Goiás,Noroeste Goiano,Centro-Oeste,Porangatu,Porangatu - Uruaçu
5220264,São Miguel do Passa Quatro,GO,Goiás,Sul Goiano,Centro-Oeste,Anápolis,Goiânia
5220280,São Patrício,GO,Goiás,Centro Goiano,Centro-Oeste,Ceres - Rialma - Goianésia,Porangatu - Uruaçu
5220405,São Simão,GO,Goiás,Sul Goiano,Centro-Oeste,Quirinópolis,Rio Verde
5220454,Senador Canedo,GO,Goiás,Centro Goiano,Centro-Oeste,Goiânia,Goiânia
5220504,Serranópolis,GO,Goiás,Sul Goiano,Centro-Oeste,Jataí-Mineiros,Rio Verde
5220603,Silvânia,GO,Goiás,Sul Goiano,Centro-Oeste,Anápolis,Goiânia
5220686,Simolândia,GO,Goiás,Leste Goiano,Centro-Oeste,Posse-Campos Belos,Luziânia - Águas Lindas de Goiás
5220702,Sítio d'Abadia,GO,Goiás,Leste Goiano,Centro-Oeste,Posse-Campos Belos,Luziânia - Águas Lindas de Goiás
5221007,Taquaral de Goiás,GO,Goiás,Centro Goiano,Centro-Oeste,Inhumas - Itaberaí - Anicuns,Goiânia
5221080,Teresina de Goiás,GO,Goiás,Norte Goiano,Centro-Oeste,Flores de Goiás,Luziânia - Águas Lindas de Goiás
5221197,Terezópolis de Goiás,GO,Goiás,Centro Goiano,Centro-Oeste,Goiânia,Goiânia
5221304,Três Ranchos,GO,Goiás,Sul Goiano,Centro-Oeste,Catalão,Goiânia
5221403,Trindade,GO,Goiás,Centro Goiano,Centro-Oeste,Goiânia,Goiânia
5221452,Trombas,GO,Goiás,Norte Goiano,Centro-Oeste,Porangatu,Porangatu - Uruaçu
5221502,Turvânia,GO,Goiás,Centro Goiano,Centro-Oeste,Palmeiras de Goiás,São Luís de Montes Belos - Iporá
5221551,Turvelândia,GO,Goiás,Sul Goiano,Centro-Oeste,Rio Verde,Rio Verde
5221577,Uirapuru,GO,Goiás,Noroeste Goiano,Centro-Oeste,Ceres - Rialma - Goianésia,Porangatu - Uruaçu
5221601,Uruaçu,GO,Goiás,Norte Goiano,Centro-Oeste,Uruaçu - Niquelândia,Porangatu - Uruaçu
5221700,Uruana,GO,Goiás,Centro Goiano,Centro-Oeste,Ceres - Rialma - Goianésia,Porangatu - Uruaçu
5221809,Urutaí,GO,Goiás,Sul Goiano,Centro-Oeste,Pires do Rio,Goiânia
5221858,Valparaíso de Goiás,GO,Goiás,Leste Goiano,Centro-Oeste,Luziânia,Luziânia - Águas Lindas de Goiás
5221908,Varjão,GO,Goiás,Sul Goiano,Centro-Oeste,Goiânia,Goiânia
5222005,Vianópolis,GO,Goiás,Sul Goiano,Centro-Oeste,Anápolis,Goiânia
5222054,Vicentinópolis,GO,Goiás,Sul Goiano,Centro-Oeste,Piracanjuba,Itumbiara
5222203,Vila Boa,GO,Goiás,Leste Goiano,Centro-Oeste,Flores de Goiás,Luziânia - Águas Lindas de Goiás
5222302,Vila Propício,GO,Goiás,Leste Goiano,Centro-Oeste,Ceres - Rialma - Goianésia,Porangatu - Uruaçu
2100055,Açailândia,MA,Maranhão,Oeste Maranhense,Nordeste,Açailândia,Imperatriz
2100105,Afonso Cunha,MA,Maranhão,Leste Maranhense,Nordeste,Caxias,Caxias
2100154,Água Doce do Maranhão,MA,Maranhão,Leste Maranhense,Nordeste,Tutóia - Araioses,São Luís
2100204,Alcântara,MA,Maranhão,Norte Maranhense,Nordeste,São Luís,São Luís
2100303,Aldeias Altas,MA,Maranhão,Leste Maranhense,Nordeste,Caxias,Caxias
2100402,Altamira do Maranhão,MA,Maranhão,Oeste Maranhense,Nordeste,Bacabal,Santa Inês - Bacabal
2100436,Alto Alegre do Maranhão,MA,Maranhão,Leste Maranhense,Nordeste,Bacabal,Santa Inês - Bacabal
2100477,Alto Alegre do Pindaré,MA,Maranhão,Oeste Maranhense,Nordeste,Santa Inês,Santa Inês - Bacabal
2100501,Alto Parnaíba,MA,Maranhão,Sul Maranhense,Nordeste,Balsas,Imperatriz
2100550,Amapá do Maranhão,MA,Maranhão,Oeste Maranhense,Nordeste,Governador Nunes Freire,Santa Inês - Bacabal
2100600,Amarante do Maranhão,MA,Maranhão,Oeste Maranhense,Nordeste,Imperatriz,Imperatriz
2100709,Anajatuba,MA,Maranhão,Norte Maranhense,Nordeste,Itapecuru Mirim,São Luís
2100808,Anapurus,MA,Maranhão,Leste Maranhense,Nordeste,Chapadinha,São Luís
2100832,Apicum-Açu,MA,Maranhão,Norte Maranhense,Nordeste,Cururupu,São Luís
2100873,Araguanã,MA,Maranhão,Oeste Maranhense,Nordeste,Santa Inês,Santa Inês - Bacabal
2100907,Araioses,MA,Maranhão,Leste Maranhense,Nordeste,Tutóia - Araioses,São Luís
2100956,Arame,MA,Maranhão,Centro Maranhense,Nordeste,Barra do Corda,Imperatriz
2101004,Arari,MA,Maranhão,Norte Maranhense,Nordeste,Viana,São Luís
2101103,Axixá,MA,Maranhão,Norte Maranhense,Nordeste,São Luís,São Luís
2101202,Bacabal,MA,Maranhão,Centro Maranhense,Nordeste,Bacabal,Santa Inês - Bacabal
2101251,Bacabeira,MA,Maranhão,Norte Maranhense,Nordeste,São Luís,São Luís
2101301,Bacuri,MA,Maranhão,Norte Maranhense,Nordeste,Cururupu,São Luís
2101350,Bacurituba,MA,Maranhão,Norte Maranhense,Nordeste,Pinheiro,São Luís
2101400,Balsas,MA,Maranhão,Sul Maranhense,Nordeste,Balsas,Imperatriz
2101509,Barão de Grajaú,MA,Maranhão,Leste Maranhense,Nordeste,São João dos Patos,Presidente Dutra
2101608,Barra do Corda,MA,Maranhão,Centro Maranhense,Nordeste,Barra do Corda,Imperatriz
2101707,Barreirinhas,MA,Maranhão,Norte Maranhense,Nordeste,Barreirinhas,São Luís
2101731,Belágua,MA,Maranhão,Leste Maranhense,Nordeste,Chapadinha,São Luís
2101772,Bela Vista do Maranhão,MA,Maranhão,Norte Maranhense,Nordeste,Santa Inês,Santa Inês - Bacabal
2101806,Benedito Leite,MA,Maranhão,Sul Maranhense,Nordeste,São João dos Patos,Presidente Dutra
2101905,Bequimão,MA,Maranhão,Norte Maranhense,Nordeste,Pinheiro,São Luís
2101939,Bernardo do Mearim,MA,Maranhão,Centro Maranhense,Nordeste,Pedreiras,Santa Inês - Bacabal
2101970,Boa Vista do Gurupi,MA,Maranhão,Oeste Maranhense,Nordeste,Governador Nunes Freire,Santa Inês - Bacabal
2102002,Bom Jardim,MA,Maranhão,Oeste Maranhense,Nordeste,Santa Inês,Santa Inês - Bacabal
2102036,Bom Jesus das Selvas,MA,Maranhão,Oeste Maranhense,Nordeste,Açailândia,Imperatriz
2102077,Bom Lugar,MA,Maranhão,Centro Maranhense,Nordeste,Bacabal,Santa Inês - Bacabal
2102101,Brejo,MA,Maranhão,Leste Maranhense,Nordeste,Chapadinha,São Luís
2102150,Brejo de Areia,MA,Maranhão,Oeste Maranhense,Nordeste,Bacabal,Santa Inês - Bacabal
2102200,Buriti,MA,Maranhão,Leste Maranhense,Nordeste,Chapadinha,São Luís
2102309,Buriti Bravo,MA,Maranhão,Leste Maranhense,Nordeste,Timon,Caxias
2102325,Buriticupu,MA,Maranhão,Oeste Maranhense,Nordeste,Açailândia,Imperatriz
2102358,Buritirana,MA,Maranhão,Oeste Maranhense,Nordeste,Imperatriz,Imperatriz
2102374,Cachoeira Grande,MA,Maranhão,Norte Maranhense,Nordeste,São Luís,São Luís
2102408,Cajapió,MA,Maranhão,Norte Maranhense,Nordeste,Viana,São Luís
2102507,Cajari,MA,Maranhão,Norte Maranhense,Nordeste,Viana,São Luís
2102556,Campestre do Maranhão,MA,Maranhão,Sul Maranhense,Nordeste,Imperatriz,Imperatriz
2102606,Cândido Mendes,MA,Maranhão,Oeste Maranhense,Nordeste,Governador Nunes Freire,Santa Inês - Bacabal
2102705,Cantanhede,MA,Maranhão,Norte Maranhense,Nordeste,Itapecuru Mirim,São Luís
2102754,Capinzal do Norte,MA,Maranhão,Leste Maranhense,Nordeste,Pedreiras,Santa Inês - Bacabal
2102804,Carolina,MA,Maranhão,Sul Maranhense,Nordeste,Balsas,Imperatriz
2102903,Carutapera,MA,Maranhão,Oeste Maranhense,Nordeste,Governador Nunes Freire,Santa Inês - Bacabal
2103000,Caxias,MA,Maranhão,Leste Maranhense,Nordeste,Caxias,Caxias
2103109,Cedral,MA,Maranhão,Norte Maranhense,Nordeste,Cururupu,São Luís
2103125,Central do Maranhão,MA,Maranhão,Norte Maranhense,Nordeste,Cururupu,São Luís
2103158,Centro do Guilherme,MA,Maranhão,Oeste Maranhense,Nordeste,Governador Nunes Freire,Santa Inês - Bacabal
2103174,Centro Novo do Maranhão,MA,Maranhão,Oeste Maranhense,Nordeste,Governador Nunes Freire,Santa Inês - Bacabal
2103208,Chapadinha,MA,Maranhão,Leste Maranhense,Nordeste,Chapadinha,São Luís
2103257,Cidelândia,MA,Maranhão,Oeste Maranhense,Nordeste,Imperatriz,Imperatriz
2103307,Codó,MA,Maranhão,Leste Maranhense,Nordeste,Codó,Caxias
2103406,Coelho Neto,MA,Maranhão,Leste Maranhense,Nordeste,Caxias,Caxias
2103505,Colinas,MA,Maranhão,Leste Maranhense,Nordeste,Colinas,Presidente Dutra
2103554,Conceição do Lago-Açu,MA,Maranhão,Norte Maranhense,Nordeste,Bacabal,Santa Inês - Bacabal
2103604,Coroatá,MA,Maranhão,Leste Maranhense,Nordeste,Codó,Caxias
2103703,Cururupu,MA,Maranhão,Norte Maranhense,Nordeste,Cururupu,São Luís
2103752,Davinópolis,MA,Maranhão,Oeste Maranhense,Nordeste,Imperatriz,Imperatriz
2103802,Dom Pedro,MA,Maranhão,Centro Maranhense,Nordeste,Presidente Dutra,Presidente Dutra
2103901,Duque Bacelar,MA,Maranhão,Leste Maranhense,Nordeste,Caxias,Caxias
2104008,Esperantinópolis,MA,Maranhão,Centro Maranhense,Nordeste,Pedreiras,Santa Inês - Bacabal
2104057,Estreito,MA,Maranhão,Sul Maranhense,Nordeste,Imperatriz,Imperatriz
2104073,Feira Nova do Maranhão,MA,Maranhão,Sul Maranhense,Nordeste,Balsas,Imperatriz
2104081,Fernando Falcão,MA,Maranhão,Centro Maranhense,Nordeste,Barra do Corda,Imperatriz
2104099,Formosa da Serra Negra,MA,Maranhão,Centro Maranhense,Nordeste,Barra do Corda,Imperatriz
2104107,Fortaleza dos Nogueiras,MA,Maranhão,Sul Maranhense,Nordeste,Balsas,Imperatriz
2104206,Fortuna,MA,Maranhão,Centro Maranhense,Nordeste,Presidente Dutra,Presidente Dutra
2104305,Godofredo Viana,MA,Maranhão,Oeste Maranhense,Nordeste,Governador Nunes Freire,Santa Inês - Bacabal
2104404,Gonçalves Dias,MA,Maranhão,Centro Maranhense,Nordeste,Presidente Dutra,Presidente Dutra
2104503,Governador Archer,MA,Maranhão,Centro Maranhense,Nordeste,Presidente Dutra,Presidente Dutra
2104552,Governador Edison Lobão,MA,Maranhão,Oeste Maranhense,Nordeste,Imperatriz,Imperatriz
2104602,Governador Eugênio Barros,MA,Maranhão,Centro Maranhense,Nordeste,Presidente Dutra,Presidente Dutra
2104628,Governador Luiz Rocha,MA,Maranhão,Centro Maranhense,Nordeste,Presidente Dutra,Presidente Dutra
2104651,Governador Newton Bello,MA,Maranhão,Oeste Maranhense,Nordeste,Santa Inês,Santa Inês - Bacabal
2104677,Governador Nunes Freire,MA,Maranhão,Oeste Maranhense,Nordeste,Governador Nunes Freire,Santa Inês - Bacabal
2104701,Graça Aranha,MA,Maranhão,Centro Maranhense,Nordeste,Presidente Dutra,Presidente Dutra
2104800,Grajaú,MA,Maranhão,Centro Maranhense,Nordeste,Barra do Corda,Imperatriz
2104909,Guimarães,MA,Maranhão,Norte Maranhense,Nordeste,Cururupu,São Luís
2105005,Humberto de Campos,MA,Maranhão,Norte Maranhense,Nordeste,Barreirinhas,São Luís
2105104,Icatu,MA,Maranhão,Norte Maranhense,Nordeste,São Luís,São Luís
2105153,Igarapé do Meio,MA,Maranhão,Norte Maranhense,Nordeste,Santa Inês,Santa Inês - Bacabal
2105203,Igarapé Grande,MA,Maranhão,Centro Maranhense,Nordeste,Pedreiras,Santa Inês - Bacabal
2105302,Imperatriz,MA,Maranhão,Oeste Maranhense,Nordeste,Imperatriz,Imperatriz
2105351,Itaipava do Grajaú,MA,Maranhão,Centro Maranhense,Nordeste,Barra do Corda,Imperatriz
2105401,Itapecuru Mirim,MA,Maranhão,Norte Maranhense,Nordeste,Itapecuru Mirim,São Luís
2105427,Itinga do Maranhão,MA,Maranhão,Oeste Maranhense,Nordeste,Açailândia,Imperatriz
2105450,Jatobá,MA,Maranhão,Leste Maranhense,Nordeste,Colinas,Presidente Dutra
2105476,Jenipapo dos Vieiras,MA,Maranhão,Centro Maranhense,Nordeste,Barra do Corda,Imperatriz
2105500,João Lisboa,MA,Maranhão,Oeste Maranhense,Nordeste,Imperatriz,Imperatriz
2105609,Joselândia,MA,Maranhão,Centro Maranhense,Nordeste,Pedreiras,Santa Inês - Bacabal
2105658,Junco do Maranhão,MA,Maranhão,Oeste Maranhense,Nordeste,Governador Nunes Freire,Santa Inês - Bacabal
2105708,Lago da Pedra,MA,Maranhão,Oeste Maranhense,Nordeste,Bacabal,Santa Inês - Bacabal
2105807,Lago do Junco,MA,Maranhão,Centro Maranhense,Nordeste,Pedreiras,Santa Inês - Bacabal
2105906,Lago Verde,MA,Maranhão,Centro Maranhense,Nordeste,Bacabal,Santa Inês - Bacabal
2105922,Lagoa do Mato,MA,Maranhão,Leste Maranhense,Nordeste,São João dos Patos,Presidente Dutra
2105948,Lago dos Rodrigues,MA,Maranhão,Centro Maranhense,Nordeste,Pedreiras,Santa Inês - Bacabal
2105963,Lagoa Grande do Maranhão,MA,Maranhão,Oeste Maranhense,Nordeste,Bacabal,Santa Inês - Bacabal
2105989,Lajeado Novo,MA,Maranhão,Oeste Maranhense,Nordeste,Imperatriz,Imperatriz
2106003,Lima Campos,MA,Maranhão,Centro Maranhense,Nordeste,Pedreiras,Santa Inês - Bacabal
2106102,Loreto,MA,Maranhão,Sul Maranhense,Nordeste,Balsas,Imperatriz
2106201,Luís Domingues,MA,Maranhão,Oeste Maranhense,Nordeste,Governador Nunes Freire,Santa Inês - Bacabal
2106300,Magalhães de Almeida,MA,Maranhão,Leste Maranhense,Nordeste,Tutóia - Araioses,São Luís
2106326,Maracaçumé,MA,Maranhão,Oeste Maranhense,Nordeste,Governador Nunes Freire,Santa Inês - Bacabal
2106359,Marajá do Sena,MA,Maranhão,Oeste Maranhense,Nordeste,Bacabal,Santa Inês - Bacabal
2106375,Maranhãozinho,MA,Maranhão,Oeste Maranhense,Nordeste,Governador Nunes Freire,Santa Inês - Bacabal
2106409,Mata Roma,MA,Maranhão,Leste Maranhense,Nordeste,Chapadinha,São Luís
2106508,Matinha,MA,Maranhão,Norte Maranhense,Nordeste,Viana,São Luís
2106607,Matões,MA,Maranhão,Leste Maranhense,Nordeste,Timon,Caxias
2106631,Matões do Norte,MA,Maranhão,Norte Maranhense,Nordeste,Itapecuru Mirim,São Luís
2106672,Milagres do Maranhão,MA,Maranhão,Leste Maranhense,Nordeste,Chapadinha,São Luís
2106706,Mirador,MA,Maranhão,Leste Maranhense,Nordeste,Colinas,Presidente Dutra
2106755,Miranda do Norte,MA,Maranhão,Norte Maranhense,Nordeste,Itapecuru Mirim,São Luís
2106805,Mirinzal,MA,Maranhão,Norte Maranhense,Nordeste,Cururupu,São Luís
2106904,Monção,MA,Maranhão,Norte Maranhense,Nordeste,Santa Inês,Santa Inês - Bacabal
2107001,Montes Altos,MA,Maranhão,Oeste Maranhense,Nordeste,Imperatriz,Imperatriz
2107100,Morros,MA,Maranhão,Norte Maranhense,Nordeste,São Luís,São Luís
2107209,Nina Rodrigues,MA,Maranhão,Norte Maranhense,Nordeste,Itapecuru Mirim,São Luís
2107258,Nova Colinas,MA,Maranhão,Sul Maranhense,Nordeste,Balsas,Imperatriz
2107308,Nova Iorque,MA,Maranhão,Leste Maranhense,Nordeste,São João dos Patos,Presidente Dutra
2107357,Nova Olinda do Maranhão,MA,Maranhão,Oeste Maranhense,Nordeste,Santa Inês,Santa Inês - Bacabal
2107407,Olho d'Água das Cunhãs,MA,Maranhão,Centro Maranhense,Nordeste,Bacabal,Santa Inês - Bacabal
2107456,Olinda Nova do Maranhão,MA,Maranhão,Norte Maranhense,Nordeste,Viana,São Luís
2107506,Paço do Lumiar,MA,Maranhão,Norte Maranhense,Nordeste,São Luís,São Luís
2107605,Palmeirândia,MA,Maranhão,Norte Maranhense,Nordeste,Pinheiro,São Luís
2107704,Paraibano,MA,Maranhão,Leste Maranhense,Nordeste,São João dos Patos,Presidente Dutra
2107803,Parnarama,MA,Maranhão,Leste Maranhense,Nordeste,Timon,Caxias
2107902,Passagem Franca,MA,Maranhão,Leste Maranhense,Nordeste,São João dos Patos,Presidente Dutra
2108009,Pastos Bons,MA,Maranhão,Leste Maranhense,Nordeste,São João dos Patos,Presidente Dutra
2108058,Paulino Neves,MA,Maranhão,Norte Maranhense,Nordeste,Tutóia - Araioses,São Luís
2108108,Paulo Ramos,MA,Maranhão,Oeste Maranhense,Nordeste,Bacabal,Santa Inês - Bacabal
2108207,Pedreiras,MA,Maranhão,Centro Maranhense,Nordeste,Pedreiras,Santa Inês - Bacabal
2108256,Pedro do Rosário,MA,Maranhão,Norte Maranhense,Nordeste,Pinheiro,São Luís
2108306,Penalva,MA,Maranhão,Norte Maranhense,Nordeste,Viana,São Luís
2108405,Peri Mirim,MA,Maranhão,Norte Maranhense,Nordeste,Pinheiro,São Luís
2108454,Peritoró,MA,Maranhão,Leste Maranhense,Nordeste,Codó,Caxias
2108504,Pindaré-Mirim,MA,Maranhão,Oeste Maranhense,Nordeste,Santa Inês,Santa Inês - Bacabal
2108603,Pinheiro,MA,Maranhão,Norte Maranhense,Nordeste,Pinheiro,São Luís
2108702,Pio XII,MA,Maranhão,Centro Maranhense,Nordeste,Santa Inês,Santa Inês - Bacabal
2108801,Pirapemas,MA,Maranhão,Norte Maranhense,Nordeste,Itapecuru Mirim,São Luís
2108900,Poção de Pedras,MA,Maranhão,Centro Maranhense,Nordeste,Pedreiras,Santa Inês - Bacabal
2109007,Porto Franco,MA,Maranhão,Sul Maranhense,Nordeste,Imperatriz,Imperatriz
2109056,Porto Rico do Maranhão,MA,Maranhão,Norte Maranhense,Nordeste,Cururupu,São Luís
2109106,Presidente Dutra,MA,Maranhão,Centro Maranhense,Nordeste,Presidente Dutra,Presidente Dutra
2109205,Presidente Juscelino,MA,Maranhão,Norte Maranhense,Nordeste,São Luís,São Luís
2109239,Presidente Médici,MA,Maranhão,Oeste Maranhense,Nordeste,Governador Nunes Freire,Santa Inês - Bacabal
2109270,Presidente Sarney,MA,Maranhão,Norte Maranhense,Nordeste,Pinheiro,São Luís
2109304,Presidente Vargas,MA,Maranhão,Norte Maranhense,Nordeste,Itapecuru Mirim,São Luís
2109403,Primeira Cruz,MA,Maranhão,Norte Maranhense,Nordeste,Barreirinhas,São Luís
2109452,Raposa,MA,Maranhão,Norte Maranhense,Nordeste,São Luís,São Luís
2109502,Riachão,MA,Maranhão,Sul Maranhense,Nordeste,Balsas,Imperatriz
2109551,Ribamar Fiquene,MA,Maranhão,Oeste Maranhense,Nordeste,Imperatriz,Imperatriz
2109601,Rosário,MA,Maranhão,Norte Maranhense,Nordeste,São Luís,São Luís
2109700,Sambaíba,MA,Maranhão,Sul Maranhense,Nordeste,Balsas,Imperatriz
2109759,Santa Filomena do Maranhão,MA,Maranhão,Centro Maranhense,Nordeste,Presidente Dutra,Presidente Dutra
2109809,Santa Helena,MA,Maranhão,Norte Maranhense,Nordeste,Pinheiro,São Luís
2109908,Santa Inês,MA,Maranhão,Oeste Maranhense,Nordeste,Santa Inês,Santa Inês - Bacabal
2110005,Santa Luzia,MA,Maranhão,Oeste Maranhense,Nordeste,Santa Inês,Santa Inês - Bacabal
2110039,Santa Luzia do Paruá,MA,Maranhão,Oeste Maranhense,Nordeste,Governador Nunes Freire,Santa Inês - Bacabal
2110104,Santa Quitéria do Maranhão,MA,Maranhão,Leste Maranhense,Nordeste,Chapadinha,São Luís
2110203,Santa Rita,MA,Maranhão,Norte Maranhense,Nordeste,São Luís,São Luís
2110237,Santana do Maranhão,MA,Maranhão,Leste Maranhense,Nordeste,Tutóia - Araioses,São Luís
2110278,Santo Amaro do Maranhão,MA,Maranhão,Norte Maranhense,Nordeste,Barreirinhas,São Luís
2110302,Santo Antônio dos Lopes,MA,Maranhão,Centro Maranhense,Nordeste,Pedreiras,Santa Inês - Bacabal
2110401,São Benedito do Rio Preto,MA,Maranhão,Leste Maranhense,Nordeste,Chapadinha,São Luís
2110500,São Bento,MA,Maranhão,Norte Maranhense,Nordeste,Pinheiro,São Luís
2110609,São Bernardo,MA,Maranhão,Leste Maranhense,Nordeste,Tutóia - Araioses,São Luís
2110658,São Domingos do Azeitão,MA,Maranhão,Sul Maranhense,Nordeste,São João dos Patos,Presidente Dutra
2110708,São Domingos do Maranhão,MA,Maranhão,Centro Maranhense,Nordeste,Presidente Dutra,Presidente Dutra
2110807,São Félix de Balsas,MA,Maranhão,Sul Maranhense,Nordeste,Balsas,Imperatriz
2110856,São Francisco do Brejão,MA,Maranhão,Oeste Maranhense,Nordeste,Açailândia,Imperatriz
2110906,São Francisco do Maranhão,MA,Maranhão,Leste Maranhense,Nordeste,São João dos Patos,Presidente Dutra
2111003,São João Batista,MA,Maranhão,Norte Maranhense,Nordeste,Viana,São Luís
2111029,São João do Carú,MA,Maranhão,Oeste Maranhense,Nordeste,Santa Inês,Santa Inês - Bacabal
2111052,São João do Paraíso,MA,Maranhão,Sul Maranhense,Nordeste,Imperatriz,Imperatriz
2111078,São João do Soter,MA,Maranhão,Leste Maranhense,Nordeste,Caxias,Caxias
2111102,São João dos Patos,MA,Maranhão,Leste Maranhense,Nordeste,São João dos Patos,Presidente Dutra
2111201,São José de Ribamar,MA,Maranhão,Norte Maranhense,Nordeste,São Luís,São Luís
2111250,São José dos Basílios,MA,Maranhão,Centro Maranhense,Nordeste,Presidente Dutra,Presidente Dutra
2111300,São Luís,MA,Maranhão,Norte Maranhense,Nordeste,São Luís,São Luís
2111409,São Luís Gonzaga do Maranhão,MA,Maranhão,Centro Maranhense,Nordeste,Bacabal,Santa Inês - Bacabal
2111508,São Mateus do Maranhão,MA,Maranhão,Centro Maranhense,Nordeste,Bacabal,Santa Inês - Bacabal
2111532,São Pedro da Água Branca,MA,Maranhão,Oeste Maranhense,Nordeste,Imperatriz,Imperatriz
2111573,São Pedro dos Crentes,MA,Maranhão,Sul Maranhense,Nordeste,Barra do Corda,Imperatriz
2111607,São Raimundo das Mangabeiras,MA,Maranhão,Sul Maranhense,Nordeste,Balsas,Imperatriz
2111631,São Raimundo do Doca Bezerra,MA,Maranhão,Centro Maranhense,Nordeste,Pedreiras,Santa Inês - Bacabal
2111672,São Roberto,MA,Maranhão,Centro Maranhense,Nordeste,Pedreiras,Santa Inês - Bacabal
2111706,São Vicente Ferrer,MA,Maranhão,Norte Maranhense,Nordeste,Viana,São Luís
2111722,Satubinha,MA,Maranhão,Centro Maranhense,Nordeste,Bacabal,Santa Inês - Bacabal
2111748,Senador Alexandre Costa,MA,Maranhão,Centro Maranhense,Nordeste,Presidente Dutra,Presidente Dutra
2111763,Senador La Rocque,MA,Maranhão,Oeste Maranhense,Nordeste,Imperatriz,Imperatriz
2111789,Serrano do Maranhão,MA,Maranhão,Norte Maranhense,Nordeste,Cururupu,São Luís
2111805,Sítio Novo,MA,Maranhão,Centro Maranhense,Nordeste,Barra do Corda,Imperatriz
2111904,Sucupira do Norte,MA,Maranhão,Leste Maranhense,Nordeste,Colinas,Presidente Dutra
2111953,Sucupira do Riachão,MA,Maranhão,Leste Maranhense,Nordeste,São João dos Patos,Presidente Dutra
2112001,Tasso Fragoso,MA,Maranhão,Sul Maranhense,Nordeste,Balsas,Imperatriz
2112100,Timbiras,MA,Maranhão,Leste Maranhense,Nordeste,Codó,Caxias
2112209,Timon,MA,Maranhão,Leste Maranhense,Nordeste,Timon,Caxias
2112233,Trizidela do Vale,MA,Maranhão,Centro Maranhense,Nordeste,Pedreiras,Santa Inês - Bacabal
2112274,Tufilândia,MA,Maranhão,Oeste Maranhense,Nordeste,Santa Inês,Santa Inês - Bacabal
2112308,Tuntum,MA,Maranhão,Centro Maranhense,Nordeste,Presidente Dutra,Presidente Dutra
2112407,Turiaçu,MA,Maranhão,Oeste Maranhense,Nordeste,Pinheiro,São Luís
2112456,Turilândia,MA,Maranhão,Oeste Maranhense,Nordeste,Pinheiro,São Luís
2112506,Tutóia,MA,Maranhão,Norte Maranhense,Nordeste,Tutóia - Araioses,São Luís
2112605,Urbano Santos,MA,Maranhão,Leste Maranhense,Nordeste,Chapadinha,São Luís
2112704,Vargem Grande,MA,Maranhão,Norte Maranhense,Nordeste,Itapecuru Mirim,São Luís
2112803,Viana,MA,Maranhão,Norte Maranhense,Nordeste,Viana,São Luís
2112852,Vila Nova dos Martírios,MA,Maranhão,Oeste Maranhense,Nordeste,Imperatriz,Imperatriz
2112902,Vitória do Mearim,MA,Maranhão,Norte Maranhense,Nordeste,Viana,São Luís
2113009,Vitorino Freire,MA,Maranhão,Oeste Maranhense,Nordeste,Bacabal,Santa Inês - Bacabal
2114007,Zé Doca,MA,Maranhão,Oeste Maranhense,Nordeste,Santa Inês,Santa Inês - Bacabal
5100102,Acorizal,MT,Mato Grosso,Centro-Sul Mato-grossense,Centro-Oeste,Cuiabá,Cuiabá
5100201,Água Boa,MT,Mato Grosso,Nordeste Mato-grossense,Centro-Oeste,Água Boa,Barra do Garças
5100250,Alta Floresta,MT,Mato Grosso,Norte Mato-grossense,Centro-Oeste,Alta Floresta,Sinop
5100300,Alto Araguaia,MT,Mato Grosso,Sudeste Mato-grossense,Centro-Oeste,Rondonópolis,Rondonópolis
5100359,Alto Boa Vista,MT,Mato Grosso,Nordeste Mato-grossense,Centro-Oeste,Confresa - Vila Rica,Barra do Garças
5100409,Alto Garças,MT,Mato Grosso,Sudeste Mato-grossense,Centro-Oeste,Rondonópolis,Rondonópolis
5100508,Alto Paraguai,MT,Mato Grosso,Centro-Sul Mato-grossense,Centro-Oeste,Diamantino,Cuiabá
5100607,Alto Taquari,MT,Mato Grosso,Sudeste Mato-grossense,Centro-Oeste,Rondonópolis,Rondonópolis
5100805,Apiacás,MT,Mato Grosso,Norte Mato-grossense,Centro-Oeste,Alta Floresta,Sinop
5101001,Araguaiana,MT,Mato Grosso,Nordeste Mato-grossense,Centro-Oeste,Barra do Garças,Barra do Garças
5101209,Araguainha,MT,Mato Grosso,Sudeste Mato-grossense,Centro-Oeste,Rondonópolis,Rondonópolis
5101258,Araputanga,MT,Mato Grosso,Sudoeste Mato-grossense,Centro-Oeste,Mirassol D'oeste,Cáceres
5101308,Arenápolis,MT,Mato Grosso,Centro-Sul Mato-grossense,Centro-Oeste,Diamantino,Cuiabá
5101407,Aripuanã,MT,Mato Grosso,Norte Mato-grossense,Centro-Oeste,Juína,Sinop
5101605,Barão de Melgaço,MT,Mato Grosso,Centro-Sul Mato-grossense,Centro-Oeste,Cuiabá,Cuiabá
5101704,Barra do Bugres,MT,Mato Grosso,Sudoeste Mato-grossense,Centro-Oeste,Tangará da Serra,Cuiabá
5101803,Barra do Garças,MT,Mato Grosso,Nordeste Mato-grossense,Centro-Oeste,Barra do Garças,Barra do Garças
5101837,Boa Esperança do Norte,MT,Mato Grosso,Não Mapeado,Centro-Oeste,Sorriso,Sinop
5101852,Bom Jesus do Araguaia,MT,Mato Grosso,Nordeste Mato-grossense,Centro-Oeste,Confresa - Vila Rica,Barra do Garças
5101902,Brasnorte,MT,Mato Grosso,Norte Mato-grossense,Centro-Oeste,Tangará da Serra,Cuiabá
5102504,Cáceres,MT,Mato Grosso,Centro-Sul Mato-grossense,Centro-Oeste,Cáceres,Cáceres
5102603,Campinápolis,MT,Mato Grosso,Nordeste Mato-grossense,Centro-Oeste,Água Boa,Barra do Garças
5102637,Campo Novo do Parecis,MT,Mato Grosso,Norte Mato-grossense,Centro-Oeste,Tangará da Serra,Cuiabá
5102678,Campo Verde,MT,Mato Grosso,Sudeste Mato-grossense,Centro-Oeste,Cuiabá,Cuiabá
5102686,Campos de Júlio,MT,Mato Grosso,Norte Mato-grossense,Centro-Oeste,Pontes e Lacerda - Comodoro,Cáceres
5102694,Canabrava do Norte,MT,Mato Grosso,Nordeste Mato-grossense,Centro-Oeste,Confresa - Vila Rica,Barra do Garças
5102702,Canarana,MT,Mato Grosso,Nordeste Mato-grossense,Centro-Oeste,Água Boa,Barra do Garças
5102793,Carlinda,MT,Mato Grosso,Norte Mato-grossense,Centro-Oeste,Alta Floresta,Sinop
5102850,Castanheira,MT,Mato Grosso,Norte Mato-grossense,Centro-Oeste,Juína,Sinop
5103007,Chapada dos Guimarães,MT,Mato Grosso,Centro-Sul Mato-grossense,Centro-Oeste,Cuiabá,Cuiabá
5103056,Cláudia,MT,Mato Grosso,Norte Mato-grossense,Centro-Oeste,Sinop,Sinop
5103106,Cocalinho,MT,Mato Grosso,Nordeste Mato-grossense,Centro-Oeste,Água Boa,Barra do Garças
5103205,Colíder,MT,Mato Grosso,Norte Mato-grossense,Centro-Oeste,Sinop,Sinop
5103254,Colniza,MT,Mato Grosso,Norte Mato-grossense,Centro-Oeste,Juína,Sinop
5103304,Comodoro,MT,Mato Grosso,Norte Mato-grossense,Centro-Oeste,Pontes e Lacerda - Comodoro,Cáceres
5103353,Confresa,MT,Mato Grosso,Nordeste Mato-grossense,Centro-Oeste,Confresa - Vila Rica,Barra do Garças
5103361,Conquista D'Oeste,MT,Mato Grosso,Sudoeste Mato-grossense,Centro-Oeste,Pontes e Lacerda - Comodoro,Cáceres
5103379,Cotriguaçu,MT,Mato Grosso,Norte Mato-grossense,Centro-Oeste,Juína,Sinop
5103403,Cuiabá,MT,Mato Grosso,Centro-Sul Mato-grossense,Centro-Oeste,Cuiabá,Cuiabá
5103437,Curvelândia,MT,Mato Grosso,Centro-Sul Mato-grossense,Centro-Oeste,Cáceres,Cáceres
5103452,Denise,MT,Mato Grosso,Sudoeste Mato-grossense,Centro-Oeste,Tangará da Serra,Cuiabá
5103502,Diamantino,MT,Mato Grosso,Norte Mato-grossense,Centro-Oeste,Diamantino,Cuiabá
5103601,Dom Aquino,MT,Mato Grosso,Sudeste Mato-grossense,Centro-Oeste,Jaciara,Rondonópolis
5103700,Feliz Natal,MT,Mato Grosso,Norte Mato-grossense,Centro-Oeste,Sinop,Sinop
5103809,Figueirópolis D'Oeste,MT,Mato Grosso,Sudoeste Mato-grossense,Centro-Oeste,Mirassol D'oeste,Cáceres
5103858,Gaúcha do Norte,MT,Mato Grosso,Norte Mato-grossense,Centro-Oeste,Água Boa,Barra do Garças
5103908,General Carneiro,MT,Mato Grosso,Sudeste Mato-grossense,Centro-Oeste,Barra do Garças,Barra do Garças
5103957,Glória D'Oeste,MT,Mato Grosso,Sudoeste Mato-grossense,Centro-Oeste,Mirassol D'oeste,Cáceres
5104104,Guarantã do Norte,MT,Mato Grosso,Norte Mato-grossense,Centro-Oeste,Peixoto de Azevedo - Guarantã do Norte,Sinop
5104203,Guiratinga,MT,Mato Grosso,Sudeste Mato-grossense,Centro-Oeste,Rondonópolis,Rondonópolis
5104500,Indiavaí,MT,Mato Grosso,Sudoeste Mato-grossense,Centro-Oeste,Mirassol D'oeste,Cáceres
5104526,Ipiranga do Norte,MT,Mato Grosso,Norte Mato-grossense,Centro-Oeste,Sorriso,Sinop
5104542,Itanhangá,MT,Mato Grosso,Norte Mato-grossense,Centro-Oeste,Sorriso,Sinop
5104559,Itaúba,MT,Mato Grosso,Norte Mato-grossense,Centro-Oeste,Sinop,Sinop
5104609,Itiquira,MT,Mato Grosso,Sudeste Mato-grossense,Centro-Oeste,Rondonópolis,Rondonópolis
5104807,Jaciara,MT,Mato Grosso,Sudeste Mato-grossense,Centro-Oeste,Jaciara,Rondonópolis
5104906,Jangada,MT,Mato Grosso,Centro-Sul Mato-grossense,Centro-Oeste,Cuiabá,Cuiabá
5105002,Jauru,MT,Mato Grosso,Sudoeste Mato-grossense,Centro-Oeste,Mirassol D'oeste,Cáceres
5105101,Juara,MT,Mato Grosso,Norte Mato-grossense,Centro-Oeste,Juara,Sinop
5105150,Juína,MT,Mato Grosso,Norte Mato-grossense,Centro-Oeste,Juína,Sinop
5105176,Juruena,MT,Mato Grosso,Norte Mato-grossense,Centro-Oeste,Juína,Sinop
5105200,Juscimeira,MT,Mato Grosso,Sudeste Mato-grossense,Centro-Oeste,Jaciara,Rondonópolis
5105234,Lambari D'Oeste,MT,Mato Grosso,Sudoeste Mato-grossense,Centro-Oeste,Cáceres,Cáceres
5105259,Lucas do Rio Verde,MT,Mato Grosso,Norte Mato-grossense,Centro-Oeste,Sorriso,Sinop
5105309,Luciara,MT,Mato Grosso,Nordeste Mato-grossense,Centro-Oeste,Confresa - Vila Rica,Barra do Garças
5105507,Vila Bela da Santíssima Trindade,MT,Mato Grosso,Sudoeste Mato-grossense,Centro-Oeste,Pontes e Lacerda - Comodoro,Cáceres
5105580,Marcelândia,MT,Mato Grosso,Norte Mato-grossense,Centro-Oeste,Sinop,Sinop
5105606,Matupá,MT,Mato Grosso,Norte Mato-grossense,Centro-Oeste,Peixoto de Azevedo - Guarantã do Norte,Sinop
5105622,Mirassol d'Oeste,MT,Mato Grosso,Sudoeste Mato-grossense,Centro-Oeste,Mirassol D'oeste,Cáceres
5105903,Nobres,MT,Mato Grosso,Norte Mato-grossense,Centro-Oeste,Cuiabá,Cuiabá
5106000,Nortelândia,MT,Mato Grosso,Centro-Sul Mato-grossense,Centro-Oeste,Diamantino,Cuiabá
5106109,Nossa Senhora do Livramento,MT,Mato Grosso,Centro-Sul Mato-grossense,Centro-Oeste,Cuiabá,Cuiabá
5106158,Nova Bandeirantes,MT,Mato Grosso,Norte Mato-grossense,Centro-Oeste,Alta Floresta,Sinop
5106174,Nova Nazaré,MT,Mato Grosso,Nordeste Mato-grossense,Centro-Oeste,Água Boa,Barra do Garças
5106182,Nova Lacerda,MT,Mato Grosso,Sudoeste Mato-grossense,Centro-Oeste,Pontes e Lacerda - Comodoro,Cáceres
5106190,Nova Santa Helena,MT,Mato Grosso,Norte Mato-grossense,Centro-Oeste,Sinop,Sinop
5106208,Nova Brasilândia,MT,Mato Grosso,Norte Mato-grossense,Centro-Oeste,Cuiabá,Cuiabá
5106216,Nova Canaã do Norte,MT,Mato Grosso,Norte Mato-grossense,Centro-Oeste,Sinop,Sinop
5106224,Nova Mutum,MT,Mato Grosso,Norte Mato-grossense,Centro-Oeste,Sorriso,Sinop
5106232,Nova Olímpia,MT,Mato Grosso,Sudoeste Mato-grossense,Centro-Oeste,Tangará da Serra,Cuiabá
5106240,Nova Ubiratã,MT,Mato Grosso,Norte Mato-grossense,Centro-Oeste,Sorriso,Sinop
5106257,Nova Xavantina,MT,Mato Grosso,Nordeste Mato-grossense,Centro-Oeste,Barra do Garças,Barra do Garças
5106265,Novo Mundo,MT,Mato Grosso,Norte Mato-grossense,Centro-Oeste,Peixoto de Azevedo - Guarantã do Norte,Sinop
5106273,Novo Horizonte do Norte,MT,Mato Grosso,Norte Mato-grossense,Centro-Oeste,Juara,Sinop
5106281,Novo São Joaquim,MT,Mato Grosso,Nordeste Mato-grossense,Centro-Oeste,Barra do Garças,Barra do Garças
5106299,Paranaíta,MT,Mato Grosso,Norte Mato-grossense,Centro-Oeste,Alta Floresta,Sinop
5106307,Paranatinga,MT,Mato Grosso,Norte Mato-grossense,Centro-Oeste,Primavera do Leste,Rondonópolis
5106315,Novo Santo Antônio,MT,Mato Grosso,Nordeste Mato-grossense,Centro-Oeste,Confresa - Vila Rica,Barra do Garças
5106372,Pedra Preta,MT,Mato Grosso,Sudeste Mato-grossense,Centro-Oeste,Rondonópolis,Rondonópolis
5106422,Peixoto de Azevedo,MT,Mato Grosso,Norte Mato-grossense,Centro-Oeste,Peixoto de Azevedo - Guarantã do Norte,Sinop
5106455,Planalto da Serra,MT,Mato Grosso,Norte Mato-grossense,Centro-Oeste,Cuiabá,Cuiabá
5106505,Poconé,MT,Mato Grosso,Centro-Sul Mato-grossense,Centro-Oeste,Cuiabá,Cuiabá
5106653,Pontal do Araguaia,MT,Mato Grosso,Sudeste Mato-grossense,Centro-Oeste,Barra do Garças,Barra do Garças
5106703,Ponte Branca,MT,Mato Grosso,Sudeste Mato-grossense,Centro-Oeste,Barra do Garças,Barra do Garças
5106752,Pontes e Lacerda,MT,Mato Grosso,Sudoeste Mato-grossense,Centro-Oeste,Pontes e Lacerda - Comodoro,Cáceres
5106778,Porto Alegre do Norte,MT,Mato Grosso,Nordeste Mato-grossense,Centro-Oeste,Confresa - Vila Rica,Barra do Garças
5106802,Porto dos Gaúchos,MT,Mato Grosso,Norte Mato-grossense,Centro-Oeste,Juara,Sinop
5106828,Porto Esperidião,MT,Mato Grosso,Sudoeste Mato-grossense,Centro-Oeste,Mirassol D'oeste,Cáceres
5106851,Porto Estrela,MT,Mato Grosso,Sudoeste Mato-grossense,Centro-Oeste,Tangará da Serra,Cuiabá
5107008,Poxoréu,MT,Mato Grosso,Sudeste Mato-grossense,Centro-Oeste,Primavera do Leste,Rondonópolis
5107040,Primavera do Leste,MT,Mato Grosso,Sudeste Mato-grossense,Centro-Oeste,Primavera do Leste,Rondonópolis
5107065,Querência,MT,Mato Grosso,Nordeste Mato-grossense,Centro-Oeste,Água Boa,Barra do Garças
5107107,São José dos Quatro Marcos,MT,Mato Grosso,Sudoeste Mato-grossense,Centro-Oeste,Mirassol D'oeste,Cáceres
5107156,Reserva do Cabaçal,MT,Mato Grosso,Sudoeste Mato-grossense,Centro-Oeste,Mirassol D'oeste,Cáceres
5107180,Ribeirão Cascalheira,MT,Mato Grosso,Nordeste Mato-grossense,Centro-Oeste,Água Boa,Barra do Garças
5107198,Ribeirãozinho,MT,Mato Grosso,Sudeste Mato-grossense,Centro-Oeste,Barra do Garças,Barra do Garças
5107206,Rio Branco,MT,Mato Grosso,Sudoeste Mato-grossense,Centro-Oeste,Cáceres,Cáceres
5107248,Santa Carmem,MT,Mato Grosso,Norte Mato-grossense,Centro-Oeste,Sinop,Sinop
5107263,Santo Afonso,MT,Mato Grosso,Centro-Sul Mato-grossense,Centro-Oeste,Diamantino,Cuiabá
5107297,São José do Povo,MT,Mato Grosso,Sudeste Mato-grossense,Centro-Oeste,Rondonópolis,Rondonópolis
5107305,São José do Rio Claro,MT,Mato Grosso,Norte Mato-grossense,Centro-Oeste,Diamantino,Cuiabá
5107354,São José do Xingu,MT,Mato Grosso,Nordeste Mato-grossense,Centro-Oeste,Confresa - Vila Rica,Barra do Garças
5107404,São Pedro da Cipa,MT,Mato Grosso,Sudeste Mato-grossense,Centro-Oeste,Jaciara,Rondonópolis
5107578,Rondolândia,MT,Mato Grosso,Norte Mato-grossense,Centro-Oeste,Juína,Sinop
5107602,Rondonópolis,MT,Mato Grosso,Sudeste Mato-grossense,Centro-Oeste,Rondonópolis,Rondonópolis
5107701,Rosário Oeste,MT,Mato Grosso,Centro-Sul Mato-grossense,Centro-Oeste,Cuiabá,Cuiabá
5107743,Santa Cruz do Xingu,MT,Mato Grosso,Nordeste Mato-grossense,Centro-Oeste,Confresa - Vila Rica,Barra do Garças
5107750,Salto do Céu,MT,Mato Grosso,Sudoeste Mato-grossense,Centro-Oeste,Cáceres,Cáceres
5107768,Santa Rita do Trivelato,MT,Mato Grosso,Norte Mato-grossense,Centro-Oeste,Sorriso,Sinop
5107776,Santa Terezinha,MT,Mato Grosso,Nordeste Mato-grossense,Centro-Oeste,Confresa - Vila Rica,Barra do Garças
5107792,Santo Antônio do Leste,MT,Mato Grosso,Nordeste Mato-grossense,Centro-Oeste,Primavera do Leste,Rondonópolis
5107800,Santo Antônio de Leverger,MT,Mato Grosso,Centro-Sul Mato-grossense,Centro-Oeste,Cuiabá,Cuiabá
5107859,São Félix do Araguaia,MT,Mato Grosso,Nordeste Mato-grossense,Centro-Oeste,Confresa - Vila Rica,Barra do Garças
5107875,Sapezal,MT,Mato Grosso,Norte Mato-grossense,Centro-Oeste,Tangará da Serra,Cuiabá
5107883,Serra Nova Dourada,MT,Mato Grosso,Nordeste Mato-grossense,Centro-Oeste,Confresa - Vila Rica,Barra do Garças
5107909,Sinop,MT,Mato Grosso,Norte Mato-grossense,Centro-Oeste,Sinop,Sinop
5107925,Sorriso,MT,Mato Grosso,Norte Mato-grossense,Centro-Oeste,Sorriso,Sinop
5107941,Tabaporã,MT,Mato Grosso,Norte Mato-grossense,Centro-Oeste,Juara,Sinop
5107958,Tangará da Serra,MT,Mato Grosso,Sudoeste Mato-grossense,Centro-Oeste,Tangará da Serra,Cuiabá
5108006,Tapurah,MT,Mato Grosso,Norte Mato-grossense,Centro-Oeste,Sorriso,Sinop
5108055,Terra Nova do Norte,MT,Mato Grosso,Norte Mato-grossense,Centro-Oeste,Sinop,Sinop
5108105,Tesouro,MT,Mato Grosso,Sudeste Mato-grossense,Centro-Oeste,Rondonópolis,Rondonópolis
5108204,Torixoréu,MT,Mato Grosso,Sudeste Mato-grossense,Centro-Oeste,Barra do Garças,Barra do Garças
5108303,União do Sul,MT,Mato Grosso,Norte Mato-grossense,Centro-Oeste,Sinop,Sinop
5108352,Vale de São Domingos,MT,Mato Grosso,Sudoeste Mato-grossense,Centro-Oeste,Pontes e Lacerda - Comodoro,Cáceres
5108402,Várzea Grande,MT,Mato Grosso,Centro-Sul Mato-grossense,Centro-Oeste,Cuiabá,Cuiabá
5108501,Vera,MT,Mato Grosso,Norte Mato-grossense,Centro-Oeste,Sorriso,Sinop
5108600,Vila Rica,MT,Mato Grosso,Nordeste Mato-grossense,Centro-Oeste,Confresa - Vila Rica,Barra do Garças
5108808,Nova Guarita,MT,Mato Grosso,Norte Mato-grossense,Centro-Oeste,Sinop,Sinop
5108857,Nova Marilândia,MT,Mato Grosso,Centro-Sul Mato-grossense,Centro-Oeste,Diamantino,Cuiabá
5108907,Nova Maringá,MT,Mato Grosso,Norte Mato-grossense,Centro-Oeste,Diamantino,Cuiabá
5108956,Nova Monte Verde,MT,Mato Grosso,Norte Mato-grossense,Centro-Oeste,Alta Floresta,Sinop
5000203,Água Clara,MS,Mato Grosso do Sul,Leste de Mato Grosso do Sul,Centro-Oeste,Três Lagoas,Campo Grande
5000252,Alcinópolis,MS,Mato Grosso do Sul,Centro Norte de Mato Grosso do Sul,Centro-Oeste,Coxim,Campo Grande
5000609,Amambai,MS,Mato Grosso do Sul,Sudoeste de Mato Grosso do Sul,Centro-Oeste,Amambai,Dourados
5000708,Anastácio,MS,Mato Grosso do Sul,Pantanais Sul Mato-grossense,Centro-Oeste,Aquidauana - Anastácio,Corumbá
5000807,Anaurilândia,MS,Mato Grosso do Sul,Leste de Mato Grosso do Sul,Centro-Oeste,Nova Andradina,Dourados
5000856,Angélica,MS,Mato Grosso do Sul,Sudoeste de Mato Grosso do Sul,Centro-Oeste,Nova Andradina,Dourados
5000906,Antônio João,MS,Mato Grosso do Sul,Sudoeste de Mato Grosso do Sul,Centro-Oeste,Ponta Porã,Dourados
5001003,Aparecida do Taboado,MS,Mato Grosso do Sul,Leste de Mato Grosso do Sul,Centro-Oeste,Paranaíba - Chapadão do Sul - Cassilândia,Campo Grande
5001102,Aquidauana,MS,Mato Grosso do Sul,Pantanais Sul Mato-grossense,Centro-Oeste,Aquidauana - Anastácio,Corumbá
5001243,Aral Moreira,MS,Mato Grosso do Sul,Sudoeste de Mato Grosso do Sul,Centro-Oeste,Ponta Porã,Dourados
5001508,Bandeirantes,MS,Mato Grosso do Sul,Centro Norte de Mato Grosso do Sul,Centro-Oeste,Campo Grande,Campo Grande
5001904,Bataguassu,MS,Mato Grosso do Sul,Leste de Mato Grosso do Sul,Centro-Oeste,Três Lagoas,Campo Grande
5002001,Batayporã,MS,Mato Grosso do Sul,Leste de Mato Grosso do Sul,Centro-Oeste,Nova Andradina,Dourados
5002100,Bela Vista,MS,Mato Grosso do Sul,Sudoeste de Mato Grosso do Sul,Centro-Oeste,Jardim,Corumbá
5002159,Bodoquena,MS,Mato Grosso do Sul,Sudoeste de Mato Grosso do Sul,Centro-Oeste,Aquidauana - Anastácio,Corumbá
5002209,Bonito,MS,Mato Grosso do Sul,Sudoeste de Mato Grosso do Sul,Centro-Oeste,Jardim,Corumbá
5002308,Brasilândia,MS,Mato Grosso do Sul,Leste de Mato Grosso do Sul,Centro-Oeste,Três Lagoas,Campo Grande
5002407,Caarapó,MS,Mato Grosso do Sul,Sudoeste de Mato Grosso do Sul,Centro-Oeste,Dourados,Dourados
5002605,Camapuã,MS,Mato Grosso do Sul,Centro Norte de Mato Grosso do Sul,Centro-Oeste,Campo Grande,Campo Grande
5002704,Campo Grande,MS,Mato Grosso do Sul,Centro Norte de Mato Grosso do Sul,Centro-Oeste,Campo Grande,Campo Grande
5002803,Caracol,MS,Mato Grosso do Sul,Sudoeste de Mato Grosso do Sul,Centro-Oeste,Jardim,Corumbá
5002902,Cassilândia,MS,Mato Grosso do Sul,Leste de Mato Grosso do Sul,Centro-Oeste,Paranaíba - Chapadão do Sul - Cassilândia,Campo Grande
5002951,Chapadão do Sul,MS,Mato Grosso do Sul,Leste de Mato Grosso do Sul,Centro-Oeste,Paranaíba - Chapadão do Sul - Cassilândia,Campo Grande
5003108,Corguinho,MS,Mato Grosso do Sul,Centro Norte de Mato Grosso do Sul,Centro-Oeste,Campo Grande,Campo Grande
5003157,Coronel Sapucaia,MS,Mato Grosso do Sul,Sudoeste de Mato Grosso do Sul,Centro-Oeste,Amambai,Dourados
5003207,Corumbá,MS,Mato Grosso do Sul,Pantanais Sul Mato-grossense,Centro-Oeste,Corumbá,Corumbá
5003256,Costa Rica,MS,Mato Grosso do Sul,Leste de Mato Grosso do Sul,Centro-Oeste,Coxim,Campo Grande
5003306,Coxim,MS,Mato Grosso do Sul,Centro Norte de Mato Grosso do Sul,Centro-Oeste,Coxim,Campo Grande
5003454,Deodápolis,MS,Mato Grosso do Sul,Sudoeste de Mato Grosso do Sul,Centro-Oeste,Dourados,Dourados
5003488,Dois Irmãos do Buriti,MS,Mato Grosso do Sul,Pantanais Sul Mato-grossense,Centro-Oeste,Campo Grande,Campo Grande
5003504,Douradina,MS,Mato Grosso do Sul,Sudoeste de Mato Grosso do Sul,Centro-Oeste,Dourados,Dourados
5003702,Dourados,MS,Mato Grosso do Sul,Sudoeste de Mato Grosso do Sul,Centro-Oeste,Dourados,Dourados
5003751,Eldorado,MS,Mato Grosso do Sul,Sudoeste de Mato Grosso do Sul,Centro-Oeste,Naviraí - Mundo Novo,Dourados
5003801,Fátima do Sul,MS,Mato Grosso do Sul,Sudoeste de Mato Grosso do Sul,Centro-Oeste,Dourados,Dourados
5003900,Figueirão,MS,Mato Grosso do Sul,Centro Norte de Mato Grosso do Sul,Centro-Oeste,Coxim,Campo Grande
5004007,Glória de Dourados,MS,Mato Grosso do Sul,Sudoeste de Mato Grosso do Sul,Centro-Oeste,Dourados,Dourados
5004106,Guia Lopes da Laguna,MS,Mato Grosso do Sul,Sudoeste de Mato Grosso do Sul,Centro-Oeste,Jardim,Corumbá
5004304,Iguatemi,MS,Mato Grosso do Sul,Sudoeste de Mato Grosso do Sul,Centro-Oeste,Naviraí - Mundo Novo,Dourados
5004403,Inocência,MS,Mato Grosso do Sul,Leste de Mato Grosso do Sul,Centro-Oeste,Paranaíba - Chapadão do Sul - Cassilândia,Campo Grande
5004502,Itaporã,MS,Mato Grosso do Sul,Sudoeste de Mato Grosso do Sul,Centro-Oeste,Dourados,Dourados
5004601,Itaquiraí,MS,Mato Grosso do Sul,Sudoeste de Mato Grosso do Sul,Centro-Oeste,Naviraí - Mundo Novo,Dourados
5004700,Ivinhema,MS,Mato Grosso do Sul,Sudoeste de Mato Grosso do Sul,Centro-Oeste,Nova Andradina,Dourados
5004809,Japorã,MS,Mato Grosso do Sul,Sudoeste de Mato Grosso do Sul,Centro-Oeste,Naviraí - Mundo Novo,Dourados
5004908,Jaraguari,MS,Mato Grosso do Sul,Centro Norte de Mato Grosso do Sul,Centro-Oeste,Campo Grande,Campo Grande
5005004,Jardim,MS,Mato Grosso do Sul,Sudoeste de Mato Grosso do Sul,Centro-Oeste,Jardim,Corumbá
5005103,Jateí,MS,Mato Grosso do Sul,Sudoeste de Mato Grosso do Sul,Centro-Oeste,Dourados,Dourados
5005152,Juti,MS,Mato Grosso do Sul,Sudoeste de Mato Grosso do Sul,Centro-Oeste,Dourados,Dourados
5005202,Ladário,MS,Mato Grosso do Sul,Pantanais Sul Mato-grossense,Centro-Oeste,Corumbá,Corumbá
5005251,Laguna Carapã,MS,Mato Grosso do Sul,Sudoeste de Mato Grosso do Sul,Centro-Oeste,Dourados,Dourados
5005400,Maracaju,MS,Mato Grosso do Sul,Sudoeste de Mato Grosso do Sul,Centro-Oeste,Dourados,Dourados
5005608,Miranda,MS,Mato Grosso do Sul,Pantanais Sul Mato-grossense,Centro-Oeste,Aquidauana - Anastácio,Corumbá
5005681,Mundo Novo,MS,Mato Grosso do Sul,Sudoeste de Mato Grosso do Sul,Centro-Oeste,Naviraí - Mundo Novo,Dourados
5005707,Naviraí,MS,Mato Grosso do Sul,Sudoeste de Mato Grosso do Sul,Centro-Oeste,Naviraí - Mundo Novo,Dourados
5005806,Nioaque,MS,Mato Grosso do Sul,Sudoeste de Mato Grosso do Sul,Centro-Oeste,Jardim,Corumbá
5006002,Nova Alvorada do Sul,MS,Mato Grosso do Sul,Sudoeste de Mato Grosso do Sul,Centro-Oeste,Campo Grande,Campo Grande
5006200,Nova Andradina,MS,Mato Grosso do Sul,Leste de Mato Grosso do Sul,Centro-Oeste,Nova Andradina,Dourados
5006259,Novo Horizonte do Sul,MS,Mato Grosso do Sul,Sudoeste de Mato Grosso do Sul,Centro-Oeste,Nova Andradina,Dourados
5006275,Paraíso das Águas,MS,Mato Grosso do Sul,Leste de Mato Grosso do Sul,Centro-Oeste,Paranaíba - Chapadão do Sul - Cassilândia,Campo Grande
5006309,Paranaíba,MS,Mato Grosso do Sul,Leste de Mato Grosso do Sul,Centro-Oeste,Paranaíba - Chapadão do Sul - Cassilândia,Campo Grande
5006358,Paranhos,MS,Mato Grosso do Sul,Sudoeste de Mato Grosso do Sul,Centro-Oeste,Amambai,Dourados
5006408,Pedro Gomes,MS,Mato Grosso do Sul,Centro Norte de Mato Grosso do Sul,Centro-Oeste,Coxim,Campo Grande
5006606,Ponta Porã,MS,Mato Grosso do Sul,Sudoeste de Mato Grosso do Sul,Centro-Oeste,Ponta Porã,Dourados
5006903,Porto Murtinho,MS,Mato Grosso do Sul,Pantanais Sul Mato-grossense,Centro-Oeste,Jardim,Corumbá
5007109,Ribas do Rio Pardo,MS,Mato Grosso do Sul,Leste de Mato Grosso do Sul,Centro-Oeste,Campo Grande,Campo Grande
5007208,Rio Brilhante,MS,Mato Grosso do Sul,Sudoeste de Mato Grosso do Sul,Centro-Oeste,Dourados,Dourados
5007307,Rio Negro,MS,Mato Grosso do Sul,Centro Norte de Mato Grosso do Sul,Centro-Oeste,Campo Grande,Campo Grande
5007406,Rio Verde de Mato Grosso,MS,Mato Grosso do Sul,Centro Norte de Mato Grosso do Sul,Centro-Oeste,Coxim,Campo Grande
5007505,Rochedo,MS,Mato Grosso do Sul,Centro Norte de Mato Grosso do Sul,Centro-Oeste,Campo Grande,Campo Grande
5007554,Santa Rita do Pardo,MS,Mato Grosso do Sul,Leste de Mato Grosso do Sul,Centro-Oeste,Três Lagoas,Campo Grande
5007695,São Gabriel do Oeste,MS,Mato Grosso do Sul,Centro Norte de Mato Grosso do Sul,Centro-Oeste,Campo Grande,Campo Grande
5007703,Sete Quedas,MS,Mato Grosso do Sul,Sudoeste de Mato Grosso do Sul,Centro-Oeste,Amambai,Dourados
5007802,Selvíria,MS,Mato Grosso do Sul,Leste de Mato Grosso do Sul,Centro-Oeste,Três Lagoas,Campo Grande
5007901,Sidrolândia,MS,Mato Grosso do Sul,Centro Norte de Mato Grosso do Sul,Centro-Oeste,Campo Grande,Campo Grande
5007935,Sonora,MS,Mato Grosso do Sul,Centro Norte de Mato Grosso do Sul,Centro-Oeste,Coxim,Campo Grande
5007950,Tacuru,MS,Mato Grosso do Sul,Sudoeste de Mato Grosso do Sul,Centro-Oeste,Amambai,Dourados
5007976,Taquarussu,MS,Mato Grosso do Sul,Leste de Mato Grosso do Sul,Centro-Oeste,Nova Andradina,Dourados
5008008,Terenos,MS,Mato Grosso do Sul,Centro Norte de Mato Grosso do Sul,Centro-Oeste,Campo Grande,Campo Grande
5008305,Três Lagoas,MS,Mato Grosso do Sul,Leste de Mato Grosso do Sul,Centro-Oeste,Três Lagoas,Campo Grande
5008404,Vicentina,MS,Mato Grosso do Sul,Sudoeste de Mato Grosso do Sul,Centro-Oeste,Dourados,Dourados
3100104,Abadia dos Dourados,MG,Minas Gerais,Triângulo Mineiro/Alto Paranaíba,Sudeste,Monte Carmelo,Uberlândia
3100203,Abaeté,MG,Minas Gerais,Central Mineira,Sudeste,Abaeté,Divinópolis
3100302,Abre Campo,MG,Minas Gerais,Zona da Mata,Sudeste,Manhuaçu,Juíz de Fora
3100401,Acaiaca,MG,Minas Gerais,Zona da Mata,Sudeste,Ponte Nova,Juíz de Fora
3100500,Açucena,MG,Minas Gerais,Vale do Rio Doce,Sudeste,Ipatinga,Ipatinga
3100609,Água Boa,MG,Minas Gerais,Vale do Rio Doce,Sudeste,Capelinha,Teófilo Otoni
3100708,Água Comprida,MG,Minas Gerais,Triângulo Mineiro/Alto Paranaíba,Sudeste,Uberaba,Uberaba
3100807,Aguanil,MG,Minas Gerais,Oeste de Minas,Sudeste,Campo Belo,Varginha
3100906,Águas Formosas,MG,Minas Gerais,Vale do Mucuri,Sudeste,Águas Formosas,Teófilo Otoni
3101003,Águas Vermelhas,MG,Minas Gerais,Norte de Minas,Sudeste,Pedra Azul,Teófilo Otoni
3101102,Aimorés,MG,Minas Gerais,Vale do Rio Doce,Sudeste,Aimorés - Resplendor,Governador Valadares
3101201,Aiuruoca,MG,Minas Gerais,Sul/Sudoeste de Minas,Sudeste,Caxambu - Baependi,Pouso Alegre
3101300,Alagoa,MG,Minas Gerais,Sul/Sudoeste de Minas,Sudeste,São Lourenço,Pouso Alegre
3101409,Albertina,MG,Minas Gerais,Sul/Sudoeste de Minas,Sudeste,Pouso Alegre,Pouso Alegre
3101508,Além Paraíba,MG,Minas Gerais,Zona da Mata,Sudeste,Além Paraíba,Juíz de Fora
3101607,Alfenas,MG,Minas Gerais,Sul/Sudoeste de Minas,Sudeste,Alfenas,Varginha
3101631,Alfredo Vasconcelos,MG,Minas Gerais,Campo das Vertentes,Sudeste,Barbacena,Barbacena
3101706,Almenara,MG,Minas Gerais,Jequitinhonha,Sudeste,Almenara,Teófilo Otoni
3101805,Alpercata,MG,Minas Gerais,Vale do Rio Doce,Sudeste,Governador Valadares,Governador Valadares
3101904,Alpinópolis,MG,Minas Gerais,Sul/Sudoeste de Minas,Sudeste,Passos,Varginha
3102001,Alterosa,MG,Minas Gerais,Sul/Sudoeste de Minas,Sudeste,Alfenas,Varginha
3102050,Alto Caparaó,MG,Minas Gerais,Zona da Mata,Sudeste,Manhuaçu,Juíz de Fora
3102100,Alto Rio Doce,MG,Minas Gerais,Zona da Mata,Sudeste,Barbacena,Barbacena
3102209,Alvarenga,MG,Minas Gerais,Vale do Rio Doce,Sudeste,Caratinga,Ipatinga
3102308,Alvinópolis,MG,Minas Gerais,Metropolitana de Belo Horizonte,Sudeste,Ponte Nova,Juíz de Fora
3102407,Alvorada de Minas,MG,Minas Gerais,Metropolitana de Belo Horizonte,Sudeste,Diamantina,Teófilo Otoni
3102506,Amparo do Serra,MG,Minas Gerais,Zona da Mata,Sudeste,Ponte Nova,Juíz de Fora
3102605,Andradas,MG,Minas Gerais,Sul/Sudoeste de Minas,Sudeste,Poços de Caldas,Pouso Alegre
3102704,Cachoeira de Pajeú,MG,Minas Gerais,Jequitinhonha,Sudeste,Pedra Azul,Teófilo Otoni
3102803,Andrelândia,MG,Minas Gerais,Sul/Sudoeste de Minas,Sudeste,Juiz de Fora,Juíz de Fora
3102852,Angelândia,MG,Minas Gerais,Jequitinhonha,Sudeste,Capelinha,Teófilo Otoni
3102902,Antônio Carlos,MG,Minas Gerais,Campo das Vertentes,Sudeste,Barbacena,Barbacena
3103009,Antônio Dias,MG,Minas Gerais,Vale do Rio Doce,Sudeste,Ipatinga,Ipatinga
3103108,Antônio Prado de Minas,MG,Minas Gerais,Zona da Mata,Sudeste,Muriaé,Juíz de Fora
3103207,Araçaí,MG,Minas Gerais,Metropolitana de Belo Horizonte,Sudeste,Sete Lagoas,Belo Horizonte
3103306,Aracitaba,MG,Minas Gerais,Zona da Mata,Sudeste,Juiz de Fora,Juíz de Fora
3103405,Araçuaí,MG,Minas Gerais,Jequitinhonha,Sudeste,Araçuaí,Teófilo Otoni
3103504,Araguari,MG,Minas Gerais,Triângulo Mineiro/Alto Paranaíba,Sudeste,Uberlândia,Uberlândia
3103603,Arantina,MG,Minas Gerais,Sul/Sudoeste de Minas,Sudeste,Juiz de Fora,Juíz de Fora
3103702,Araponga,MG,Minas Gerais,Zona da Mata,Sudeste,Viçosa,Juíz de Fora
3103751,Araporã,MG,Minas Gerais,Triângulo Mineiro/Alto Paranaíba,Sudeste,Uberlândia,Uberlândia
3103801,Arapuá,MG,Minas Gerais,Triângulo Mineiro/Alto Paranaíba,Sudeste,Patos de Minas,Patos de Minas
3103900,Araújos,MG,Minas Gerais,Central Mineira,Sudeste,Divinópolis,Divinópolis
3104007,Araxá,MG,Minas Gerais,Triângulo Mineiro/Alto Paranaíba,Sudeste,Araxá,Uberaba
3104106,Arceburgo,MG,Minas Gerais,Sul/Sudoeste de Minas,Sudeste,Guaxupé,Varginha
3104205,Arcos,MG,Minas Gerais,Oeste de Minas,Sudeste,Formiga,Divinópolis
3104304,Areado,MG,Minas Gerais,Sul/Sudoeste de Minas,Sudeste,Alfenas,Varginha
3104403,Argirita,MG,Minas Gerais,Zona da Mata,Sudeste,Cataguases,Juíz de Fora
3104452,Aricanduva,MG,Minas Gerais,Jequitinhonha,Sudeste,Capelinha,Teófilo Otoni
3104502,Arinos,MG,Minas Gerais,Noroeste de Minas,Sudeste,Unaí,Patos de Minas
3104601,Astolfo Dutra,MG,Minas Gerais,Zona da Mata,Sudeste,Cataguases,Juíz de Fora
3104700,Ataléia,MG,Minas Gerais,Vale do Mucuri,Sudeste,Teófilo Otoni,Teófilo Otoni
3104809,Augusto de Lima,MG,Minas Gerais,Central Mineira,Sudeste,Curvelo,Belo Horizonte
3104908,Baependi,MG,Minas Gerais,Sul/Sudoeste de Minas,Sudeste,Caxambu - Baependi,Pouso Alegre
3105004,Baldim,MG,Minas Gerais,Metropolitana de Belo Horizonte,Sudeste,Sete Lagoas,Belo Horizonte
3105103,Bambuí,MG,Minas Gerais,Oeste de Minas,Sudeste,Formiga,Divinópolis
3105202,Bandeira,MG,Minas Gerais,Jequitinhonha,Sudeste,Almenara,Teófilo Otoni
3105301,Bandeira do Sul,MG,Minas Gerais,Sul/Sudoeste de Minas,Sudeste,Poços de Caldas,Pouso Alegre
3105400,Barão de Cocais,MG,Minas Gerais,Metropolitana de Belo Horizonte,Sudeste,Santa Bárbara - Ouro Preto,Belo Horizonte
3105509,Barão do Monte Alto,MG,Minas Gerais,Zona da Mata,Sudeste,Muriaé,Juíz de Fora
3105608,Barbacena,MG,Minas Gerais,Campo das Vertentes,Sudeste,Barbacena,Barbacena
3105707,Barra Longa,MG,Minas Gerais,Zona da Mata,Sudeste,Ponte Nova,Juíz de Fora
3105905,Barroso,MG,Minas Gerais,Campo das Vertentes,Sudeste,Barbacena,Barbacena
3106002,Bela Vista de Minas,MG,Minas Gerais,Metropolitana de Belo Horizonte,Sudeste,João Monlevade,Ipatinga
3106101,Belmiro Braga,MG,Minas Gerais,Zona da Mata,Sudeste,Juiz de Fora,Juíz de Fora
3106200,Belo Horizonte,MG,Minas Gerais,Metropolitana de Belo Horizonte,Sudeste,Belo Horizonte,Belo Horizonte
3106309,Belo Oriente,MG,Minas Gerais,Vale do Rio Doce,Sudeste,Ipatinga,Ipatinga
3106408,Belo Vale,MG,Minas Gerais,Metropolitana de Belo Horizonte,Sudeste,Conselheiro Lafaiete,Barbacena
3106507,Berilo,MG,Minas Gerais,Jequitinhonha,Sudeste,Araçuaí,Teófilo Otoni
3106606,Bertópolis,MG,Minas Gerais,Vale do Mucuri,Sudeste,Águas Formosas,Teófilo Otoni
3106655,Berizal,MG,Minas Gerais,Norte de Minas,Sudeste,Salinas,Montes Claros
3106705,Betim,MG,Minas Gerais,Metropolitana de Belo Horizonte,Sudeste,Belo Horizonte,Belo Horizonte
3106804,Bias Fortes,MG,Minas Gerais,Zona da Mata,Sudeste,Juiz de Fora,Juíz de Fora
3106903,Bicas,MG,Minas Gerais,Zona da Mata,Sudeste,São João Nepomuceno - Bicas,Juíz de Fora
3107000,Biquinhas,MG,Minas Gerais,Central Mineira,Sudeste,Abaeté,Divinópolis
3107109,Boa Esperança,MG,Minas Gerais,Sul/Sudoeste de Minas,Sudeste,Três Pontas - Boa Esperança,Varginha
3107208,Bocaina de Minas,MG,Minas Gerais,Sul/Sudoeste de Minas,Sudeste,Juiz de Fora,Juíz de Fora
3107307,Bocaiúva,MG,Minas Gerais,Norte de Minas,Sudeste,Montes Claros,Montes Claros
3107406,Bom Despacho,MG,Minas Gerais,Central Mineira,Sudeste,Dores do Indaiá,Divinópolis
3107505,Bom Jardim de Minas,MG,Minas Gerais,Sul/Sudoeste de Minas,Sudeste,Juiz de Fora,Juíz de Fora
3107604,Bom Jesus da Penha,MG,Minas Gerais,Sul/Sudoeste de Minas,Sudeste,Passos,Varginha
3107703,Bom Jesus do Amparo,MG,Minas Gerais,Metropolitana de Belo Horizonte,Sudeste,Itabira,Belo Horizonte
3107802,Bom Jesus do Galho,MG,Minas Gerais,Vale do Rio Doce,Sudeste,Caratinga,Ipatinga
3107901,Bom Repouso,MG,Minas Gerais,Sul/Sudoeste de Minas,Sudeste,Pouso Alegre,Pouso Alegre
3108008,Bom Sucesso,MG,Minas Gerais,Oeste de Minas,Sudeste,Lavras,Varginha
3108107,Bonfim,MG,Minas Gerais,Metropolitana de Belo Horizonte,Sudeste,Oliveira,Divinópolis
3108206,Bonfinópolis de Minas,MG,Minas Gerais,Noroeste de Minas,Sudeste,Unaí,Patos de Minas
3108255,Bonito de Minas,MG,Minas Gerais,Norte de Minas,Sudeste,Januária,Montes Claros
3108305,Borda da Mata,MG,Minas Gerais,Sul/Sudoeste de Minas,Sudeste,Pouso Alegre,Pouso Alegre
3108404,Botelhos,MG,Minas Gerais,Sul/Sudoeste de Minas,Sudeste,Poços de Caldas,Pouso Alegre
3108503,Botumirim,MG,Minas Gerais,Norte de Minas,Sudeste,Montes Claros,Montes Claros
3108552,Brasilândia de Minas,MG,Minas Gerais,Noroeste de Minas,Sudeste,Patos de Minas,Patos de Minas
3108602,Brasília de Minas,MG,Minas Gerais,Norte de Minas,Sudeste,Montes Claros,Montes Claros
3108701,Brás Pires,MG,Minas Gerais,Zona da Mata,Sudeste,Ubá,Juíz de Fora
3108800,Braúnas,MG,Minas Gerais,Vale do Rio Doce,Sudeste,Ipatinga,Ipatinga
3108909,Brazópolis,MG,Minas Gerais,Sul/Sudoeste de Minas,Sudeste,Itajubá,Pouso Alegre
3109006,Brumadinho,MG,Minas Gerais,Metropolitana de Belo Horizonte,Sudeste,Belo Horizonte,Belo Horizonte
3109105,Bueno Brandão,MG,Minas Gerais,Sul/Sudoeste de Minas,Sudeste,Pouso Alegre,Pouso Alegre
3109204,Buenópolis,MG,Minas Gerais,Central Mineira,Sudeste,Curvelo,Belo Horizonte
3109253,Bugre,MG,Minas Gerais,Vale do Rio Doce,Sudeste,Ipatinga,Ipatinga
3109303,Buritis,MG,Minas Gerais,Noroeste de Minas,Sudeste,Unaí,Patos de Minas
3109402,Buritizeiro,MG,Minas Gerais,Norte de Minas,Sudeste,Pirapora,Montes Claros
3109451,Cabeceira Grande,MG,Minas Gerais,Noroeste de Minas,Sudeste,Unaí,Patos de Minas
3109501,Cabo Verde,MG,Minas Gerais,Sul/Sudoeste de Minas,Sudeste,Guaxupé,Varginha
3109600,Cachoeira da Prata,MG,Minas Gerais,Metropolitana de Belo Horizonte,Sudeste,Sete Lagoas,Belo Horizonte
3109709,Cachoeira de Minas,MG,Minas Gerais,Sul/Sudoeste de Minas,Sudeste,Pouso Alegre,Pouso Alegre
3109808,Cachoeira Dourada,MG,Minas Gerais,Triângulo Mineiro/Alto Paranaíba,Sudeste,Ituiutaba,Uberlândia
3109907,Caetanópolis,MG,Minas Gerais,Metropolitana de Belo Horizonte,Sudeste,Sete Lagoas,Belo Horizonte
3110004,Caeté,MG,Minas Gerais,Metropolitana de Belo Horizonte,Sudeste,Belo Horizonte,Belo Horizonte
3110103,Caiana,MG,Minas Gerais,Zona da Mata,Sudeste,Carangola,Juíz de Fora
3110202,Cajuri,MG,Minas Gerais,Zona da Mata,Sudeste,Viçosa,Juíz de Fora
3110301,Caldas,MG,Minas Gerais,Sul/Sudoeste de Minas,Sudeste,Poços de Caldas,Pouso Alegre
3110400,Camacho,MG,Minas Gerais,Oeste de Minas,Sudeste,Divinópolis,Divinópolis
3110509,Camanducaia,MG,Minas Gerais,Sul/Sudoeste de Minas,Sudeste,Pouso Alegre,Pouso Alegre
3110608,Cambuí,MG,Minas Gerais,Sul/Sudoeste de Minas,Sudeste,Pouso Alegre,Pouso Alegre
3110707,Cambuquira,MG,Minas Gerais,Sul/Sudoeste de Minas,Sudeste,Três Corações,Varginha
3110806,Campanário,MG,Minas Gerais,Vale do Rio Doce,Sudeste,Teófilo Otoni,Teófilo Otoni
3110905,Campanha,MG,Minas Gerais,Sul/Sudoeste de Minas,Sudeste,Três Corações,Varginha
3111002,Campestre,MG,Minas Gerais,Sul/Sudoeste de Minas,Sudeste,Poços de Caldas,Pouso Alegre
3111101,Campina Verde,MG,Minas Gerais,Triângulo Mineiro/Alto Paranaíba,Sudeste,Uberlândia,Uberlândia
3111150,Campo Azul,MG,Minas Gerais,Norte de Minas,Sudeste,Montes Claros,Montes Claros
3111200,Campo Belo,MG,Minas Gerais,Oeste de Minas,Sudeste,Campo Belo,Varginha
3111309,Campo do Meio,MG,Minas Gerais,Sul/Sudoeste de Minas,Sudeste,Alfenas,Varginha
3111408,Campo Florido,MG,Minas Gerais,Triângulo Mineiro/Alto Paranaíba,Sudeste,Uberaba,Uberaba
3111507,Campos Altos,MG,Minas Gerais,Triângulo Mineiro/Alto Paranaíba,Sudeste,Araxá,Uberaba
3111606,Campos Gerais,MG,Minas Gerais,Sul/Sudoeste de Minas,Sudeste,Alfenas,Varginha
3111705,Canaã,MG,Minas Gerais,Zona da Mata,Sudeste,Viçosa,Juíz de Fora
3111804,Canápolis,MG,Minas Gerais,Triângulo Mineiro/Alto Paranaíba,Sudeste,Uberlândia,Uberlândia
3111903,Cana Verde,MG,Minas Gerais,Oeste de Minas,Sudeste,Lavras,Varginha
3112000,Candeias,MG,Minas Gerais,Oeste de Minas,Sudeste,Campo Belo,Varginha
3112059,Cantagalo,MG,Minas Gerais,Vale do Rio Doce,Sudeste,Guanhães,Governador Valadares
3112109,Caparaó,MG,Minas Gerais,Zona da Mata,Sudeste,Manhuaçu,Juíz de Fora
3112208,Capela Nova,MG,Minas Gerais,Campo das Vertentes,Sudeste,Conselheiro Lafaiete,Barbacena
3112307,Capelinha,MG,Minas Gerais,Jequitinhonha,Sudeste,Capelinha,Teófilo Otoni
3112406,Capetinga,MG,Minas Gerais,Sul/Sudoeste de Minas,Sudeste,Passos,Varginha
3112505,Capim Branco,MG,Minas Gerais,Metropolitana de Belo Horizonte,Sudeste,Sete Lagoas,Belo Horizonte
3112604,Capinópolis,MG,Minas Gerais,Triângulo Mineiro/Alto Paranaíba,Sudeste,Ituiutaba,Uberlândia
3112653,Capitão Andrade,MG,Minas Gerais,Vale do Rio Doce,Sudeste,Governador Valadares,Governador Valadares
3112703,Capitão Enéas,MG,Minas Gerais,Norte de Minas,Sudeste,Montes Claros,Montes Claros
3112802,Capitólio,MG,Minas Gerais,Sul/Sudoeste de Minas,Sudeste,Piumhi,Varginha
3112901,Caputira,MG,Minas Gerais,Zona da Mata,Sudeste,Manhuaçu,Juíz de Fora
3113008,Caraí,MG,Minas Gerais,Jequitinhonha,Sudeste,Teófilo Otoni,Teófilo Otoni
3113107,Caranaíba,MG,Minas Gerais,Campo das Vertentes,Sudeste,Conselheiro Lafaiete,Barbacena
3113206,Carandaí,MG,Minas Gerais,Campo das Vertentes,Sudeste,Conselheiro Lafaiete,Barbacena
3113305,Carangola,MG,Minas Gerais,Zona da Mata,Sudeste,Carangola,Juíz de Fora
3113404,Caratinga,MG,Minas Gerais,Vale do Rio Doce,Sudeste,Caratinga,Ipatinga
3113503,Carbonita,MG,Minas Gerais,Jequitinhonha,Sudeste,Diamantina,Teófilo Otoni
3113602,Careaçu,MG,Minas Gerais,Sul/Sudoeste de Minas,Sudeste,Pouso Alegre,Pouso Alegre
3113701,Carlos Chagas,MG,Minas Gerais,Vale do Mucuri,Sudeste,Teófilo Otoni,Teófilo Otoni
3113800,Carmésia,MG,Minas Gerais,Vale do Rio Doce,Sudeste,Itabira,Belo Horizonte
3113909,Carmo da Cachoeira,MG,Minas Gerais,Sul/Sudoeste de Minas,Sudeste,Três Corações,Varginha
3114006,Carmo da Mata,MG,Minas Gerais,Oeste de Minas,Sudeste,Divinópolis,Divinópolis
3114105,Carmo de Minas,MG,Minas Gerais,Sul/Sudoeste de Minas,Sudeste,São Lourenço,Pouso Alegre
3114204,Carmo do Cajuru,MG,Minas Gerais,Oeste de Minas,Sudeste,Divinópolis,Divinópolis
3114303,Carmo do Paranaíba,MG,Minas Gerais,Triângulo Mineiro/Alto Paranaíba,Sudeste,Patos de Minas,Patos de Minas
3114402,Carmo do Rio Claro,MG,Minas Gerais,Sul/Sudoeste de Minas,Sudeste,Passos,Varginha
3114501,Carmópolis de Minas,MG,Minas Gerais,Oeste de Minas,Sudeste,Oliveira,Divinópolis
3114550,Carneirinho,MG,Minas Gerais,Triângulo Mineiro/Alto Paranaíba,Sudeste,Iturama,Uberaba
3114600,Carrancas,MG,Minas Gerais,Campo das Vertentes,Sudeste,Lavras,Varginha
3114709,Carvalhópolis,MG,Minas Gerais,Sul/Sudoeste de Minas,Sudeste,Alfenas,Varginha
3114808,Carvalhos,MG,Minas Gerais,Sul/Sudoeste de Minas,Sudeste,Caxambu - Baependi,Pouso Alegre
3114907,Casa Grande,MG,Minas Gerais,Metropolitana de Belo Horizonte,Sudeste,Conselheiro Lafaiete,Barbacena
3115003,Cascalho Rico,MG,Minas Gerais,Triângulo Mineiro/Alto Paranaíba,Sudeste,Uberlândia,Uberlândia
3115102,Cássia,MG,Minas Gerais,Sul/Sudoeste de Minas,Sudeste,Passos,Varginha
3115201,Conceição da Barra de Minas,MG,Minas Gerais,Campo das Vertentes,Sudeste,São João del Rei,Barbacena
3115300,Cataguases,MG,Minas Gerais,Zona da Mata,Sudeste,Cataguases,Juíz de Fora
3115359,Catas Altas,MG,Minas Gerais,Metropolitana de Belo Horizonte,Sudeste,Santa Bárbara - Ouro Preto,Belo Horizonte
3115409,Catas Altas da Noruega,MG,Minas Gerais,Metropolitana de Belo Horizonte,Sudeste,Conselheiro Lafaiete,Barbacena
3115458,Catuji,MG,Minas Gerais,Vale do Mucuri,Sudeste,Teófilo Otoni,Teófilo Otoni
3115474,Catuti,MG,Minas Gerais,Norte de Minas,Sudeste,Espinosa,Montes Claros
3115508,Caxambu,MG,Minas Gerais,Sul/Sudoeste de Minas,Sudeste,Caxambu - Baependi,Pouso Alegre
3115607,Cedro do Abaeté,MG,Minas Gerais,Central Mineira,Sudeste,Abaeté,Divinópolis
3115706,Central de Minas,MG,Minas Gerais,Vale do Rio Doce,Sudeste,Mantena,Governador Valadares
3115805,Centralina,MG,Minas Gerais,Triângulo Mineiro/Alto Paranaíba,Sudeste,Uberlândia,Uberlândia
3115904,Chácara,MG,Minas Gerais,Zona da Mata,Sudeste,Juiz de Fora,Juíz de Fora
3116001,Chalé,MG,Minas Gerais,Zona da Mata,Sudeste,Manhuaçu,Juíz de Fora
3116100,Chapada do Norte,MG,Minas Gerais,Jequitinhonha,Sudeste,Capelinha,Teófilo Otoni
3116159,Chapada Gaúcha,MG,Minas Gerais,Norte de Minas,Sudeste,São Francisco,Montes Claros
3116209,Chiador,MG,Minas Gerais,Zona da Mata,Sudeste,Juiz de Fora,Juíz de Fora
3116308,Cipotânea,MG,Minas Gerais,Zona da Mata,Sudeste,Barbacena,Barbacena
3116407,Claraval,MG,Minas Gerais,Sul/Sudoeste de Minas,Sudeste,Passos,Varginha
3116506,Claro dos Poções,MG,Minas Gerais,Norte de Minas,Sudeste,Montes Claros,Montes Claros
3116605,Cláudio,MG,Minas Gerais,Oeste de Minas,Sudeste,Divinópolis,Divinópolis
3116704,Coimbra,MG,Minas Gerais,Zona da Mata,Sudeste,Viçosa,Juíz de Fora
3116803,Coluna,MG,Minas Gerais,Vale do Rio Doce,Sudeste,Guanhães,Governador Valadares
3116902,Comendador Gomes,MG,Minas Gerais,Triângulo Mineiro/Alto Paranaíba,Sudeste,Frutal,Uberaba
3117009,Comercinho,MG,Minas Gerais,Jequitinhonha,Sudeste,Pedra Azul,Teófilo Otoni
3117108,Conceição da Aparecida,MG,Minas Gerais,Sul/Sudoeste de Minas,Sudeste,Alfenas,Varginha
3117207,Conceição das Pedras,MG,Minas Gerais,Sul/Sudoeste de Minas,Sudeste,Itajubá,Pouso Alegre
3117306,Conceição das Alagoas,MG,Minas Gerais,Triângulo Mineiro/Alto Paranaíba,Sudeste,Uberaba,Uberaba
3117405,Conceição de Ipanema,MG,Minas Gerais,Vale do Rio Doce,Sudeste,Manhuaçu,Juíz de Fora
3117504,Conceição do Mato Dentro,MG,Minas Gerais,Metropolitana de Belo Horizonte,Sudeste,Sete Lagoas,Belo Horizonte
3117603,Conceição do Pará,MG,Minas Gerais,Oeste de Minas,Sudeste,Divinópolis,Divinópolis
3117702,Conceição do Rio Verde,MG,Minas Gerais,Sul/Sudoeste de Minas,Sudeste,São Lourenço,Pouso Alegre
3117801,Conceição dos Ouros,MG,Minas Gerais,Sul/Sudoeste de Minas,Sudeste,Pouso Alegre,Pouso Alegre
3117836,Cônego Marinho,MG,Minas Gerais,Norte de Minas,Sudeste,Januária,Montes Claros
3117876,Confins,MG,Minas Gerais,Metropolitana de Belo Horizonte,Sudeste,Belo Horizonte,Belo Horizonte
3117900,Congonhal,MG,Minas Gerais,Sul/Sudoeste de Minas,Sudeste,Pouso Alegre,Pouso Alegre
3118007,Congonhas,MG,Minas Gerais,Metropolitana de Belo Horizonte,Sudeste,Conselheiro Lafaiete,Barbacena
3118106,Congonhas do Norte,MG,Minas Gerais,Metropolitana de Belo Horizonte,Sudeste,Sete Lagoas,Belo Horizonte
3118205,Conquista,MG,Minas Gerais,Triângulo Mineiro/Alto Paranaíba,Sudeste,Uberaba,Uberaba
3118304,Conselheiro Lafaiete,MG,Minas Gerais,Metropolitana de Belo Horizonte,Sudeste,Conselheiro Lafaiete,Barbacena
3118403,Conselheiro Pena,MG,Minas Gerais,Vale do Rio Doce,Sudeste,Governador Valadares,Governador Valadares
3118502,Consolação,MG,Minas Gerais,Sul/Sudoeste de Minas,Sudeste,Pouso Alegre,Pouso Alegre
3118601,Contagem,MG,Minas Gerais,Metropolitana de Belo Horizonte,Sudeste,Belo Horizonte,Belo Horizonte
3118700,Coqueiral,MG,Minas Gerais,Sul/Sudoeste de Minas,Sudeste,Três Pontas - Boa Esperança,Varginha
3118809,Coração de Jesus,MG,Minas Gerais,Norte de Minas,Sudeste,Montes Claros,Montes Claros
3118908,Cordisburgo,MG,Minas Gerais,Metropolitana de Belo Horizonte,Sudeste,Sete Lagoas,Belo Horizonte
3119005,Cordislândia,MG,Minas Gerais,Sul/Sudoeste de Minas,Sudeste,Varginha,Varginha
3119104,Corinto,MG,Minas Gerais,Central Mineira,Sudeste,Curvelo,Belo Horizonte
3119203,Coroaci,MG,Minas Gerais,Vale do Rio Doce,Sudeste,Governador Valadares,Governador Valadares
3119302,Coromandel,MG,Minas Gerais,Triângulo Mineiro/Alto Paranaíba,Sudeste,Patrocínio,Patos de Minas
3119401,Coronel Fabriciano,MG,Minas Gerais,Vale do Rio Doce,Sudeste,Ipatinga,Ipatinga
3119500,Coronel Murta,MG,Minas Gerais,Jequitinhonha,Sudeste,Araçuaí,Teófilo Otoni
3119609,Coronel Pacheco,MG,Minas Gerais,Zona da Mata,Sudeste,Juiz de Fora,Juíz de Fora
3119708,Coronel Xavier Chaves,MG,Minas Gerais,Campo das Vertentes,Sudeste,São João del Rei,Barbacena
3119807,Córrego Danta,MG,Minas Gerais,Oeste de Minas,Sudeste,Formiga,Divinópolis
3119906,Córrego do Bom Jesus,MG,Minas Gerais,Sul/Sudoeste de Minas,Sudeste,Pouso Alegre,Pouso Alegre
3119955,Córrego Fundo,MG,Minas Gerais,Oeste de Minas,Sudeste,Formiga,Divinópolis
3120003,Córrego Novo,MG,Minas Gerais,Vale do Rio Doce,Sudeste,Caratinga,Ipatinga
3120102,Couto de Magalhães de Minas,MG,Minas Gerais,Jequitinhonha,Sudeste,Diamantina,Teófilo Otoni
3120151,Crisólita,MG,Minas Gerais,Vale do Mucuri,Sudeste,Águas Formosas,Teófilo Otoni
3120201,Cristais,MG,Minas Gerais,Oeste de Minas,Sudeste,Campo Belo,Varginha
3120300,Cristália,MG,Minas Gerais,Norte de Minas,Sudeste,Montes Claros,Montes Claros
3120409,Cristiano Otoni,MG,Minas Gerais,Metropolitana de Belo Horizonte,Sudeste,Conselheiro Lafaiete,Barbacena
3120508,Cristina,MG,Minas Gerais,Sul/Sudoeste de Minas,Sudeste,São Lourenço,Pouso Alegre
3120607,Crucilândia,MG,Minas Gerais,Metropolitana de Belo Horizonte,Sudeste,Oliveira,Divinópolis
3120706,Cruzeiro da Fortaleza,MG,Minas Gerais,Triângulo Mineiro/Alto Paranaíba,Sudeste,Patrocínio,Patos de Minas
3120805,Cruzília,MG,Minas Gerais,Sul/Sudoeste de Minas,Sudeste,Caxambu - Baependi,Pouso Alegre
3120839,Cuparaque,MG,Minas Gerais,Vale do Rio Doce,Sudeste,Aimorés - Resplendor,Governador Valadares
3120870,Curral de Dentro,MG,Minas Gerais,Norte de Minas,Sudeste,Salinas,Montes Claros
3120904,Curvelo,MG,Minas Gerais,Central Mineira,Sudeste,Curvelo,Belo Horizonte
3121001,Datas,MG,Minas Gerais,Jequitinhonha,Sudeste,Diamantina,Teófilo Otoni
3121100,Delfim Moreira,MG,Minas Gerais,Sul/Sudoeste de Minas,Sudeste,Itajubá,Pouso Alegre
3121209,Delfinópolis,MG,Minas Gerais,Sul/Sudoeste de Minas,Sudeste,Passos,Varginha
3121258,Delta,MG,Minas Gerais,Triângulo Mineiro/Alto Paranaíba,Sudeste,Uberaba,Uberaba
3121308,Descoberto,MG,Minas Gerais,Zona da Mata,Sudeste,São João Nepomuceno - Bicas,Juíz de Fora
3121407,Desterro de Entre Rios,MG,Minas Gerais,Metropolitana de Belo Horizonte,Sudeste,Conselheiro Lafaiete,Barbacena
3121506,Desterro do Melo,MG,Minas Gerais,Campo das Vertentes,Sudeste,Barbacena,Barbacena
3121605,Diamantina,MG,Minas Gerais,Jequitinhonha,Sudeste,Diamantina,Teófilo Otoni
3121704,Diogo de Vasconcelos,MG,Minas Gerais,Metropolitana de Belo Horizonte,Sudeste,Ponte Nova,Juíz de Fora
3121803,Dionísio,MG,Minas Gerais,Metropolitana de Belo Horizonte,Sudeste,Ipatinga,Ipatinga
3121902,Divinésia,MG,Minas Gerais,Zona da Mata,Sudeste,Ubá,Juíz de Fora
3122009,Divino,MG,Minas Gerais,Zona da Mata,Sudeste,Carangola,Juíz de Fora
3122108,Divino das Laranjeiras,MG,Minas Gerais,Vale do Rio Doce,Sudeste,Governador Valadares,Governador Valadares
3122207,Divinolândia de Minas,MG,Minas Gerais,Vale do Rio Doce,Sudeste,Guanhães,Governador Valadares
3122306,Divinópolis,MG,Minas Gerais,Oeste de Minas,Sudeste,Divinópolis,Divinópolis
3122355,Divisa Alegre,MG,Minas Gerais,Norte de Minas,Sudeste,Pedra Azul,Teófilo Otoni
3122405,Divisa Nova,MG,Minas Gerais,Sul/Sudoeste de Minas,Sudeste,Alfenas,Varginha
3122454,Divisópolis,MG,Minas Gerais,Jequitinhonha,Sudeste,Pedra Azul,Teófilo Otoni
3122470,Dom Bosco,MG,Minas Gerais,Noroeste de Minas,Sudeste,Unaí,Patos de Minas
3122504,Dom Cavati,MG,Minas Gerais,Vale do Rio Doce,Sudeste,Ipatinga,Ipatinga
3122603,Dom Joaquim,MG,Minas Gerais,Metropolitana de Belo Horizonte,Sudeste,Guanhães,Governador Valadares
3122702,Dom Silvério,MG,Minas Gerais,Zona da Mata,Sudeste,Ponte Nova,Juíz de Fora
3122801,Dom Viçoso,MG,Minas Gerais,Sul/Sudoeste de Minas,Sudeste,São Lourenço,Pouso Alegre
3122900,Dona Euzébia,MG,Minas Gerais,Zona da Mata,Sudeste,Cataguases,Juíz de Fora
3123007,Dores de Campos,MG,Minas Gerais,Campo das Vertentes,Sudeste,Barbacena,Barbacena
3123106,Dores de Guanhães,MG,Minas Gerais,Vale do Rio Doce,Sudeste,Guanhães,Governador Valadares
3123205,Dores do Indaiá,MG,Minas Gerais,Central Mineira,Sudeste,Dores do Indaiá,Divinópolis
3123304,Dores do Turvo,MG,Minas Gerais,Zona da Mata,Sudeste,Ubá,Juíz de Fora
3123403,Doresópolis,MG,Minas Gerais,Oeste de Minas,Sudeste,Piumhi,Varginha
3123502,Douradoquara,MG,Minas Gerais,Triângulo Mineiro/Alto Paranaíba,Sudeste,Monte Carmelo,Uberlândia
3123528,Durandé,MG,Minas Gerais,Zona da Mata,Sudeste,Manhuaçu,Juíz de Fora
3123601,Elói Mendes,MG,Minas Gerais,Sul/Sudoeste de Minas,Sudeste,Varginha,Varginha
3123700,Engenheiro Caldas,MG,Minas Gerais,Vale do Rio Doce,Sudeste,Governador Valadares,Governador Valadares
3123809,Engenheiro Navarro,MG,Minas Gerais,Norte de Minas,Sudeste,Montes Claros,Montes Claros
3123858,Entre Folhas,MG,Minas Gerais,Vale do Rio Doce,Sudeste,Caratinga,Ipatinga
3123908,Entre Rios de Minas,MG,Minas Gerais,Metropolitana de Belo Horizonte,Sudeste,Conselheiro Lafaiete,Barbacena
3124005,Ervália,MG,Minas Gerais,Zona da Mata,Sudeste,Viçosa,Juíz de Fora
3124104,Esmeraldas,MG,Minas Gerais,Metropolitana de Belo Horizonte,Sudeste,Belo Horizonte,Belo Horizonte
3124203,Espera Feliz,MG,Minas Gerais,Zona da Mata,Sudeste,Carangola,Juíz de Fora
3124302,Espinosa,MG,Minas Gerais,Norte de Minas,Sudeste,Espinosa,Montes Claros
3124401,Espírito Santo do Dourado,MG,Minas Gerais,Sul/Sudoeste de Minas,Sudeste,Pouso Alegre,Pouso Alegre
3124500,Estiva,MG,Minas Gerais,Sul/Sudoeste de Minas,Sudeste,Pouso Alegre,Pouso Alegre
3124609,Estrela Dalva,MG,Minas Gerais,Zona da Mata,Sudeste,Além Paraíba,Juíz de Fora
3124708,Estrela do Indaiá,MG,Minas Gerais,Central Mineira,Sudeste,Dores do Indaiá,Divinópolis
3124807,Estrela do Sul,MG,Minas Gerais,Triângulo Mineiro/Alto Paranaíba,Sudeste,Monte Carmelo,Uberlândia
3124906,Eugenópolis,MG,Minas Gerais,Zona da Mata,Sudeste,Muriaé,Juíz de Fora
3125002,Ewbank da Câmara,MG,Minas Gerais,Zona da Mata,Sudeste,Juiz de Fora,Juíz de Fora
3125101,Extrema,MG,Minas Gerais,Sul/Sudoeste de Minas,Sudeste,Pouso Alegre,Pouso Alegre
3125200,Fama,MG,Minas Gerais,Sul/Sudoeste de Minas,Sudeste,Alfenas,Varginha
3125309,Faria Lemos,MG,Minas Gerais,Zona da Mata,Sudeste,Carangola,Juíz de Fora
3125408,Felício dos Santos,MG,Minas Gerais,Jequitinhonha,Sudeste,Diamantina,Teófilo Otoni
3125507,São Gonçalo do Rio Preto,MG,Minas Gerais,Jequitinhonha,Sudeste,Diamantina,Teófilo Otoni
3125606,Felisburgo,MG,Minas Gerais,Jequitinhonha,Sudeste,Almenara,Teófilo Otoni
3125705,Felixlândia,MG,Minas Gerais,Central Mineira,Sudeste,Curvelo,Belo Horizonte
3125804,Fernandes Tourinho,MG,Minas Gerais,Vale do Rio Doce,Sudeste,Governador Valadares,Governador Valadares
3125903,Ferros,MG,Minas Gerais,Metropolitana de Belo Horizonte,Sudeste,Itabira,Belo Horizonte
3125952,Fervedouro,MG,Minas Gerais,Zona da Mata,Sudeste,Muriaé,Juíz de Fora
3126000,Florestal,MG,Minas Gerais,Metropolitana de Belo Horizonte,Sudeste,Belo Horizonte,Belo Horizonte
3126109,Formiga,MG,Minas Gerais,Oeste de Minas,Sudeste,Formiga,Divinópolis
3126208,Formoso,MG,Minas Gerais,Noroeste de Minas,Sudeste,Unaí,Patos de Minas
3126307,Fortaleza de Minas,MG,Minas Gerais,Sul/Sudoeste de Minas,Sudeste,Passos,Varginha
3126406,Fortuna de Minas,MG,Minas Gerais,Metropolitana de Belo Horizonte,Sudeste,Sete Lagoas,Belo Horizonte
3126505,Francisco Badaró,MG,Minas Gerais,Jequitinhonha,Sudeste,Araçuaí,Teófilo Otoni
3126604,Francisco Dumont,MG,Minas Gerais,Norte de Minas,Sudeste,Montes Claros,Montes Claros
3126703,Francisco Sá,MG,Minas Gerais,Norte de Minas,Sudeste,Montes Claros,Montes Claros
3126752,Franciscópolis,MG,Minas Gerais,Vale do Mucuri,Sudeste,Teófilo Otoni,Teófilo Otoni
3126802,Frei Gaspar,MG,Minas Gerais,Vale do Mucuri,Sudeste,Teófilo Otoni,Teófilo Otoni
3126901,Frei Inocêncio,MG,Minas Gerais,Vale do Rio Doce,Sudeste,Governador Valadares,Governador Valadares
3126950,Frei Lagonegro,MG,Minas Gerais,Vale do Rio Doce,Sudeste,Guanhães,Governador Valadares
3127008,Fronteira,MG,Minas Gerais,Triângulo Mineiro/Alto Paranaíba,Sudeste,Frutal,Uberaba
3127057,Fronteira dos Vales,MG,Minas Gerais,Vale do Mucuri,Sudeste,Águas Formosas,Teófilo Otoni
3127073,Fruta de Leite,MG,Minas Gerais,Norte de Minas,Sudeste,Salinas,Montes Claros
3127107,Frutal,MG,Minas Gerais,Triângulo Mineiro/Alto Paranaíba,Sudeste,Frutal,Uberaba
3127206,Funilândia,MG,Minas Gerais,Metropolitana de Belo Horizonte,Sudeste,Sete Lagoas,Belo Horizonte
3127305,Galiléia,MG,Minas Gerais,Vale do Rio Doce,Sudeste,Governador Valadares,Governador Valadares
3127339,Gameleiras,MG,Minas Gerais,Norte de Minas,Sudeste,Espinosa,Montes Claros
3127354,Glaucilândia,MG,Minas Gerais,Norte de Minas,Sudeste,Montes Claros,Montes Claros
3127370,Goiabeira,MG,Minas Gerais,Vale do Rio Doce,Sudeste,Governador Valadares,Governador Valadares
3127388,Goianá,MG,Minas Gerais,Zona da Mata,Sudeste,Juiz de Fora,Juíz de Fora
3127404,Gonçalves,MG,Minas Gerais,Sul/Sudoeste de Minas,Sudeste,Itajubá,Pouso Alegre
3127503,Gonzaga,MG,Minas Gerais,Vale do Rio Doce,Sudeste,Governador Valadares,Governador Valadares
3127602,Gouveia,MG,Minas Gerais,Jequitinhonha,Sudeste,Diamantina,Teófilo Otoni
3127701,Governador Valadares,MG,Minas Gerais,Vale do Rio Doce,Sudeste,Governador Valadares,Governador Valadares
3127800,Grão Mogol,MG,Minas Gerais,Norte de Minas,Sudeste,Montes Claros,Montes Claros
3127909,Grupiara,MG,Minas Gerais,Triângulo Mineiro/Alto Paranaíba,Sudeste,Monte Carmelo,Uberlândia
3128006,Guanhães,MG,Minas Gerais,Vale do Rio Doce,Sudeste,Guanhães,Governador Valadares
3128105,Guapé,MG,Minas Gerais,Sul/Sudoeste de Minas,Sudeste,Passos,Varginha
3128204,Guaraciaba,MG,Minas Gerais,Zona da Mata,Sudeste,Ponte Nova,Juíz de Fora
3128253,Guaraciama,MG,Minas Gerais,Norte de Minas,Sudeste,Montes Claros,Montes Claros
3128303,Guaranésia,MG,Minas Gerais,Sul/Sudoeste de Minas,Sudeste,Guaxupé,Varginha
3128402,Guarani,MG,Minas Gerais,Zona da Mata,Sudeste,Ubá,Juíz de Fora
3128501,Guarará,MG,Minas Gerais,Zona da Mata,Sudeste,São João Nepomuceno - Bicas,Juíz de Fora
3128600,Guarda-Mor,MG,Minas Gerais,Noroeste de Minas,Sudeste,Patos de Minas,Patos de Minas
3128709,Guaxupé,MG,Minas Gerais,Sul/Sudoeste de Minas,Sudeste,Guaxupé,Varginha
3128808,Guidoval,MG,Minas Gerais,Zona da Mata,Sudeste,Ubá,Juíz de Fora
3128907,Guimarânia,MG,Minas Gerais,Triângulo Mineiro/Alto Paranaíba,Sudeste,Patrocínio,Patos de Minas
3129004,Guiricema,MG,Minas Gerais,Zona da Mata,Sudeste,Ubá,Juíz de Fora
3129103,Gurinhatã,MG,Minas Gerais,Triângulo Mineiro/Alto Paranaíba,Sudeste,Ituiutaba,Uberlândia
3129202,Heliodora,MG,Minas Gerais,Sul/Sudoeste de Minas,Sudeste,Pouso Alegre,Pouso Alegre
3129301,Iapu,MG,Minas Gerais,Vale do Rio Doce,Sudeste,Ipatinga,Ipatinga
3129400,Ibertioga,MG,Minas Gerais,Campo das Vertentes,Sudeste,Barbacena,Barbacena
3129509,Ibiá,MG,Minas Gerais,Triângulo Mineiro/Alto Paranaíba,Sudeste,Araxá,Uberaba
3129608,Ibiaí,MG,Minas Gerais,Norte de Minas,Sudeste,Pirapora,Montes Claros
3129657,Ibiracatu,MG,Minas Gerais,Norte de Minas,Sudeste,Montes Claros,Montes Claros
3129707,Ibiraci,MG,Minas Gerais,Sul/Sudoeste de Minas,Sudeste,Passos,Varginha
3129806,Ibirité,MG,Minas Gerais,Metropolitana de Belo Horizonte,Sudeste,Belo Horizonte,Belo Horizonte
3129905,Ibitiúra de Minas,MG,Minas Gerais,Sul/Sudoeste de Minas,Sudeste,Poços de Caldas,Pouso Alegre
3130002,Ibituruna,MG,Minas Gerais,Oeste de Minas,Sudeste,Lavras,Varginha
3130051,Icaraí de Minas,MG,Minas Gerais,Norte de Minas,Sudeste,São Francisco,Montes Claros
3130101,Igarapé,MG,Minas Gerais,Metropolitana de Belo Horizonte,Sudeste,Belo Horizonte,Belo Horizonte
3130200,Igaratinga,MG,Minas Gerais,Oeste de Minas,Sudeste,Pará de Minas,Divinópolis
3130309,Iguatama,MG,Minas Gerais,Oeste de Minas,Sudeste,Formiga,Divinópolis
3130408,Ijaci,MG,Minas Gerais,Campo das Vertentes,Sudeste,Lavras,Varginha
3130507,Ilicínea,MG,Minas Gerais,Sul/Sudoeste de Minas,Sudeste,Três Pontas - Boa Esperança,Varginha
3130556,Imbé de Minas,MG,Minas Gerais,Vale do Rio Doce,Sudeste,Caratinga,Ipatinga
3130606,Inconfidentes,MG,Minas Gerais,Sul/Sudoeste de Minas,Sudeste,Pouso Alegre,Pouso Alegre
3130655,Indaiabira,MG,Minas Gerais,Norte de Minas,Sudeste,Salinas,Montes Claros
3130705,Indianópolis,MG,Minas Gerais,Triângulo Mineiro/Alto Paranaíba,Sudeste,Uberlândia,Uberlândia
3130804,Ingaí,MG,Minas Gerais,Campo das Vertentes,Sudeste,Lavras,Varginha
3130903,Inhapim,MG,Minas Gerais,Vale do Rio Doce,Sudeste,Caratinga,Ipatinga
3131000,Inhaúma,MG,Minas Gerais,Metropolitana de Belo Horizonte,Sudeste,Sete Lagoas,Belo Horizonte
3131109,Inimutaba,MG,Minas Gerais,Central Mineira,Sudeste,Curvelo,Belo Horizonte
3131158,Ipaba,MG,Minas Gerais,Vale do Rio Doce,Sudeste,Ipatinga,Ipatinga
3131208,Ipanema,MG,Minas Gerais,Vale do Rio Doce,Sudeste,Manhuaçu,Juíz de Fora
3131307,Ipatinga,MG,Minas Gerais,Vale do Rio Doce,Sudeste,Ipatinga,Ipatinga
3131406,Ipiaçu,MG,Minas Gerais,Triângulo Mineiro/Alto Paranaíba,Sudeste,Ituiutaba,Uberlândia
3131505,Ipuiúna,MG,Minas Gerais,Sul/Sudoeste de Minas,Sudeste,Pouso Alegre,Pouso Alegre
3131604,Iraí de Minas,MG,Minas Gerais,Triângulo Mineiro/Alto Paranaíba,Sudeste,Monte Carmelo,Uberlândia
3131703,Itabira,MG,Minas Gerais,Metropolitana de Belo Horizonte,Sudeste,Itabira,Belo Horizonte
3131802,Itabirinha,MG,Minas Gerais,Vale do Rio Doce,Sudeste,Mantena,Governador Valadares
3131901,Itabirito,MG,Minas Gerais,Metropolitana de Belo Horizonte,Sudeste,Santa Bárbara - Ouro Preto,Belo Horizonte
3132008,Itacambira,MG,Minas Gerais,Norte de Minas,Sudeste,Montes Claros,Montes Claros
3132107,Itacarambi,MG,Minas Gerais,Norte de Minas,Sudeste,Januária,Montes Claros
3132206,Itaguara,MG,Minas Gerais,Metropolitana de Belo Horizonte,Sudeste,Oliveira,Divinópolis
3132305,Itaipé,MG,Minas Gerais,Vale do Mucuri,Sudeste,Teófilo Otoni,Teófilo Otoni
3132404,Itajubá,MG,Minas Gerais,Sul/Sudoeste de Minas,Sudeste,Itajubá,Pouso Alegre
3132503,Itamarandiba,MG,Minas Gerais,Jequitinhonha,Sudeste,Capelinha,Teófilo Otoni
3132602,Itamarati de Minas,MG,Minas Gerais,Zona da Mata,Sudeste,Cataguases,Juíz de Fora
3132701,Itambacuri,MG,Minas Gerais,Vale do Rio Doce,Sudeste,Teófilo Otoni,Teófilo Otoni
3132800,Itambé do Mato Dentro,MG,Minas Gerais,Metropolitana de Belo Horizonte,Sudeste,Itabira,Belo Horizonte
3132909,Itamogi,MG,Minas Gerais,Sul/Sudoeste de Minas,Sudeste,São Sebastião do Paraíso,Varginha
3133006,Itamonte,MG,Minas Gerais,Sul/Sudoeste de Minas,Sudeste,São Lourenço,Pouso Alegre
3133105,Itanhandu,MG,Minas Gerais,Sul/Sudoeste de Minas,Sudeste,São Lourenço,Pouso Alegre
3133204,Itanhomi,MG,Minas Gerais,Vale do Rio Doce,Sudeste,Governador Valadares,Governador Valadares
3133303,Itaobim,MG,Minas Gerais,Jequitinhonha,Sudeste,Teófilo Otoni,Teófilo Otoni
3133402,Itapagipe,MG,Minas Gerais,Triângulo Mineiro/Alto Paranaíba,Sudeste,Frutal,Uberaba
3133501,Itapecerica,MG,Minas Gerais,Oeste de Minas,Sudeste,Divinópolis,Divinópolis
3133600,Itapeva,MG,Minas Gerais,Sul/Sudoeste de Minas,Sudeste,Pouso Alegre,Pouso Alegre
3133709,Itatiaiuçu,MG,Minas Gerais,Metropolitana de Belo Horizonte,Sudeste,Divinópolis,Divinópolis
3133758,Itaú de Minas,MG,Minas Gerais,Sul/Sudoeste de Minas,Sudeste,Passos,Varginha
3133808,Itaúna,MG,Minas Gerais,Oeste de Minas,Sudeste,Divinópolis,Divinópolis
3133907,Itaverava,MG,Minas Gerais,Metropolitana de Belo Horizonte,Sudeste,Conselheiro Lafaiete,Barbacena
3134004,Itinga,MG,Minas Gerais,Jequitinhonha,Sudeste,Araçuaí,Teófilo Otoni
3134103,Itueta,MG,Minas Gerais,Vale do Rio Doce,Sudeste,Aimorés - Resplendor,Governador Valadares
3134202,Ituiutaba,MG,Minas Gerais,Triângulo Mineiro/Alto Paranaíba,Sudeste,Ituiutaba,Uberlândia
3134301,Itumirim,MG,Minas Gerais,Campo das Vertentes,Sudeste,Lavras,Varginha
3134400,Iturama,MG,Minas Gerais,Triângulo Mineiro/Alto Paranaíba,Sudeste,Iturama,Uberaba
3134509,Itutinga,MG,Minas Gerais,Campo das Vertentes,Sudeste,Lavras,Varginha
3134608,Jaboticatubas,MG,Minas Gerais,Metropolitana de Belo Horizonte,Sudeste,Belo Horizonte,Belo Horizonte
3134707,Jacinto,MG,Minas Gerais,Jequitinhonha,Sudeste,Almenara,Teófilo Otoni
3134806,Jacuí,MG,Minas Gerais,Sul/Sudoeste de Minas,Sudeste,São Sebastião do Paraíso,Varginha
3134905,Jacutinga,MG,Minas Gerais,Sul/Sudoeste de Minas,Sudeste,Pouso Alegre,Pouso Alegre
3135001,Jaguaraçu,MG,Minas Gerais,Vale do Rio Doce,Sudeste,Ipatinga,Ipatinga
3135050,Jaíba,MG,Minas Gerais,Norte de Minas,Sudeste,Janaúba,Montes Claros
3135076,Jampruca,MG,Minas Gerais,Vale do Rio Doce,Sudeste,Governador Valadares,Governador Valadares
3135100,Janaúba,MG,Minas Gerais,Norte de Minas,Sudeste,Janaúba,Montes Claros
3135209,Januária,MG,Minas Gerais,Norte de Minas,Sudeste,Januária,Montes Claros
3135308,Japaraíba,MG,Minas Gerais,Central Mineira,Sudeste,Divinópolis,Divinópolis
3135357,Japonvar,MG,Minas Gerais,Norte de Minas,Sudeste,Montes Claros,Montes Claros
3135407,Jeceaba,MG,Minas Gerais,Metropolitana de Belo Horizonte,Sudeste,Conselheiro Lafaiete,Barbacena
3135456,Jenipapo de Minas,MG,Minas Gerais,Jequitinhonha,Sudeste,Araçuaí,Teófilo Otoni
3135506,Jequeri,MG,Minas Gerais,Zona da Mata,Sudeste,Ponte Nova,Juíz de Fora
3135605,Jequitaí,MG,Minas Gerais,Norte de Minas,Sudeste,Montes Claros,Montes Claros
3135704,Jequitibá,MG,Minas Gerais,Metropolitana de Belo Horizonte,Sudeste,Sete Lagoas,Belo Horizonte
3135803,Jequitinhonha,MG,Minas Gerais,Jequitinhonha,Sudeste,Almenara,Teófilo Otoni
3135902,Jesuânia,MG,Minas Gerais,Sul/Sudoeste de Minas,Sudeste,São Lourenço,Pouso Alegre
3136009,Joaíma,MG,Minas Gerais,Jequitinhonha,Sudeste,Almenara,Teófilo Otoni
3136108,Joanésia,MG,Minas Gerais,Vale do Rio Doce,Sudeste,Ipatinga,Ipatinga
3136207,João Monlevade,MG,Minas Gerais,Metropolitana de Belo Horizonte,Sudeste,João Monlevade,Ipatinga
3136306,João Pinheiro,MG,Minas Gerais,Noroeste de Minas,Sudeste,Patos de Minas,Patos de Minas
3136405,Joaquim Felício,MG,Minas Gerais,Central Mineira,Sudeste,Montes Claros,Montes Claros
3136504,Jordânia,MG,Minas Gerais,Jequitinhonha,Sudeste,Almenara,Teófilo Otoni
3136520,José Gonçalves de Minas,MG,Minas Gerais,Jequitinhonha,Sudeste,Araçuaí,Teófilo Otoni
3136553,José Raydan,MG,Minas Gerais,Vale do Rio Doce,Sudeste,Guanhães,Governador Valadares
3136579,Josenópolis,MG,Minas Gerais,Norte de Minas,Sudeste,Montes Claros,Montes Claros
3136603,Nova União,MG,Minas Gerais,Metropolitana de Belo Horizonte,Sudeste,Belo Horizonte,Belo Horizonte
3136652,Juatuba,MG,Minas Gerais,Metropolitana de Belo Horizonte,Sudeste,Belo Horizonte,Belo Horizonte
3136702,Juiz de Fora,MG,Minas Gerais,Zona da Mata,Sudeste,Juiz de Fora,Juíz de Fora
3136801,Juramento,MG,Minas Gerais,Norte de Minas,Sudeste,Montes Claros,Montes Claros
3136900,Juruaia,MG,Minas Gerais,Sul/Sudoeste de Minas,Sudeste,Guaxupé,Varginha
3136959,Juvenília,MG,Minas Gerais,Norte de Minas,Sudeste,Januária,Montes Claros
3137007,Ladainha,MG,Minas Gerais,Vale do Mucuri,Sudeste,Teófilo Otoni,Teófilo Otoni
3137106,Lagamar,MG,Minas Gerais,Noroeste de Minas,Sudeste,Patos de Minas,Patos de Minas
3137205,Lagoa da Prata,MG,Minas Gerais,Central Mineira,Sudeste,Divinópolis,Divinópolis
3137304,Lagoa dos Patos,MG,Minas Gerais,Norte de Minas,Sudeste,Montes Claros,Montes Claros
3137403,Lagoa Dourada,MG,Minas Gerais,Campo das Vertentes,Sudeste,São João del Rei,Barbacena
3137502,Lagoa Formosa,MG,Minas Gerais,Triângulo Mineiro/Alto Paranaíba,Sudeste,Patos de Minas,Patos de Minas
3137536,Lagoa Grande,MG,Minas Gerais,Noroeste de Minas,Sudeste,Patos de Minas,Patos de Minas
3137601,Lagoa Santa,MG,Minas Gerais,Metropolitana de Belo Horizonte,Sudeste,Belo Horizonte,Belo Horizonte
3137700,Lajinha,MG,Minas Gerais,Zona da Mata,Sudeste,Manhuaçu,Juíz de Fora
3137809,Lambari,MG,Minas Gerais,Sul/Sudoeste de Minas,Sudeste,São Lourenço,Pouso Alegre
3137908,Lamim,MG,Minas Gerais,Zona da Mata,Sudeste,Conselheiro Lafaiete,Barbacena
3138005,Laranjal,MG,Minas Gerais,Zona da Mata,Sudeste,Cataguases,Juíz de Fora
3138104,Lassance,MG,Minas Gerais,Norte de Minas,Sudeste,Pirapora,Montes Claros
3138203,Lavras,MG,Minas Gerais,Campo das Vertentes,Sudeste,Lavras,Varginha
3138302,Leandro Ferreira,MG,Minas Gerais,Central Mineira,Sudeste,Divinópolis,Divinópolis
3138351,Leme do Prado,MG,Minas Gerais,Jequitinhonha,Sudeste,Capelinha,Teófilo Otoni
3138401,Leopoldina,MG,Minas Gerais,Zona da Mata,Sudeste,Cataguases,Juíz de Fora
3138500,Liberdade,MG,Minas Gerais,Sul/Sudoeste de Minas,Sudeste,Juiz de Fora,Juíz de Fora
3138609,Lima Duarte,MG,Minas Gerais,Zona da Mata,Sudeste,Juiz de Fora,Juíz de Fora
3138625,Limeira do Oeste,MG,Minas Gerais,Triângulo Mineiro/Alto Paranaíba,Sudeste,Iturama,Uberaba
3138658,Lontra,MG,Minas Gerais,Norte de Minas,Sudeste,Montes Claros,Montes Claros
3138674,Luisburgo,MG,Minas Gerais,Zona da Mata,Sudeste,Manhuaçu,Juíz de Fora
3138682,Luislândia,MG,Minas Gerais,Norte de Minas,Sudeste,Montes Claros,Montes Claros
3138708,Luminárias,MG,Minas Gerais,Campo das Vertentes,Sudeste,Lavras,Varginha
3138807,Luz,MG,Minas Gerais,Central Mineira,Sudeste,Dores do Indaiá,Divinópolis
3138906,Machacalis,MG,Minas Gerais,Vale do Mucuri,Sudeste,Águas Formosas,Teófilo Otoni
3139003,Machado,MG,Minas Gerais,Sul/Sudoeste de Minas,Sudeste,Alfenas,Varginha
3139102,Madre de Deus de Minas,MG,Minas Gerais,Campo das Vertentes,Sudeste,São João del Rei,Barbacena
3139201,Malacacheta,MG,Minas Gerais,Vale do Mucuri,Sudeste,Teófilo Otoni,Teófilo Otoni
3139250,Mamonas,MG,Minas Gerais,Norte de Minas,Sudeste,Espinosa,Montes Claros
3139300,Manga,MG,Minas Gerais,Norte de Minas,Sudeste,Janaúba,Montes Claros
3139409,Manhuaçu,MG,Minas Gerais,Zona da Mata,Sudeste,Manhuaçu,Juíz de Fora
3139508,Manhumirim,MG,Minas Gerais,Zona da Mata,Sudeste,Manhuaçu,Juíz de Fora
3139607,Mantena,MG,Minas Gerais,Vale do Rio Doce,Sudeste,Mantena,Governador Valadares
3139706,Maravilhas,MG,Minas Gerais,Metropolitana de Belo Horizonte,Sudeste,Pará de Minas,Divinópolis
3139805,Mar de Espanha,MG,Minas Gerais,Zona da Mata,Sudeste,São João Nepomuceno - Bicas,Juíz de Fora
3139904,Maria da Fé,MG,Minas Gerais,Sul/Sudoeste de Minas,Sudeste,Itajubá,Pouso Alegre
3140001,Mariana,MG,Minas Gerais,Metropolitana de Belo Horizonte,Sudeste,Santa Bárbara - Ouro Preto,Belo Horizonte
3140100,Marilac,MG,Minas Gerais,Vale do Rio Doce,Sudeste,Governador Valadares,Governador Valadares
3140159,Mário Campos,MG,Minas Gerais,Metropolitana de Belo Horizonte,Sudeste,Belo Horizonte,Belo Horizonte
3140209,Maripá de Minas,MG,Minas Gerais,Zona da Mata,Sudeste,São João Nepomuceno - Bicas,Juíz de Fora
3140308,Marliéria,MG,Minas Gerais,Vale do Rio Doce,Sudeste,Ipatinga,Ipatinga
3140407,Marmelópolis,MG,Minas Gerais,Sul/Sudoeste de Minas,Sudeste,Itajubá,Pouso Alegre
3140506,Martinho Campos,MG,Minas Gerais,Central Mineira,Sudeste,Dores do Indaiá,Divinópolis
3140530,Martins Soares,MG,Minas Gerais,Zona da Mata,Sudeste,Manhuaçu,Juíz de Fora
3140555,Mata Verde,MG,Minas Gerais,Jequitinhonha,Sudeste,Almenara,Teófilo Otoni
3140605,Materlândia,MG,Minas Gerais,Vale do Rio Doce,Sudeste,Guanhães,Governador Valadares
3140704,Mateus Leme,MG,Minas Gerais,Metropolitana de Belo Horizonte,Sudeste,Belo Horizonte,Belo Horizonte
3140803,Matias Barbosa,MG,Minas Gerais,Zona da Mata,Sudeste,Juiz de Fora,Juíz de Fora
3140852,Matias Cardoso,MG,Minas Gerais,Norte de Minas,Sudeste,Janaúba,Montes Claros
3140902,Matipó,MG,Minas Gerais,Zona da Mata,Sudeste,Manhuaçu,Juíz de Fora
3141009,Mato Verde,MG,Minas Gerais,Norte de Minas,Sudeste,Espinosa,Montes Claros
3141108,Matozinhos,MG,Minas Gerais,Metropolitana de Belo Horizonte,Sudeste,Sete Lagoas,Belo Horizonte
3141207,Matutina,MG,Minas Gerais,Triângulo Mineiro/Alto Paranaíba,Sudeste,Patos de Minas,Patos de Minas
3141306,Medeiros,MG,Minas Gerais,Oeste de Minas,Sudeste,Formiga,Divinópolis
3141405,Medina,MG,Minas Gerais,Jequitinhonha,Sudeste,Pedra Azul,Teófilo Otoni
3141504,Mendes Pimentel,MG,Minas Gerais,Vale do Rio Doce,Sudeste,Mantena,Governador Valadares
3141603,Mercês,MG,Minas Gerais,Zona da Mata,Sudeste,Ubá,Juíz de Fora
3141702,Mesquita,MG,Minas Gerais,Vale do Rio Doce,Sudeste,Ipatinga,Ipatinga
3141801,Minas Novas,MG,Minas Gerais,Jequitinhonha,Sudeste,Capelinha,Teófilo Otoni
3141900,Minduri,MG,Minas Gerais,Sul/Sudoeste de Minas,Sudeste,Caxambu - Baependi,Pouso Alegre
3142007,Mirabela,MG,Minas Gerais,Norte de Minas,Sudeste,Montes Claros,Montes Claros
3142106,Miradouro,MG,Minas Gerais,Zona da Mata,Sudeste,Muriaé,Juíz de Fora
3142205,Miraí,MG,Minas Gerais,Zona da Mata,Sudeste,Muriaé,Juíz de Fora
3142254,Miravânia,MG,Minas Gerais,Norte de Minas,Sudeste,Janaúba,Montes Claros
3142304,Moeda,MG,Minas Gerais,Metropolitana de Belo Horizonte,Sudeste,Belo Horizonte,Belo Horizonte
3142403,Moema,MG,Minas Gerais,Central Mineira,Sudeste,Dores do Indaiá,Divinópolis
3142502,Monjolos,MG,Minas Gerais,Central Mineira,Sudeste,Curvelo,Belo Horizonte
3142601,Monsenhor Paulo,MG,Minas Gerais,Sul/Sudoeste de Minas,Sudeste,Varginha,Varginha
3142700,Montalvânia,MG,Minas Gerais,Norte de Minas,Sudeste,Januária,Montes Claros
3142809,Monte Alegre de Minas,MG,Minas Gerais,Triângulo Mineiro/Alto Paranaíba,Sudeste,Uberlândia,Uberlândia
3142908,Monte Azul,MG,Minas Gerais,Norte de Minas,Sudeste,Espinosa,Montes Claros
3143005,Monte Belo,MG,Minas Gerais,Sul/Sudoeste de Minas,Sudeste,Guaxupé,Varginha
3143104,Monte Carmelo,MG,Minas Gerais,Triângulo Mineiro/Alto Paranaíba,Sudeste,Monte Carmelo,Uberlândia
3143153,Monte Formoso,MG,Minas Gerais,Jequitinhonha,Sudeste,Teófilo Otoni,Teófilo Otoni
3143203,Monte Santo de Minas,MG,Minas Gerais,Sul/Sudoeste de Minas,Sudeste,São Sebastião do Paraíso,Varginha
3143302,Montes Claros,MG,Minas Gerais,Norte de Minas,Sudeste,Montes Claros,Montes Claros
3143401,Monte Sião,MG,Minas Gerais,Sul/Sudoeste de Minas,Sudeste,Pouso Alegre,Pouso Alegre
3143450,Montezuma,MG,Minas Gerais,Norte de Minas,Sudeste,Espinosa,Montes Claros
3143500,Morada Nova de Minas,MG,Minas Gerais,Central Mineira,Sudeste,Abaeté,Divinópolis
3143609,Morro da Garça,MG,Minas Gerais,Central Mineira,Sudeste,Curvelo,Belo Horizonte
3143708,Morro do Pilar,MG,Minas Gerais,Metropolitana de Belo Horizonte,Sudeste,Sete Lagoas,Belo Horizonte
3143807,Munhoz,MG,Minas Gerais,Sul/Sudoeste de Minas,Sudeste,Pouso Alegre,Pouso Alegre
3143906,Muriaé,MG,Minas Gerais,Zona da Mata,Sudeste,Muriaé,Juíz de Fora
3144003,Mutum,MG,Minas Gerais,Vale do Rio Doce,Sudeste,Manhuaçu,Juíz de Fora
3144102,Muzambinho,MG,Minas Gerais,Sul/Sudoeste de Minas,Sudeste,Guaxupé,Varginha
3144201,Nacip Raydan,MG,Minas Gerais,Vale do Rio Doce,Sudeste,Governador Valadares,Governador Valadares
3144300,Nanuque,MG,Minas Gerais,Vale do Mucuri,Sudeste,Teófilo Otoni,Teófilo Otoni
3144359,Naque,MG,Minas Gerais,Vale do Rio Doce,Sudeste,Ipatinga,Ipatinga
3144375,Natalândia,MG,Minas Gerais,Noroeste de Minas,Sudeste,Unaí,Patos de Minas
3144409,Natércia,MG,Minas Gerais,Sul/Sudoeste de Minas,Sudeste,Pouso Alegre,Pouso Alegre
3144508,Nazareno,MG,Minas Gerais,Campo das Vertentes,Sudeste,São João del Rei,Barbacena
3144607,Nepomuceno,MG,Minas Gerais,Campo das Vertentes,Sudeste,Lavras,Varginha
3144656,Ninheira,MG,Minas Gerais,Norte de Minas,Sudeste,Salinas,Montes Claros
3144672,Nova Belém,MG,Minas Gerais,Vale do Rio Doce,Sudeste,Mantena,Governador Valadares
3144706,Nova Era,MG,Minas Gerais,Metropolitana de Belo Horizonte,Sudeste,João Monlevade,Ipatinga
3144805,Nova Lima,MG,Minas Gerais,Metropolitana de Belo Horizonte,Sudeste,Belo Horizonte,Belo Horizonte
3144904,Nova Módica,MG,Minas Gerais,Vale do Rio Doce,Sudeste,Teófilo Otoni,Teófilo Otoni
3145000,Nova Ponte,MG,Minas Gerais,Triângulo Mineiro/Alto Paranaíba,Sudeste,Uberaba,Uberaba
3145059,Nova Porteirinha,MG,Minas Gerais,Norte de Minas,Sudeste,Janaúba,Montes Claros
3145109,Nova Resende,MG,Minas Gerais,Sul/Sudoeste de Minas,Sudeste,Guaxupé,Varginha
3145208,Nova Serrana,MG,Minas Gerais,Oeste de Minas,Sudeste,Divinópolis,Divinópolis
3145307,Novo Cruzeiro,MG,Minas Gerais,Jequitinhonha,Sudeste,Teófilo Otoni,Teófilo Otoni
3145356,Novo Oriente de Minas,MG,Minas Gerais,Vale do Mucuri,Sudeste,Teófilo Otoni,Teófilo Otoni
3145372,Novorizonte,MG,Minas Gerais,Norte de Minas,Sudeste,Salinas,Montes Claros
3145406,Olaria,MG,Minas Gerais,Zona da Mata,Sudeste,Juiz de Fora,Juíz de Fora
3145455,Olhos-d'Água,MG,Minas Gerais,Norte de Minas,Sudeste,Montes Claros,Montes Claros
3145505,Olímpio Noronha,MG,Minas Gerais,Sul/Sudoeste de Minas,Sudeste,São Lourenço,Pouso Alegre
3145604,Oliveira,MG,Minas Gerais,Oeste de Minas,Sudeste,Oliveira,Divinópolis
3145703,Oliveira Fortes,MG,Minas Gerais,Zona da Mata,Sudeste,Juiz de Fora,Juíz de Fora
3145802,Onça de Pitangui,MG,Minas Gerais,Metropolitana de Belo Horizonte,Sudeste,Pará de Minas,Divinópolis
3145851,Oratórios,MG,Minas Gerais,Zona da Mata,Sudeste,Ponte Nova,Juíz de Fora
3145877,Orizânia,MG,Minas Gerais,Zona da Mata,Sudeste,Carangola,Juíz de Fora
3145901,Ouro Branco,MG,Minas Gerais,Metropolitana de Belo Horizonte,Sudeste,Conselheiro Lafaiete,Barbacena
3146008,Ouro Fino,MG,Minas Gerais,Sul/Sudoeste de Minas,Sudeste,Pouso Alegre,Pouso Alegre
3146107,Ouro Preto,MG,Minas Gerais,Metropolitana de Belo Horizonte,Sudeste,Santa Bárbara - Ouro Preto,Belo Horizonte
3146206,Ouro Verde de Minas,MG,Minas Gerais,Vale do Mucuri,Sudeste,Teófilo Otoni,Teófilo Otoni
3146255,Padre Carvalho,MG,Minas Gerais,Norte de Minas,Sudeste,Salinas,Montes Claros
3146305,Padre Paraíso,MG,Minas Gerais,Jequitinhonha,Sudeste,Teófilo Otoni,Teófilo Otoni
3146404,Paineiras,MG,Minas Gerais,Central Mineira,Sudeste,Abaeté,Divinópolis
3146503,Pains,MG,Minas Gerais,Oeste de Minas,Sudeste,Formiga,Divinópolis
3146552,Pai Pedro,MG,Minas Gerais,Norte de Minas,Sudeste,Janaúba,Montes Claros
3146602,Paiva,MG,Minas Gerais,Zona da Mata,Sudeste,Juiz de Fora,Juíz de Fora
3146701,Palma,MG,Minas Gerais,Zona da Mata,Sudeste,Cataguases,Juíz de Fora
3146750,Palmópolis,MG,Minas Gerais,Jequitinhonha,Sudeste,Almenara,Teófilo Otoni
3146909,Papagaios,MG,Minas Gerais,Metropolitana de Belo Horizonte,Sudeste,Pará de Minas,Divinópolis
3147006,Paracatu,MG,Minas Gerais,Noroeste de Minas,Sudeste,Patos de Minas,Patos de Minas
3147105,Pará de Minas,MG,Minas Gerais,Metropolitana de Belo Horizonte,Sudeste,Pará de Minas,Divinópolis
3147204,Paraguaçu,MG,Minas Gerais,Sul/Sudoeste de Minas,Sudeste,Alfenas,Varginha
3147303,Paraisópolis,MG,Minas Gerais,Sul/Sudoeste de Minas,Sudeste,Itajubá,Pouso Alegre
3147402,Paraopeba,MG,Minas Gerais,Metropolitana de Belo Horizonte,Sudeste,Sete Lagoas,Belo Horizonte
3147501,Passabém,MG,Minas Gerais,Metropolitana de Belo Horizonte,Sudeste,Itabira,Belo Horizonte
3147600,Passa Quatro,MG,Minas Gerais,Sul/Sudoeste de Minas,Sudeste,São Lourenço,Pouso Alegre
3147709,Passa Tempo,MG,Minas Gerais,Oeste de Minas,Sudeste,Oliveira,Divinópolis
3147808,Passa Vinte,MG,Minas Gerais,Sul/Sudoeste de Minas,Sudeste,Juiz de Fora,Juíz de Fora
3147907,Passos,MG,Minas Gerais,Sul/Sudoeste de Minas,Sudeste,Passos,Varginha
3147956,Patis,MG,Minas Gerais,Norte de Minas,Sudeste,Montes Claros,Montes Claros
3148004,Patos de Minas,MG,Minas Gerais,Triângulo Mineiro/Alto Paranaíba,Sudeste,Patos de Minas,Patos de Minas
3148103,Patrocínio,MG,Minas Gerais,Triângulo Mineiro/Alto Paranaíba,Sudeste,Patrocínio,Patos de Minas
3148202,Patrocínio do Muriaé,MG,Minas Gerais,Zona da Mata,Sudeste,Muriaé,Juíz de Fora
3148301,Paula Cândido,MG,Minas Gerais,Zona da Mata,Sudeste,Viçosa,Juíz de Fora
3148400,Paulistas,MG,Minas Gerais,Vale do Rio Doce,Sudeste,Guanhães,Governador Valadares
3148509,Pavão,MG,Minas Gerais,Vale do Mucuri,Sudeste,Teófilo Otoni,Teófilo Otoni
3148608,Peçanha,MG,Minas Gerais,Vale do Rio Doce,Sudeste,Guanhães,Governador Valadares
3148707,Pedra Azul,MG,Minas Gerais,Jequitinhonha,Sudeste,Pedra Azul,Teófilo Otoni
3148756,Pedra Bonita,MG,Minas Gerais,Zona da Mata,Sudeste,Carangola,Juíz de Fora
3148806,Pedra do Anta,MG,Minas Gerais,Zona da Mata,Sudeste,Viçosa,Juíz de Fora
3148905,Pedra do Indaiá,MG,Minas Gerais,Oeste de Minas,Sudeste,Divinópolis,Divinópolis
3149002,Pedra Dourada,MG,Minas Gerais,Zona da Mata,Sudeste,Carangola,Juíz de Fora
3149101,Pedralva,MG,Minas Gerais,Sul/Sudoeste de Minas,Sudeste,Itajubá,Pouso Alegre
3149150,Pedras de Maria da Cruz,MG,Minas Gerais,Norte de Minas,Sudeste,Januária,Montes Claros
3149200,Pedrinópolis,MG,Minas Gerais,Triângulo Mineiro/Alto Paranaíba,Sudeste,Araxá,Uberaba
3149309,Pedro Leopoldo,MG,Minas Gerais,Metropolitana de Belo Horizonte,Sudeste,Belo Horizonte,Belo Horizonte
3149408,Pedro Teixeira,MG,Minas Gerais,Zona da Mata,Sudeste,Juiz de Fora,Juíz de Fora
3149507,Pequeri,MG,Minas Gerais,Zona da Mata,Sudeste,São João Nepomuceno - Bicas,Juíz de Fora
3149606,Pequi,MG,Minas Gerais,Metropolitana de Belo Horizonte,Sudeste,Pará de Minas,Divinópolis
3149705,Perdigão,MG,Minas Gerais,Oeste de Minas,Sudeste,Divinópolis,Divinópolis
3149804,Perdizes,MG,Minas Gerais,Triângulo Mineiro/Alto Paranaíba,Sudeste,Araxá,Uberaba
3149903,Perdões,MG,Minas Gerais,Oeste de Minas,Sudeste,Lavras,Varginha
3149952,Periquito,MG,Minas Gerais,Vale do Rio Doce,Sudeste,Ipatinga,Ipatinga
3150000,Pescador,MG,Minas Gerais,Vale do Rio Doce,Sudeste,Teófilo Otoni,Teófilo Otoni
3150109,Piau,MG,Minas Gerais,Zona da Mata,Sudeste,Juiz de Fora,Juíz de Fora
3150158,Piedade de Caratinga,MG,Minas Gerais,Vale do Rio Doce,Sudeste,Caratinga,Ipatinga
3150208,Piedade de Ponte Nova,MG,Minas Gerais,Zona da Mata,Sudeste,Ponte Nova,Juíz de Fora
3150307,Piedade do Rio Grande,MG,Minas Gerais,Campo das Vertentes,Sudeste,São João del Rei,Barbacena
3150406,Piedade dos Gerais,MG,Minas Gerais,Metropolitana de Belo Horizonte,Sudeste,Oliveira,Divinópolis
3150505,Pimenta,MG,Minas Gerais,Oeste de Minas,Sudeste,Formiga,Divinópolis
3150539,Pingo-d'Água,MG,Minas Gerais,Vale do Rio Doce,Sudeste,Ipatinga,Ipatinga
3150570,Pintópolis,MG,Minas Gerais,Norte de Minas,Sudeste,São Francisco,Montes Claros
3150604,Piracema,MG,Minas Gerais,Oeste de Minas,Sudeste,Oliveira,Divinópolis
3150703,Pirajuba,MG,Minas Gerais,Triângulo Mineiro/Alto Paranaíba,Sudeste,Frutal,Uberaba
3150802,Piranga,MG,Minas Gerais,Zona da Mata,Sudeste,Conselheiro Lafaiete,Barbacena
3150901,Piranguçu,MG,Minas Gerais,Sul/Sudoeste de Minas,Sudeste,Itajubá,Pouso Alegre
3151008,Piranguinho,MG,Minas Gerais,Sul/Sudoeste de Minas,Sudeste,Itajubá,Pouso Alegre
3151107,Pirapetinga,MG,Minas Gerais,Zona da Mata,Sudeste,Além Paraíba,Juíz de Fora
3151206,Pirapora,MG,Minas Gerais,Norte de Minas,Sudeste,Pirapora,Montes Claros
3151305,Piraúba,MG,Minas Gerais,Zona da Mata,Sudeste,Ubá,Juíz de Fora
3151404,Pitangui,MG,Minas Gerais,Metropolitana de Belo Horizonte,Sudeste,Divinópolis,Divinópolis
3151503,Piumhi,MG,Minas Gerais,Oeste de Minas,Sudeste,Piumhi,Varginha
3151602,Planura,MG,Minas Gerais,Triângulo Mineiro/Alto Paranaíba,Sudeste,Frutal,Uberaba
3151701,Poço Fundo,MG,Minas Gerais,Sul/Sudoeste de Minas,Sudeste,Alfenas,Varginha
3151800,Poços de Caldas,MG,Minas Gerais,Sul/Sudoeste de Minas,Sudeste,Poços de Caldas,Pouso Alegre
3151909,Pocrane,MG,Minas Gerais,Vale do Rio Doce,Sudeste,Manhuaçu,Juíz de Fora
3152006,Pompéu,MG,Minas Gerais,Central Mineira,Sudeste,Dores do Indaiá,Divinópolis
3152105,Ponte Nova,MG,Minas Gerais,Zona da Mata,Sudeste,Ponte Nova,Juíz de Fora
3152131,Ponto Chique,MG,Minas Gerais,Norte de Minas,Sudeste,Pirapora,Montes Claros
3152170,Ponto dos Volantes,MG,Minas Gerais,Jequitinhonha,Sudeste,Teófilo Otoni,Teófilo Otoni
3152204,Porteirinha,MG,Minas Gerais,Norte de Minas,Sudeste,Janaúba,Montes Claros
3152303,Porto Firme,MG,Minas Gerais,Zona da Mata,Sudeste,Viçosa,Juíz de Fora
3152402,Poté,MG,Minas Gerais,Vale do Mucuri,Sudeste,Teófilo Otoni,Teófilo Otoni
3152501,Pouso Alegre,MG,Minas Gerais,Sul/Sudoeste de Minas,Sudeste,Pouso Alegre,Pouso Alegre
3152600,Pouso Alto,MG,Minas Gerais,Sul/Sudoeste de Minas,Sudeste,São Lourenço,Pouso Alegre
3152709,Prados,MG,Minas Gerais,Campo das Vertentes,Sudeste,São João del Rei,Barbacena
3152808,Prata,MG,Minas Gerais,Triângulo Mineiro/Alto Paranaíba,Sudeste,Uberlândia,Uberlândia
3152907,Pratápolis,MG,Minas Gerais,Sul/Sudoeste de Minas,Sudeste,Passos,Varginha
3153004,Pratinha,MG,Minas Gerais,Triângulo Mineiro/Alto Paranaíba,Sudeste,Araxá,Uberaba
3153103,Presidente Bernardes,MG,Minas Gerais,Zona da Mata,Sudeste,Viçosa,Juíz de Fora
3153202,Presidente Juscelino,MG,Minas Gerais,Central Mineira,Sudeste,Curvelo,Belo Horizonte
3153301,Presidente Kubitschek,MG,Minas Gerais,Jequitinhonha,Sudeste,Diamantina,Teófilo Otoni
3153400,Presidente Olegário,MG,Minas Gerais,Noroeste de Minas,Sudeste,Patos de Minas,Patos de Minas
3153509,Alto Jequitibá,MG,Minas Gerais,Zona da Mata,Sudeste,Manhuaçu,Juíz de Fora
3153608,Prudente de Morais,MG,Minas Gerais,Metropolitana de Belo Horizonte,Sudeste,Sete Lagoas,Belo Horizonte
3153707,Quartel Geral,MG,Minas Gerais,Central Mineira,Sudeste,Dores do Indaiá,Divinópolis
3153806,Queluzito,MG,Minas Gerais,Metropolitana de Belo Horizonte,Sudeste,Conselheiro Lafaiete,Barbacena
3153905,Raposos,MG,Minas Gerais,Metropolitana de Belo Horizonte,Sudeste,Belo Horizonte,Belo Horizonte
3154002,Raul Soares,MG,Minas Gerais,Zona da Mata,Sudeste,Caratinga,Ipatinga
3154101,Recreio,MG,Minas Gerais,Zona da Mata,Sudeste,Cataguases,Juíz de Fora
3154150,Reduto,MG,Minas Gerais,Zona da Mata,Sudeste,Manhuaçu,Juíz de Fora
3154200,Resende Costa,MG,Minas Gerais,Campo das Vertentes,Sudeste,São João del Rei,Barbacena
3154309,Resplendor,MG,Minas Gerais,Vale do Rio Doce,Sudeste,Aimorés - Resplendor,Governador Valadares
3154408,Ressaquinha,MG,Minas Gerais,Campo das Vertentes,Sudeste,Barbacena,Barbacena
3154457,Riachinho,MG,Minas Gerais,Norte de Minas,Sudeste,Unaí,Patos de Minas
3154507,Riacho dos Machados,MG,Minas Gerais,Norte de Minas,Sudeste,Janaúba,Montes Claros
3154606,Ribeirão das Neves,MG,Minas Gerais,Metropolitana de Belo Horizonte,Sudeste,Belo Horizonte,Belo Horizonte
3154705,Ribeirão Vermelho,MG,Minas Gerais,Campo das Vertentes,Sudeste,Lavras,Varginha
3154804,Rio Acima,MG,Minas Gerais,Metropolitana de Belo Horizonte,Sudeste,Belo Horizonte,Belo Horizonte
3154903,Rio Casca,MG,Minas Gerais,Zona da Mata,Sudeste,Ponte Nova,Juíz de Fora
3155009,Rio Doce,MG,Minas Gerais,Zona da Mata,Sudeste,Ponte Nova,Juíz de Fora
3155108,Rio do Prado,MG,Minas Gerais,Jequitinhonha,Sudeste,Almenara,Teófilo Otoni
3155207,Rio Espera,MG,Minas Gerais,Zona da Mata,Sudeste,Conselheiro Lafaiete,Barbacena
3155306,Rio Manso,MG,Minas Gerais,Metropolitana de Belo Horizonte,Sudeste,Oliveira,Divinópolis
3155405,Rio Novo,MG,Minas Gerais,Zona da Mata,Sudeste,Juiz de Fora,Juíz de Fora
3155504,Rio Paranaíba,MG,Minas Gerais,Triângulo Mineiro/Alto Paranaíba,Sudeste,Patos de Minas,Patos de Minas
3155603,Rio Pardo de Minas,MG,Minas Gerais,Norte de Minas,Sudeste,Salinas,Montes Claros
3155702,Rio Piracicaba,MG,Minas Gerais,Metropolitana de Belo Horizonte,Sudeste,João Monlevade,Ipatinga
3155801,Rio Pomba,MG,Minas Gerais,Zona da Mata,Sudeste,Ubá,Juíz de Fora
3155900,Rio Preto,MG,Minas Gerais,Zona da Mata,Sudeste,Juiz de Fora,Juíz de Fora
3156007,Rio Vermelho,MG,Minas Gerais,Metropolitana de Belo Horizonte,Sudeste,Guanhães,Governador Valadares
3156106,Ritápolis,MG,Minas Gerais,Campo das Vertentes,Sudeste,São João del Rei,Barbacena
3156205,Rochedo de Minas,MG,Minas Gerais,Zona da Mata,Sudeste,São João Nepomuceno - Bicas,Juíz de Fora
3156304,Rodeiro,MG,Minas Gerais,Zona da Mata,Sudeste,Ubá,Juíz de Fora
3156403,Romaria,MG,Minas Gerais,Triângulo Mineiro/Alto Paranaíba,Sudeste,Monte Carmelo,Uberlândia
3156452,Rosário da Limeira,MG,Minas Gerais,Zona da Mata,Sudeste,Muriaé,Juíz de Fora
3156502,Rubelita,MG,Minas Gerais,Norte de Minas,Sudeste,Salinas,Montes Claros
3156601,Rubim,MG,Minas Gerais,Jequitinhonha,Sudeste,Almenara,Teófilo Otoni
3156700,Sabará,MG,Minas Gerais,Metropolitana de Belo Horizonte,Sudeste,Belo Horizonte,Belo Horizonte
3156809,Sabinópolis,MG,Minas Gerais,Vale do Rio Doce,Sudeste,Guanhães,Governador Valadares
3156908,Sacramento,MG,Minas Gerais,Triângulo Mineiro/Alto Paranaíba,Sudeste,Uberaba,Uberaba
3157005,Salinas,MG,Minas Gerais,Norte de Minas,Sudeste,Salinas,Montes Claros
3157104,Salto da Divisa,MG,Minas Gerais,Jequitinhonha,Sudeste,Almenara,Teófilo Otoni
3157203,Santa Bárbara,MG,Minas Gerais,Metropolitana de Belo Horizonte,Sudeste,Santa Bárbara - Ouro Preto,Belo Horizonte
3157252,Santa Bárbara do Leste,MG,Minas Gerais,Vale do Rio Doce,Sudeste,Caratinga,Ipatinga
3157278,Santa Bárbara do Monte Verde,MG,Minas Gerais,Zona da Mata,Sudeste,Juiz de Fora,Juíz de Fora
3157302,Santa Bárbara do Tugúrio,MG,Minas Gerais,Campo das Vertentes,Sudeste,Barbacena,Barbacena
3157336,Santa Cruz de Minas,MG,Minas Gerais,Campo das Vertentes,Sudeste,São João del Rei,Barbacena
3157377,Santa Cruz de Salinas,MG,Minas Gerais,Norte de Minas,Sudeste,Salinas,Montes Claros
3157401,Santa Cruz do Escalvado,MG,Minas Gerais,Zona da Mata,Sudeste,Ponte Nova,Juíz de Fora
3157500,Santa Efigênia de Minas,MG,Minas Gerais,Vale do Rio Doce,Sudeste,Governador Valadares,Governador Valadares
3157609,Santa Fé de Minas,MG,Minas Gerais,Norte de Minas,Sudeste,Pirapora,Montes Claros
3157658,Santa Helena de Minas,MG,Minas Gerais,Vale do Mucuri,Sudeste,Águas Formosas,Teófilo Otoni
3157708,Santa Juliana,MG,Minas Gerais,Triângulo Mineiro/Alto Paranaíba,Sudeste,Uberaba,Uberaba
3157807,Santa Luzia,MG,Minas Gerais,Metropolitana de Belo Horizonte,Sudeste,Belo Horizonte,Belo Horizonte
3157906,Santa Margarida,MG,Minas Gerais,Zona da Mata,Sudeste,Manhuaçu,Juíz de Fora
3158003,Santa Maria de Itabira,MG,Minas Gerais,Metropolitana de Belo Horizonte,Sudeste,Itabira,Belo Horizonte
3158102,Santa Maria do Salto,MG,Minas Gerais,Jequitinhonha,Sudeste,Almenara,Teófilo Otoni
3158201,Santa Maria do Suaçuí,MG,Minas Gerais,Vale do Rio Doce,Sudeste,Guanhães,Governador Valadares
3158300,Santana da Vargem,MG,Minas Gerais,Sul/Sudoeste de Minas,Sudeste,Três Pontas - Boa Esperança,Varginha
3158409,Santana de Cataguases,MG,Minas Gerais,Zona da Mata,Sudeste,Cataguases,Juíz de Fora
3158508,Santana de Pirapama,MG,Minas Gerais,Metropolitana de Belo Horizonte,Sudeste,Sete Lagoas,Belo Horizonte
3158607,Santana do Deserto,MG,Minas Gerais,Zona da Mata,Sudeste,Juiz de Fora,Juíz de Fora
3158706,Santana do Garambéu,MG,Minas Gerais,Campo das Vertentes,Sudeste,Barbacena,Barbacena
3158805,Santana do Jacaré,MG,Minas Gerais,Oeste de Minas,Sudeste,Campo Belo,Varginha
3158904,Santana do Manhuaçu,MG,Minas Gerais,Zona da Mata,Sudeste,Manhuaçu,Juíz de Fora
3158953,Santana do Paraíso,MG,Minas Gerais,Vale do Rio Doce,Sudeste,Ipatinga,Ipatinga
3159001,Santana do Riacho,MG,Minas Gerais,Metropolitana de Belo Horizonte,Sudeste,Sete Lagoas,Belo Horizonte
3159100,Santana dos Montes,MG,Minas Gerais,Metropolitana de Belo Horizonte,Sudeste,Conselheiro Lafaiete,Barbacena
3159209,Santa Rita de Caldas,MG,Minas Gerais,Sul/Sudoeste de Minas,Sudeste,Poços de Caldas,Pouso Alegre
3159308,Santa Rita de Jacutinga,MG,Minas Gerais,Zona da Mata,Sudeste,Juiz de Fora,Juíz de Fora
3159357,Santa Rita de Minas,MG,Minas Gerais,Vale do Rio Doce,Sudeste,Caratinga,Ipatinga
3159407,Santa Rita de Ibitipoca,MG,Minas Gerais,Zona da Mata,Sudeste,Barbacena,Barbacena
3159506,Santa Rita do Itueto,MG,Minas Gerais,Vale do Rio Doce,Sudeste,Aimorés - Resplendor,Governador Valadares
3159605,Santa Rita do Sapucaí,MG,Minas Gerais,Sul/Sudoeste de Minas,Sudeste,Pouso Alegre,Pouso Alegre
3159704,Santa Rosa da Serra,MG,Minas Gerais,Triângulo Mineiro/Alto Paranaíba,Sudeste,Araxá,Uberaba
3159803,Santa Vitória,MG,Minas Gerais,Triângulo Mineiro/Alto Paranaíba,Sudeste,Ituiutaba,Uberlândia
3159902,Santo Antônio do Amparo,MG,Minas Gerais,Oeste de Minas,Sudeste,Lavras,Varginha
3160009,Santo Antônio do Aventureiro,MG,Minas Gerais,Zona da Mata,Sudeste,Além Paraíba,Juíz de Fora
3160108,Santo Antônio do Grama,MG,Minas Gerais,Zona da Mata,Sudeste,Ponte Nova,Juíz de Fora
3160207,Santo Antônio do Itambé,MG,Minas Gerais,Metropolitana de Belo Horizonte,Sudeste,Diamantina,Teófilo Otoni
3160306,Santo Antônio do Jacinto,MG,Minas Gerais,Jequitinhonha,Sudeste,Almenara,Teófilo Otoni
3160405,Santo Antônio do Monte,MG,Minas Gerais,Oeste de Minas,Sudeste,Divinópolis,Divinópolis
3160454,Santo Antônio do Retiro,MG,Minas Gerais,Norte de Minas,Sudeste,Espinosa,Montes Claros
3160504,Santo Antônio do Rio Abaixo,MG,Minas Gerais,Metropolitana de Belo Horizonte,Sudeste,Itabira,Belo Horizonte
3160603,Santo Hipólito,MG,Minas Gerais,Central Mineira,Sudeste,Curvelo,Belo Horizonte
3160702,Santos Dumont,MG,Minas Gerais,Zona da Mata,Sudeste,Juiz de Fora,Juíz de Fora
3160801,São Bento Abade,MG,Minas Gerais,Sul/Sudoeste de Minas,Sudeste,Três Corações,Varginha
3160900,São Brás do Suaçuí,MG,Minas Gerais,Metropolitana de Belo Horizonte,Sudeste,Conselheiro Lafaiete,Barbacena
3160959,São Domingos das Dores,MG,Minas Gerais,Vale do Rio Doce,Sudeste,Caratinga,Ipatinga
3161007,São Domingos do Prata,MG,Minas Gerais,Metropolitana de Belo Horizonte,Sudeste,João Monlevade,Ipatinga
3161056,São Félix de Minas,MG,Minas Gerais,Vale do Rio Doce,Sudeste,Mantena,Governador Valadares
3161106,São Francisco,MG,Minas Gerais,Norte de Minas,Sudeste,São Francisco,Montes Claros
3161205,São Francisco de Paula,MG,Minas Gerais,Oeste de Minas,Sudeste,Oliveira,Divinópolis
3161304,São Francisco de Sales,MG,Minas Gerais,Triângulo Mineiro/Alto Paranaíba,Sudeste,Iturama,Uberaba
3161403,São Francisco do Glória,MG,Minas Gerais,Zona da Mata,Sudeste,Muriaé,Juíz de Fora
3161502,São Geraldo,MG,Minas Gerais,Zona da Mata,Sudeste,Ubá,Juíz de Fora
3161601,São Geraldo da Piedade,MG,Minas Gerais,Vale do Rio Doce,Sudeste,Governador Valadares,Governador Valadares
3161650,São Geraldo do Baixio,MG,Minas Gerais,Vale do Rio Doce,Sudeste,Governador Valadares,Governador Valadares
3161700,São Gonçalo do Abaeté,MG,Minas Gerais,Noroeste de Minas,Sudeste,Patos de Minas,Patos de Minas
3161809,São Gonçalo do Pará,MG,Minas Gerais,Oeste de Minas,Sudeste,Divinópolis,Divinópolis
3161908,São Gonçalo do Rio Abaixo,MG,Minas Gerais,Metropolitana de Belo Horizonte,Sudeste,João Monlevade,Ipatinga
3162005,São Gonçalo do Sapucaí,MG,Minas Gerais,Sul/Sudoeste de Minas,Sudeste,Varginha,Varginha
3162104,São Gotardo,MG,Minas Gerais,Triângulo Mineiro/Alto Paranaíba,Sudeste,Patos de Minas,Patos de Minas
3162203,São João Batista do Glória,MG,Minas Gerais,Sul/Sudoeste de Minas,Sudeste,Passos,Varginha
3162252,São João da Lagoa,MG,Minas Gerais,Norte de Minas,Sudeste,Montes Claros,Montes Claros
3162302,São João da Mata,MG,Minas Gerais,Sul/Sudoeste de Minas,Sudeste,Pouso Alegre,Pouso Alegre
3162401,São João da Ponte,MG,Minas Gerais,Norte de Minas,Sudeste,Montes Claros,Montes Claros
3162450,São João das Missões,MG,Minas Gerais,Norte de Minas,Sudeste,Januária,Montes Claros
3162500,São João del Rei,MG,Minas Gerais,Campo das Vertentes,Sudeste,São João del Rei,Barbacena
3162559,São João do Manhuaçu,MG,Minas Gerais,Zona da Mata,Sudeste,Manhuaçu,Juíz de Fora
3162575,São João do Manteninha,MG,Minas Gerais,Vale do Rio Doce,Sudeste,Mantena,Governador Valadares
3162609,São João do Oriente,MG,Minas Gerais,Vale do Rio Doce,Sudeste,Ipatinga,Ipatinga
3162658,São João do Pacuí,MG,Minas Gerais,Norte de Minas,Sudeste,Montes Claros,Montes Claros
3162708,São João do Paraíso,MG,Minas Gerais,Norte de Minas,Sudeste,Salinas,Montes Claros
3162807,São João Evangelista,MG,Minas Gerais,Vale do Rio Doce,Sudeste,Guanhães,Governador Valadares
3162906,São João Nepomuceno,MG,Minas Gerais,Zona da Mata,Sudeste,São João Nepomuceno - Bicas,Juíz de Fora
3162922,São Joaquim de Bicas,MG,Minas Gerais,Metropolitana de Belo Horizonte,Sudeste,Belo Horizonte,Belo Horizonte
3162948,São José da Barra,MG,Minas Gerais,Sul/Sudoeste de Minas,Sudeste,Passos,Varginha
3162955,São José da Lapa,MG,Minas Gerais,Metropolitana de Belo Horizonte,Sudeste,Belo Horizonte,Belo Horizonte
3163003,São José da Safira,MG,Minas Gerais,Vale do Rio Doce,Sudeste,Governador Valadares,Governador Valadares
3163102,São José da Varginha,MG,Minas Gerais,Metropolitana de Belo Horizonte,Sudeste,Pará de Minas,Divinópolis
3163201,São José do Alegre,MG,Minas Gerais,Sul/Sudoeste de Minas,Sudeste,Itajubá,Pouso Alegre
3163300,São José do Divino,MG,Minas Gerais,Vale do Rio Doce,Sudeste,Teófilo Otoni,Teófilo Otoni
3163409,São José do Goiabal,MG,Minas Gerais,Metropolitana de Belo Horizonte,Sudeste,Ipatinga,Ipatinga
3163508,São José do Jacuri,MG,Minas Gerais,Vale do Rio Doce,Sudeste,Guanhães,Governador Valadares
3163607,São José do Mantimento,MG,Minas Gerais,Zona da Mata,Sudeste,Manhuaçu,Juíz de Fora
3163706,São Lourenço,MG,Minas Gerais,Sul/Sudoeste de Minas,Sudeste,São Lourenço,Pouso Alegre
3163805,São Miguel do Anta,MG,Minas Gerais,Zona da Mata,Sudeste,Viçosa,Juíz de Fora
3163904,São Pedro da União,MG,Minas Gerais,Sul/Sudoeste de Minas,Sudeste,Guaxupé,Varginha
3164001,São Pedro dos Ferros,MG,Minas Gerais,Zona da Mata,Sudeste,Ponte Nova,Juíz de Fora
3164100,São Pedro do Suaçuí,MG,Minas Gerais,Vale do Rio Doce,Sudeste,Guanhães,Governador Valadares
3164209,São Romão,MG,Minas Gerais,Norte de Minas,Sudeste,São Francisco,Montes Claros
3164308,São Roque de Minas,MG,Minas Gerais,Oeste de Minas,Sudeste,Piumhi,Varginha
3164407,São Sebastião da Bela Vista,MG,Minas Gerais,Sul/Sudoeste de Minas,Sudeste,Pouso Alegre,Pouso Alegre
3164431,São Sebastião da Vargem Alegre,MG,Minas Gerais,Zona da Mata,Sudeste,Muriaé,Juíz de Fora
3164472,São Sebastião do Anta,MG,Minas Gerais,Vale do Rio Doce,Sudeste,Caratinga,Ipatinga
3164506,São Sebastião do Maranhão,MG,Minas Gerais,Vale do Rio Doce,Sudeste,Guanhães,Governador Valadares
3164605,São Sebastião do Oeste,MG,Minas Gerais,Oeste de Minas,Sudeste,Divinópolis,Divinópolis
3164704,São Sebastião do Paraíso,MG,Minas Gerais,Sul/Sudoeste de Minas,Sudeste,São Sebastião do Paraíso,Varginha
3164803,São Sebastião do Rio Preto,MG,Minas Gerais,Metropolitana de Belo Horizonte,Sudeste,Itabira,Belo Horizonte
3164902,São Sebastião do Rio Verde,MG,Minas Gerais,Sul/Sudoeste de Minas,Sudeste,São Lourenço,Pouso Alegre
3165008,São Tiago,MG,Minas Gerais,Campo das Vertentes,Sudeste,São João del Rei,Barbacena
3165107,São Tomás de Aquino,MG,Minas Gerais,Sul/Sudoeste de Minas,Sudeste,São Sebastião do Paraíso,Varginha
3165206,São Tomé das Letras,MG,Minas Gerais,Sul/Sudoeste de Minas,Sudeste,Três Corações,Varginha
3165305,São Vicente de Minas,MG,Minas Gerais,Sul/Sudoeste de Minas,Sudeste,São João del Rei,Barbacena
3165404,Sapucaí-Mirim,MG,Minas Gerais,Sul/Sudoeste de Minas,Sudeste,Itajubá,Pouso Alegre
3165503,Sardoá,MG,Minas Gerais,Vale do Rio Doce,Sudeste,Governador Valadares,Governador Valadares
3165537,Sarzedo,MG,Minas Gerais,Metropolitana de Belo Horizonte,Sudeste,Belo Horizonte,Belo Horizonte
3165552,Setubinha,MG,Minas Gerais,Vale do Mucuri,Sudeste,Teófilo Otoni,Teófilo Otoni
3165560,Sem-Peixe,MG,Minas Gerais,Zona da Mata,Sudeste,Ponte Nova,Juíz de Fora
3165578,Senador Amaral,MG,Minas Gerais,Sul/Sudoeste de Minas,Sudeste,Pouso Alegre,Pouso Alegre
3165602,Senador Cortes,MG,Minas Gerais,Zona da Mata,Sudeste,São João Nepomuceno - Bicas,Juíz de Fora
3165701,Senador Firmino,MG,Minas Gerais,Zona da Mata,Sudeste,Ubá,Juíz de Fora
3165800,Senador José Bento,MG,Minas Gerais,Sul/Sudoeste de Minas,Sudeste,Pouso Alegre,Pouso Alegre
3165909,Senador Modestino Gonçalves,MG,Minas Gerais,Jequitinhonha,Sudeste,Diamantina,Teófilo Otoni
3166006,Senhora de Oliveira,MG,Minas Gerais,Zona da Mata,Sudeste,Conselheiro Lafaiete,Barbacena
3166105,Senhora do Porto,MG,Minas Gerais,Vale do Rio Doce,Sudeste,Guanhães,Governador Valadares
3166204,Senhora dos Remédios,MG,Minas Gerais,Campo das Vertentes,Sudeste,Barbacena,Barbacena
3166303,Sericita,MG,Minas Gerais,Zona da Mata,Sudeste,Ponte Nova,Juíz de Fora
3166402,Seritinga,MG,Minas Gerais,Sul/Sudoeste de Minas,Sudeste,Caxambu - Baependi,Pouso Alegre
3166501,Serra Azul de Minas,MG,Minas Gerais,Metropolitana de Belo Horizonte,Sudeste,Diamantina,Teófilo Otoni
3166600,Serra da Saudade,MG,Minas Gerais,Central Mineira,Sudeste,Dores do Indaiá,Divinópolis
3166709,Serra dos Aimorés,MG,Minas Gerais,Vale do Mucuri,Sudeste,Teófilo Otoni,Teófilo Otoni
3166808,Serra do Salitre,MG,Minas Gerais,Triângulo Mineiro/Alto Paranaíba,Sudeste,Patrocínio,Patos de Minas
3166907,Serrania,MG,Minas Gerais,Sul/Sudoeste de Minas,Sudeste,Alfenas,Varginha
3166956,Serranópolis de Minas,MG,Minas Gerais,Norte de Minas,Sudeste,Janaúba,Montes Claros
3167004,Serranos,MG,Minas Gerais,Sul/Sudoeste de Minas,Sudeste,Caxambu - Baependi,Pouso Alegre
3167103,Serro,MG,Minas Gerais,Metropolitana de Belo Horizonte,Sudeste,Diamantina,Teófilo Otoni
3167202,Sete Lagoas,MG,Minas Gerais,Metropolitana de Belo Horizonte,Sudeste,Sete Lagoas,Belo Horizonte
3167301,Silveirânia,MG,Minas Gerais,Zona da Mata,Sudeste,Ubá,Juíz de Fora
3167400,Silvianópolis,MG,Minas Gerais,Sul/Sudoeste de Minas,Sudeste,Pouso Alegre,Pouso Alegre
3167509,Simão Pereira,MG,Minas Gerais,Zona da Mata,Sudeste,Juiz de Fora,Juíz de Fora
3167608,Simonésia,MG,Minas Gerais,Zona da Mata,Sudeste,Manhuaçu,Juíz de Fora
3167707,Sobrália,MG,Minas Gerais,Vale do Rio Doce,Sudeste,Governador Valadares,Governador Valadares
3167806,Soledade de Minas,MG,Minas Gerais,Sul/Sudoeste de Minas,Sudeste,São Lourenço,Pouso Alegre
3167905,Tabuleiro,MG,Minas Gerais,Zona da Mata,Sudeste,Ubá,Juíz de Fora
3168002,Taiobeiras,MG,Minas Gerais,Norte de Minas,Sudeste,Salinas,Montes Claros
3168051,Taparuba,MG,Minas Gerais,Vale do Rio Doce,Sudeste,Manhuaçu,Juíz de Fora
3168101,Tapira,MG,Minas Gerais,Triângulo Mineiro/Alto Paranaíba,Sudeste,Araxá,Uberaba
3168200,Tapiraí,MG,Minas Gerais,Oeste de Minas,Sudeste,Formiga,Divinópolis
3168309,Taquaraçu de Minas,MG,Minas Gerais,Metropolitana de Belo Horizonte,Sudeste,Belo Horizonte,Belo Horizonte
3168408,Tarumirim,MG,Minas Gerais,Vale do Rio Doce,Sudeste,Governador Valadares,Governador Valadares
3168507,Teixeiras,MG,Minas Gerais,Zona da Mata,Sudeste,Viçosa,Juíz de Fora
3168606,Teófilo Otoni,MG,Minas Gerais,Vale do Mucuri,Sudeste,Teófilo Otoni,Teófilo Otoni
3168705,Timóteo,MG,Minas Gerais,Vale do Rio Doce,Sudeste,Ipatinga,Ipatinga
3168804,Tiradentes,MG,Minas Gerais,Campo das Vertentes,Sudeste,São João del Rei,Barbacena
3168903,Tiros,MG,Minas Gerais,Triângulo Mineiro/Alto Paranaíba,Sudeste,Patos de Minas,Patos de Minas
3169000,Tocantins,MG,Minas Gerais,Zona da Mata,Sudeste,Ubá,Juíz de Fora
3169059,Tocos do Moji,MG,Minas Gerais,Sul/Sudoeste de Minas,Sudeste,Pouso Alegre,Pouso Alegre
3169109,Toledo,MG,Minas Gerais,Sul/Sudoeste de Minas,Sudeste,Pouso Alegre,Pouso Alegre
3169208,Tombos,MG,Minas Gerais,Zona da Mata,Sudeste,Carangola,Juíz de Fora
3169307,Três Corações,MG,Minas Gerais,Sul/Sudoeste de Minas,Sudeste,Três Corações,Varginha
3169356,Três Marias,MG,Minas Gerais,Central Mineira,Sudeste,Curvelo,Belo Horizonte
3169406,Três Pontas,MG,Minas Gerais,Sul/Sudoeste de Minas,Sudeste,Três Pontas - Boa Esperança,Varginha
3169505,Tumiritinga,MG,Minas Gerais,Vale do Rio Doce,Sudeste,Governador Valadares,Governador Valadares
3169604,Tupaciguara,MG,Minas Gerais,Triângulo Mineiro/Alto Paranaíba,Sudeste,Uberlândia,Uberlândia
3169703,Turmalina,MG,Minas Gerais,Jequitinhonha,Sudeste,Capelinha,Teófilo Otoni
3169802,Turvolândia,MG,Minas Gerais,Sul/Sudoeste de Minas,Sudeste,Pouso Alegre,Pouso Alegre
3169901,Ubá,MG,Minas Gerais,Zona da Mata,Sudeste,Ubá,Juíz de Fora
3170008,Ubaí,MG,Minas Gerais,Norte de Minas,Sudeste,São Francisco,Montes Claros
3170057,Ubaporanga,MG,Minas Gerais,Vale do Rio Doce,Sudeste,Caratinga,Ipatinga
3170107,Uberaba,MG,Minas Gerais,Triângulo Mineiro/Alto Paranaíba,Sudeste,Uberaba,Uberaba
3170206,Uberlândia,MG,Minas Gerais,Triângulo Mineiro/Alto Paranaíba,Sudeste,Uberlândia,Uberlândia
3170305,Umburatiba,MG,Minas Gerais,Vale do Mucuri,Sudeste,Águas Formosas,Teófilo Otoni
3170404,Unaí,MG,Minas Gerais,Noroeste de Minas,Sudeste,Unaí,Patos de Minas
3170438,União de Minas,MG,Minas Gerais,Triângulo Mineiro/Alto Paranaíba,Sudeste,Iturama,Uberaba
3170479,Uruana de Minas,MG,Minas Gerais,Noroeste de Minas,Sudeste,Unaí,Patos de Minas
3170503,Urucânia,MG,Minas Gerais,Zona da Mata,Sudeste,Ponte Nova,Juíz de Fora
3170529,Urucuia,MG,Minas Gerais,Norte de Minas,Sudeste,Unaí,Patos de Minas
3170578,Vargem Alegre,MG,Minas Gerais,Vale do Rio Doce,Sudeste,Caratinga,Ipatinga
3170602,Vargem Bonita,MG,Minas Gerais,Oeste de Minas,Sudeste,Piumhi,Varginha
3170651,Vargem Grande do Rio Pardo,MG,Minas Gerais,Norte de Minas,Sudeste,Salinas,Montes Claros
3170701,Varginha,MG,Minas Gerais,Sul/Sudoeste de Minas,Sudeste,Varginha,Varginha
3170750,Varjão de Minas,MG,Minas Gerais,Noroeste de Minas,Sudeste,Patos de Minas,Patos de Minas
3170800,Várzea da Palma,MG,Minas Gerais,Norte de Minas,Sudeste,Pirapora,Montes Claros
3170909,Varzelândia,MG,Minas Gerais,Norte de Minas,Sudeste,Montes Claros,Montes Claros
3171006,Vazante,MG,Minas Gerais,Noroeste de Minas,Sudeste,Patos de Minas,Patos de Minas
3171030,Verdelândia,MG,Minas Gerais,Norte de Minas,Sudeste,Janaúba,Montes Claros
3171071,Veredinha,MG,Minas Gerais,Jequitinhonha,Sudeste,Capelinha,Teófilo Otoni
3171105,Veríssimo,MG,Minas Gerais,Triângulo Mineiro/Alto Paranaíba,Sudeste,Uberaba,Uberaba
3171154,Vermelho Novo,MG,Minas Gerais,Zona da Mata,Sudeste,Caratinga,Ipatinga
3171204,Vespasiano,MG,Minas Gerais,Metropolitana de Belo Horizonte,Sudeste,Belo Horizonte,Belo Horizonte
3171303,Viçosa,MG,Minas Gerais,Zona da Mata,Sudeste,Viçosa,Juíz de Fora
3171402,Vieiras,MG,Minas Gerais,Zona da Mata,Sudeste,Muriaé,Juíz de Fora
3171501,Mathias Lobato,MG,Minas Gerais,Vale do Rio Doce,Sudeste,Governador Valadares,Governador Valadares
3171600,Virgem da Lapa,MG,Minas Gerais,Jequitinhonha,Sudeste,Araçuaí,Teófilo Otoni
3171709,Virgínia,MG,Minas Gerais,Sul/Sudoeste de Minas,Sudeste,São Lourenço,Pouso Alegre
3171808,Virginópolis,MG,Minas Gerais,Vale do Rio Doce,Sudeste,Guanhães,Governador Valadares
3171907,Virgolândia,MG,Minas Gerais,Vale do Rio Doce,Sudeste,Governador Valadares,Governador Valadares
3172004,Visconde do Rio Branco,MG,Minas Gerais,Zona da Mata,Sudeste,Ubá,Juíz de Fora
3172103,Volta Grande,MG,Minas Gerais,Zona da Mata,Sudeste,Além Paraíba,Juíz de Fora
3172202,Wenceslau Braz,MG,Minas Gerais,Sul/Sudoeste de Minas,Sudeste,Itajubá,Pouso Alegre
1500107,Abaetetuba,PA,Pará,Nordeste Paraense,Norte,Abaetetuba,Belém
1500131,Abel Figueiredo,PA,Pará,Sudeste Paraense,Norte,Marabá,Marabá
1500206,Acará,PA,Pará,Nordeste Paraense,Norte,Belém,Belém
1500305,Afuá,PA,Pará,Marajó,Norte,Breves,Breves
1500347,Água Azul do Norte,PA,Pará,Sudeste Paraense,Norte,Xinguara,Redenção
1500404,Alenquer,PA,Pará,Baixo Amazonas,Norte,Santarém,Santarém
1500503,Almeirim,PA,Pará,Baixo Amazonas,Norte,Almeirim - Porto de Moz,Altamira
1500602,Altamira,PA,Pará,Sudoeste Paraense,Norte,Altamira,Altamira
1500701,Anajás,PA,Pará,Marajó,Norte,Breves,Breves
1500800,Ananindeua,PA,Pará,Metropolitana de Belém,Norte,Belém,Belém
1500859,Anapu,PA,Pará,Sudoeste Paraense,Norte,Altamira,Altamira
1500909,Augusto Corrêa,PA,Pará,Nordeste Paraense,Norte,Bragança,Castanhal
1500958,Aurora do Pará,PA,Pará,Nordeste Paraense,Norte,Paragominas,Castanhal
1501006,Aveiro,PA,Pará,Sudoeste Paraense,Norte,Itaituba,Santarém
1501105,Bagre,PA,Pará,Marajó,Norte,Breves,Breves
1501204,Baião,PA,Pará,Nordeste Paraense,Norte,Tucuruí,Marabá
1501253,Bannach,PA,Pará,Sudeste Paraense,Norte,Redenção,Redenção
1501303,Barcarena,PA,Pará,Metropolitana de Belém,Norte,Belém,Belém
1501402,Belém,PA,Pará,Metropolitana de Belém,Norte,Belém,Belém
1501451,Belterra,PA,Pará,Baixo Amazonas,Norte,Santarém,Santarém
1501501,Benevides,PA,Pará,Metropolitana de Belém,Norte,Belém,Belém
1501576,Bom Jesus do Tocantins,PA,Pará,Sudeste Paraense,Norte,Marabá,Marabá
1501600,Bonito,PA,Pará,Nordeste Paraense,Norte,Capanema,Castanhal
1501709,Bragança,PA,Pará,Nordeste Paraense,Norte,Bragança,Castanhal
1501725,Brasil Novo,PA,Pará,Sudoeste Paraense,Norte,Altamira,Altamira
1501758,Brejo Grande do Araguaia,PA,Pará,Sudeste Paraense,Norte,Marabá,Marabá
1501782,Breu Branco,PA,Pará,Sudeste Paraense,Norte,Tucuruí,Marabá
1501808,Breves,PA,Pará,Marajó,Norte,Breves,Breves
1501907,Bujaru,PA,Pará,Metropolitana de Belém,Norte,Belém,Belém
1501956,Cachoeira do Piriá,PA,Pará,Nordeste Paraense,Norte,Bragança,Castanhal
1502004,Cachoeira do Arari,PA,Pará,Marajó,Norte,Soure-Salvaterra,Breves
1502103,Cametá,PA,Pará,Nordeste Paraense,Norte,Cametá,Belém
1502152,Canaã dos Carajás,PA,Pará,Sudeste Paraense,Norte,Parauapebas,Marabá
1502202,Capanema,PA,Pará,Nordeste Paraense,Norte,Capanema,Castanhal
1502301,Capitão Poço,PA,Pará,Nordeste Paraense,Norte,Capitão Poço,Castanhal
1502400,Castanhal,PA,Pará,Metropolitana de Belém,Norte,Castanhal,Castanhal
1502509,Chaves,PA,Pará,Marajó,Norte,Breves,Breves
1502608,Colares,PA,Pará,Nordeste Paraense,Norte,Belém,Belém
1502707,Conceição do Araguaia,PA,Pará,Sudeste Paraense,Norte,Redenção,Redenção
1502756,Concórdia do Pará,PA,Pará,Nordeste Paraense,Norte,Belém,Belém
1502764,Cumaru do Norte,PA,Pará,Sudeste Paraense,Norte,Redenção,Redenção
1502772,Curionópolis,PA,Pará,Sudeste Paraense,Norte,Parauapebas,Marabá
1502806,Curralinho,PA,Pará,Marajó,Norte,Breves,Breves
1502855,Curuá,PA,Pará,Baixo Amazonas,Norte,Oriximiná,Santarém
1502905,Curuçá,PA,Pará,Nordeste Paraense,Norte,Castanhal,Castanhal
1502939,Dom Eliseu,PA,Pará,Sudeste Paraense,Norte,Paragominas,Castanhal
1502954,Eldorado do Carajás,PA,Pará,Sudeste Paraense,Norte,Parauapebas,Marabá
1503002,Faro,PA,Pará,Baixo Amazonas,Norte,Oriximiná,Santarém
1503044,Floresta do Araguaia,PA,Pará,Sudeste Paraense,Norte,Redenção,Redenção
1503077,Garrafão do Norte,PA,Pará,Nordeste Paraense,Norte,Capitão Poço,Castanhal
1503093,Goianésia do Pará,PA,Pará,Sudeste Paraense,Norte,Tucuruí,Marabá
1503101,Gurupá,PA,Pará,Marajó,Norte,Breves,Breves
1503200,Igarapé-Açu,PA,Pará,Nordeste Paraense,Norte,Castanhal,Castanhal
1503309,Igarapé-Miri,PA,Pará,Nordeste Paraense,Norte,Abaetetuba,Belém
1503408,Inhangapi,PA,Pará,Metropolitana de Belém,Norte,Castanhal,Castanhal
1503457,Ipixuna do Pará,PA,Pará,Nordeste Paraense,Norte,Paragominas,Castanhal
1503507,Irituia,PA,Pará,Nordeste Paraense,Norte,Castanhal,Castanhal
1503606,Itaituba,PA,Pará,Sudoeste Paraense,Norte,Itaituba,Santarém
1503705,Itupiranga,PA,Pará,Sudeste Paraense,Norte,Marabá,Marabá
1503754,Jacareacanga,PA,Pará,Sudoeste Paraense,Norte,Itaituba,Santarém
1503804,Jacundá,PA,Pará,Sudeste Paraense,Norte,Marabá,Marabá
1503903,Juruti,PA,Pará,Baixo Amazonas,Norte,Oriximiná,Santarém
1504000,Limoeiro do Ajuru,PA,Pará,Nordeste Paraense,Norte,Cametá,Belém
1504059,Mãe do Rio,PA,Pará,Nordeste Paraense,Norte,Paragominas,Castanhal
1504109,Magalhães Barata,PA,Pará,Nordeste Paraense,Norte,Castanhal,Castanhal
1504208,Marabá,PA,Pará,Sudeste Paraense,Norte,Marabá,Marabá
1504307,Maracanã,PA,Pará,Nordeste Paraense,Norte,Castanhal,Castanhal
1504406,Marapanim,PA,Pará,Nordeste Paraense,Norte,Castanhal,Castanhal
1504422,Marituba,PA,Pará,Metropolitana de Belém,Norte,Belém,Belém
1504455,Medicilândia,PA,Pará,Sudoeste Paraense,Norte,Altamira,Altamira
1504505,Melgaço,PA,Pará,Marajó,Norte,Breves,Breves
1504604,Mocajuba,PA,Pará,Nordeste Paraense,Norte,Cametá,Belém
1504703,Moju,PA,Pará,Nordeste Paraense,Norte,Abaetetuba,Belém
1504752,Mojuí dos Campos,PA,Pará,Baixo Amazonas,Norte,Santarém,Santarém
1504802,Monte Alegre,PA,Pará,Baixo Amazonas,Norte,Santarém,Santarém
1504901,Muaná,PA,Pará,Marajó,Norte,Soure-Salvaterra,Breves
1504950,Nova Esperança do Piriá,PA,Pará,Nordeste Paraense,Norte,Capitão Poço,Castanhal
1504976,Nova Ipixuna,PA,Pará,Sudeste Paraense,Norte,Marabá,Marabá
1505007,Nova Timboteua,PA,Pará,Nordeste Paraense,Norte,Capanema,Castanhal
1505031,Novo Progresso,PA,Pará,Sudoeste Paraense,Norte,Itaituba,Santarém
1505064,Novo Repartimento,PA,Pará,Sudeste Paraense,Norte,Tucuruí,Marabá
1505106,Óbidos,PA,Pará,Baixo Amazonas,Norte,Oriximiná,Santarém
1505205,Oeiras do Pará,PA,Pará,Nordeste Paraense,Norte,Cametá,Belém
1505304,Oriximiná,PA,Pará,Baixo Amazonas,Norte,Oriximiná,Santarém
1505403,Ourém,PA,Pará,Nordeste Paraense,Norte,Capitão Poço,Castanhal
1505437,Ourilândia do Norte,PA,Pará,Sudeste Paraense,Norte,Tucumã - São Félix do Xingu,Redenção
1505486,Pacajá,PA,Pará,Sudoeste Paraense,Norte,Tucuruí,Marabá
1505494,Palestina do Pará,PA,Pará,Sudeste Paraense,Norte,Marabá,Marabá
1505502,Paragominas,PA,Pará,Sudeste Paraense,Norte,Paragominas,Castanhal
1505536,Parauapebas,PA,Pará,Sudeste Paraense,Norte,Parauapebas,Marabá
1505551,Pau D'Arco,PA,Pará,Sudeste Paraense,Norte,Redenção,Redenção
1505601,Peixe-Boi,PA,Pará,Nordeste Paraense,Norte,Capanema,Castanhal
1505635,Piçarra,PA,Pará,Sudeste Paraense,Norte,Marabá,Marabá
1505650,Placas,PA,Pará,Baixo Amazonas,Norte,Itaituba,Santarém
1505700,Ponta de Pedras,PA,Pará,Marajó,Norte,Soure-Salvaterra,Breves
1505809,Portel,PA,Pará,Marajó,Norte,Breves,Breves
1505908,Porto de Moz,PA,Pará,Baixo Amazonas,Norte,Almeirim - Porto de Moz,Altamira
1506005,Prainha,PA,Pará,Baixo Amazonas,Norte,Santarém,Santarém
1506104,Primavera,PA,Pará,Nordeste Paraense,Norte,Capanema,Castanhal
1506112,Quatipuru,PA,Pará,Nordeste Paraense,Norte,Capanema,Castanhal
1506138,Redenção,PA,Pará,Sudeste Paraense,Norte,Redenção,Redenção
1506161,Rio Maria,PA,Pará,Sudeste Paraense,Norte,Xinguara,Redenção
1506187,Rondon do Pará,PA,Pará,Sudeste Paraense,Norte,Marabá,Marabá
1506195,Rurópolis,PA,Pará,Sudoeste Paraense,Norte,Itaituba,Santarém
1506203,Salinópolis,PA,Pará,Nordeste Paraense,Norte,Capanema,Castanhal
1506302,Salvaterra,PA,Pará,Marajó,Norte,Soure-Salvaterra,Breves
1506351,Santa Bárbara do Pará,PA,Pará,Metropolitana de Belém,Norte,Belém,Belém
1506401,Santa Cruz do Arari,PA,Pará,Marajó,Norte,Soure-Salvaterra,Breves
1506500,Santa Izabel do Pará,PA,Pará,Metropolitana de Belém,Norte,Belém,Belém
1506559,Santa Luzia do Pará,PA,Pará,Nordeste Paraense,Norte,Bragança,Castanhal
1506583,Santa Maria das Barreiras,PA,Pará,Sudeste Paraense,Norte,Redenção,Redenção
1506609,Santa Maria do Pará,PA,Pará,Nordeste Paraense,Norte,Castanhal,Castanhal
1506708,Santana do Araguaia,PA,Pará,Sudeste Paraense,Norte,Redenção,Redenção
1506807,Santarém,PA,Pará,Baixo Amazonas,Norte,Santarém,Santarém
1506906,Santarém Novo,PA,Pará,Nordeste Paraense,Norte,Capanema,Castanhal
1507003,Santo Antônio do Tauá,PA,Pará,Metropolitana de Belém,Norte,Belém,Belém
1507102,São Caetano de Odivelas,PA,Pará,Nordeste Paraense,Norte,Belém,Belém
1507151,São Domingos do Araguaia,PA,Pará,Sudeste Paraense,Norte,Marabá,Marabá
1507201,São Domingos do Capim,PA,Pará,Nordeste Paraense,Norte,Castanhal,Castanhal
1507300,São Félix do Xingu,PA,Pará,Sudeste Paraense,Norte,Tucumã - São Félix do Xingu,Redenção
1507409,São Francisco do Pará,PA,Pará,Nordeste Paraense,Norte,Castanhal,Castanhal
1507458,São Geraldo do Araguaia,PA,Pará,Sudeste Paraense,Norte,Marabá,Marabá
1507466,São João da Ponta,PA,Pará,Nordeste Paraense,Norte,Castanhal,Castanhal
1507474,São João de Pirabas,PA,Pará,Nordeste Paraense,Norte,Capanema,Castanhal
1507508,São João do Araguaia,PA,Pará,Sudeste Paraense,Norte,Marabá,Marabá
1507607,São Miguel do Guamá,PA,Pará,Nordeste Paraense,Norte,Castanhal,Castanhal
1507706,São Sebastião da Boa Vista,PA,Pará,Marajó,Norte,Breves,Breves
1507755,Sapucaia,PA,Pará,Sudeste Paraense,Norte,Xinguara,Redenção
1507805,Senador José Porfírio,PA,Pará,Sudoeste Paraense,Norte,Altamira,Altamira
1507904,Soure,PA,Pará,Marajó,Norte,Soure-Salvaterra,Breves
1507953,Tailândia,PA,Pará,Nordeste Paraense,Norte,Abaetetuba,Belém
1507961,Terra Alta,PA,Pará,Nordeste Paraense,Norte,Castanhal,Castanhal
1507979,Terra Santa,PA,Pará,Baixo Amazonas,Norte,Oriximiná,Santarém
1508001,Tomé-Açu,PA,Pará,Nordeste Paraense,Norte,Belém,Belém
1508035,Tracuateua,PA,Pará,Nordeste Paraense,Norte,Bragança,Castanhal
1508050,Trairão,PA,Pará,Sudoeste Paraense,Norte,Itaituba,Santarém
1508084,Tucumã,PA,Pará,Sudeste Paraense,Norte,Tucumã - São Félix do Xingu,Redenção
1508100,Tucuruí,PA,Pará,Sudeste Paraense,Norte,Tucuruí,Marabá
1508126,Ulianópolis,PA,Pará,Sudeste Paraense,Norte,Paragominas,Castanhal
1508159,Uruará,PA,Pará,Sudoeste Paraense,Norte,Altamira,Altamira
1508209,Vigia,PA,Pará,Nordeste Paraense,Norte,Belém,Belém
1508308,Viseu,PA,Pará,Nordeste Paraense,Norte,Bragança,Castanhal
1508357,Vitória do Xingu,PA,Pará,Sudoeste Paraense,Norte,Altamira,Altamira
1508407,Xinguara,PA,Pará,Sudeste Paraense,Norte,Xinguara,Redenção
2500106,Água Branca,PB,Paraíba,Sertão Paraibano,Nordeste,Patos,Patos
2500205,Aguiar,PB,Paraíba,Sertão Paraibano,Nordeste,Itaporanga,Patos
2500304,Alagoa Grande,PB,Paraíba,Agreste Paraibano,Nordeste,Campina Grande,Campina Grande
2500403,Alagoa Nova,PB,Paraíba,Agreste Paraibano,Nordeste,Campina Grande,Campina Grande
2500502,Alagoinha,PB,Paraíba,Agreste Paraibano,Nordeste,Guarabira,João Pessoa
2500536,Alcantil,PB,Paraíba,Borborema,Nordeste,Campina Grande,Campina Grande
2500577,Algodão de Jandaíra,PB,Paraíba,Agreste Paraibano,Nordeste,Campina Grande,Campina Grande
2500601,Alhandra,PB,Paraíba,Mata Paraibana,Nordeste,João Pessoa,João Pessoa
2500700,São João do Rio do Peixe,PB,Paraíba,Sertão Paraibano,Nordeste,Cajazeiras,Sousa - Cajazeiras
2500734,Amparo,PB,Paraíba,Borborema,Nordeste,Sumé,Campina Grande
2500775,Aparecida,PB,Paraíba,Sertão Paraibano,Nordeste,Sousa,Sousa - Cajazeiras
2500809,Araçagi,PB,Paraíba,Agreste Paraibano,Nordeste,Guarabira,João Pessoa
2500908,Arara,PB,Paraíba,Agreste Paraibano,Nordeste,Guarabira,João Pessoa
2501005,Araruna,PB,Paraíba,Agreste Paraibano,Nordeste,Guarabira,João Pessoa
2501104,Areia,PB,Paraíba,Agreste Paraibano,Nordeste,Campina Grande,Campina Grande
2501153,Areia de Baraúnas,PB,Paraíba,Sertão Paraibano,Nordeste,Patos,Patos
2501203,Areial,PB,Paraíba,Agreste Paraibano,Nordeste,Campina Grande,Campina Grande
2501302,Aroeiras,PB,Paraíba,Agreste Paraibano,Nordeste,Campina Grande,Campina Grande
2501351,Assunção,PB,Paraíba,Borborema,Nordeste,Campina Grande,Campina Grande
2501401,Baía da Traição,PB,Paraíba,Mata Paraibana,Nordeste,Mamanguape - Rio Tinto,João Pessoa
2501500,Bananeiras,PB,Paraíba,Agreste Paraibano,Nordeste,Guarabira,João Pessoa
2501534,Baraúna,PB,Paraíba,Borborema,Nordeste,Cuité - Nova Floresta,Campina Grande
2501575,Barra de Santana,PB,Paraíba,Borborema,Nordeste,Campina Grande,Campina Grande
2501609,Barra de Santa Rosa,PB,Paraíba,Agreste Paraibano,Nordeste,Cuité - Nova Floresta,Campina Grande
2501708,Barra de São Miguel,PB,Paraíba,Borborema,Nordeste,Campina Grande,Campina Grande
2501807,Bayeux,PB,Paraíba,Mata Paraibana,Nordeste,João Pessoa,João Pessoa
2501906,Belém,PB,Paraíba,Agreste Paraibano,Nordeste,Guarabira,João Pessoa
2502003,Belém do Brejo do Cruz,PB,Paraíba,Sertão Paraibano,Nordeste,Catolé do Rocha - São Bento,Patos
2502052,Bernardino Batista,PB,Paraíba,Sertão Paraibano,Nordeste,Sousa,Sousa - Cajazeiras
2502102,Boa Ventura,PB,Paraíba,Sertão Paraibano,Nordeste,Itaporanga,Patos
2502151,Boa Vista,PB,Paraíba,Agreste Paraibano,Nordeste,Campina Grande,Campina Grande
2502201,Bom Jesus,PB,Paraíba,Sertão Paraibano,Nordeste,Cajazeiras,Sousa - Cajazeiras
2502300,Bom Sucesso,PB,Paraíba,Sertão Paraibano,Nordeste,Catolé do Rocha - São Bento,Patos
2502409,Bonito de Santa Fé,PB,Paraíba,Sertão Paraibano,Nordeste,Cajazeiras,Sousa - Cajazeiras
2502508,Boqueirão,PB,Paraíba,Borborema,Nordeste,Campina Grande,Campina Grande
2502607,Igaracy,PB,Paraíba,Sertão Paraibano,Nordeste,Itaporanga,Patos
2502706,Borborema,PB,Paraíba,Agreste Paraibano,Nordeste,Guarabira,João Pessoa
2502805,Brejo do Cruz,PB,Paraíba,Sertão Paraibano,Nordeste,Catolé do Rocha - São Bento,Patos
2502904,Brejo dos Santos,PB,Paraíba,Sertão Paraibano,Nordeste,Catolé do Rocha - São Bento,Patos
2503001,Caaporã,PB,Paraíba,Mata Paraibana,Nordeste,João Pessoa,João Pessoa
2503100,Cabaceiras,PB,Paraíba,Borborema,Nordeste,Campina Grande,Campina Grande
2503209,Cabedelo,PB,Paraíba,Mata Paraibana,Nordeste,João Pessoa,João Pessoa
2503308,Cachoeira dos Índios,PB,Paraíba,Sertão Paraibano,Nordeste,Cajazeiras,Sousa - Cajazeiras
2503407,Cacimba de Areia,PB,Paraíba,Sertão Paraibano,Nordeste,Patos,Patos
2503506,Cacimba de Dentro,PB,Paraíba,Agreste Paraibano,Nordeste,Guarabira,João Pessoa
2503555,Cacimbas,PB,Paraíba,Sertão Paraibano,Nordeste,Patos,Patos
2503605,Caiçara,PB,Paraíba,Agreste Paraibano,Nordeste,Guarabira,João Pessoa
2503704,Cajazeiras,PB,Paraíba,Sertão Paraibano,Nordeste,Cajazeiras,Sousa - Cajazeiras
2503753,Cajazeirinhas,PB,Paraíba,Sertão Paraibano,Nordeste,Pombal,Patos
2503803,Caldas Brandão,PB,Paraíba,Agreste Paraibano,Nordeste,João Pessoa,João Pessoa
2503902,Camalaú,PB,Paraíba,Borborema,Nordeste,Monteiro,Campina Grande
2504009,Campina Grande,PB,Paraíba,Agreste Paraibano,Nordeste,Campina Grande,Campina Grande
2504033,Capim,PB,Paraíba,Mata Paraibana,Nordeste,Mamanguape - Rio Tinto,João Pessoa
2504074,Caraúbas,PB,Paraíba,Borborema,Nordeste,Campina Grande,Campina Grande
2504108,Carrapateira,PB,Paraíba,Sertão Paraibano,Nordeste,Cajazeiras,Sousa - Cajazeiras
2504157,Casserengue,PB,Paraíba,Agreste Paraibano,Nordeste,Guarabira,João Pessoa
2504207,Catingueira,PB,Paraíba,Sertão Paraibano,Nordeste,Patos,Patos
2504306,Catolé do Rocha,PB,Paraíba,Sertão Paraibano,Nordeste,Catolé do Rocha - São Bento,Patos
2504355,Caturité,PB,Paraíba,Borborema,Nordeste,Campina Grande,Campina Grande
2504405,Conceição,PB,Paraíba,Sertão Paraibano,Nordeste,Itaporanga,Patos
2504504,Condado,PB,Paraíba,Sertão Paraibano,Nordeste,Pombal,Patos
2504603,Conde,PB,Paraíba,Mata Paraibana,Nordeste,João Pessoa,João Pessoa
2504702,Congo,PB,Paraíba,Borborema,Nordeste,Sumé,Campina Grande
2504801,Coremas,PB,Paraíba,Sertão Paraibano,Nordeste,Patos,Patos
2504850,Coxixola,PB,Paraíba,Borborema,Nordeste,Sumé,Campina Grande
2504900,Cruz do Espírito Santo,PB,Paraíba,Mata Paraibana,Nordeste,João Pessoa,João Pessoa
2505006,Cubati,PB,Paraíba,Borborema,Nordeste,Campina Grande,Campina Grande
2505105,Cuité,PB,Paraíba,Agreste Paraibano,Nordeste,Cuité - Nova Floresta,Campina Grande
2505204,Cuitegi,PB,Paraíba,Agreste Paraibano,Nordeste,Guarabira,João Pessoa
2505238,Cuité de Mamanguape,PB,Paraíba,Mata Paraibana,Nordeste,João Pessoa,João Pessoa
2505279,Curral de Cima,PB,Paraíba,Mata Paraibana,Nordeste,Mamanguape - Rio Tinto,João Pessoa
2505303,Curral Velho,PB,Paraíba,Sertão Paraibano,Nordeste,Itaporanga,Patos
2505352,Damião,PB,Paraíba,Agreste Paraibano,Nordeste,Cuité - Nova Floresta,Campina Grande
2505402,Desterro,PB,Paraíba,Sertão Paraibano,Nordeste,Patos,Patos
2505501,Vista Serrana,PB,Paraíba,Sertão Paraibano,Nordeste,Patos,Patos
2505600,Diamante,PB,Paraíba,Sertão Paraibano,Nordeste,Itaporanga,Patos
2505709,Dona Inês,PB,Paraíba,Agreste Paraibano,Nordeste,Guarabira,João Pessoa
2505808,Duas Estradas,PB,Paraíba,Agreste Paraibano,Nordeste,Guarabira,João Pessoa
2505907,Emas,PB,Paraíba,Sertão Paraibano,Nordeste,Patos,Patos
2506004,Esperança,PB,Paraíba,Agreste Paraibano,Nordeste,Campina Grande,Campina Grande
2506103,Fagundes,PB,Paraíba,Agreste Paraibano,Nordeste,Campina Grande,Campina Grande
2506202,Frei Martinho,PB,Paraíba,Borborema,Nordeste,Cuité - Nova Floresta,Campina Grande
2506251,Gado Bravo,PB,Paraíba,Agreste Paraibano,Nordeste,Campina Grande,Campina Grande
2506301,Guarabira,PB,Paraíba,Agreste Paraibano,Nordeste,Guarabira,João Pessoa
2506400,Gurinhém,PB,Paraíba,Agreste Paraibano,Nordeste,João Pessoa,João Pessoa
2506509,Gurjão,PB,Paraíba,Borborema,Nordeste,Campina Grande,Campina Grande
2506608,Ibiara,PB,Paraíba,Sertão Paraibano,Nordeste,Itaporanga,Patos
2506707,Imaculada,PB,Paraíba,Sertão Paraibano,Nordeste,Patos,Patos
2506806,Ingá,PB,Paraíba,Agreste Paraibano,Nordeste,Campina Grande,Campina Grande
2506905,Itabaiana,PB,Paraíba,Agreste Paraibano,Nordeste,Itabaiana,João Pessoa
2507002,Itaporanga,PB,Paraíba,Sertão Paraibano,Nordeste,Itaporanga,Patos
2507101,Itapororoca,PB,Paraíba,Mata Paraibana,Nordeste,Mamanguape - Rio Tinto,João Pessoa
2507200,Itatuba,PB,Paraíba,Agreste Paraibano,Nordeste,Campina Grande,Campina Grande
2507309,Jacaraú,PB,Paraíba,Mata Paraibana,Nordeste,Mamanguape - Rio Tinto,João Pessoa
2507408,Jericó,PB,Paraíba,Sertão Paraibano,Nordeste,Catolé do Rocha - São Bento,Patos
2507507,João Pessoa,PB,Paraíba,Mata Paraibana,Nordeste,João Pessoa,João Pessoa
2507606,Juarez Távora,PB,Paraíba,Agreste Paraibano,Nordeste,João Pessoa,João Pessoa
2507705,Juazeirinho,PB,Paraíba,Borborema,Nordeste,Campina Grande,Campina Grande
2507804,Junco do Seridó,PB,Paraíba,Borborema,Nordeste,Campina Grande,Campina Grande
2507903,Juripiranga,PB,Paraíba,Mata Paraibana,Nordeste,João Pessoa,João Pessoa
2508000,Juru,PB,Paraíba,Sertão Paraibano,Nordeste,Princesa Isabel,Patos
2508109,Lagoa,PB,Paraíba,Sertão Paraibano,Nordeste,Pombal,Patos
2508208,Lagoa de Dentro,PB,Paraíba,Agreste Paraibano,Nordeste,Guarabira,João Pessoa
2508307,Lagoa Seca,PB,Paraíba,Agreste Paraibano,Nordeste,Campina Grande,Campina Grande
2508406,Lastro,PB,Paraíba,Sertão Paraibano,Nordeste,Sousa,Sousa - Cajazeiras
2508505,Livramento,PB,Paraíba,Borborema,Nordeste,Sumé,Campina Grande
2508554,Logradouro,PB,Paraíba,Agreste Paraibano,Nordeste,Guarabira,João Pessoa
2508604,Lucena,PB,Paraíba,Mata Paraibana,Nordeste,João Pessoa,João Pessoa
2508703,Mãe d'Água,PB,Paraíba,Sertão Paraibano,Nordeste,Patos,Patos
2508802,Malta,PB,Paraíba,Sertão Paraibano,Nordeste,Patos,Patos
2508901,Mamanguape,PB,Paraíba,Mata Paraibana,Nordeste,Mamanguape - Rio Tinto,João Pessoa
2509008,Manaíra,PB,Paraíba,Sertão Paraibano,Nordeste,Princesa Isabel,Patos
2509057,Marcação,PB,Paraíba,Mata Paraibana,Nordeste,Mamanguape - Rio Tinto,João Pessoa
2509107,Mari,PB,Paraíba,Mata Paraibana,Nordeste,João Pessoa,João Pessoa
2509156,Marizópolis,PB,Paraíba,Sertão Paraibano,Nordeste,Sousa,Sousa - Cajazeiras
2509206,Massaranduba,PB,Paraíba,Agreste Paraibano,Nordeste,Campina Grande,Campina Grande
2509305,Mataraca,PB,Paraíba,Mata Paraibana,Nordeste,Mamanguape - Rio Tinto,João Pessoa
2509339,Matinhas,PB,Paraíba,Agreste Paraibano,Nordeste,Campina Grande,Campina Grande
2509370,Mato Grosso,PB,Paraíba,Sertão Paraibano,Nordeste,Catolé do Rocha - São Bento,Patos
2509396,Maturéia,PB,Paraíba,Sertão Paraibano,Nordeste,Patos,Patos
2509404,Mogeiro,PB,Paraíba,Agreste Paraibano,Nordeste,Itabaiana,João Pessoa
2509503,Montadas,PB,Paraíba,Agreste Paraibano,Nordeste,Campina Grande,Campina Grande
2509602,Monte Horebe,PB,Paraíba,Sertão Paraibano,Nordeste,Cajazeiras,Sousa - Cajazeiras
2509701,Monteiro,PB,Paraíba,Borborema,Nordeste,Monteiro,Campina Grande
2509800,Mulungu,PB,Paraíba,Agreste Paraibano,Nordeste,Guarabira,João Pessoa
2509909,Natuba,PB,Paraíba,Agreste Paraibano,Nordeste,Itabaiana,João Pessoa
2510006,Nazarezinho,PB,Paraíba,Sertão Paraibano,Nordeste,Sousa,Sousa - Cajazeiras
2510105,Nova Floresta,PB,Paraíba,Agreste Paraibano,Nordeste,Cuité - Nova Floresta,Campina Grande
2510204,Nova Olinda,PB,Paraíba,Sertão Paraibano,Nordeste,Itaporanga,Patos
2510303,Nova Palmeira,PB,Paraíba,Borborema,Nordeste,Cuité - Nova Floresta,Campina Grande
2510402,Olho d'Água,PB,Paraíba,Sertão Paraibano,Nordeste,Patos,Patos
2510501,Olivedos,PB,Paraíba,Agreste Paraibano,Nordeste,Campina Grande,Campina Grande
2510600,Ouro Velho,PB,Paraíba,Borborema,Nordeste,Monteiro,Campina Grande
2510659,Parari,PB,Paraíba,Borborema,Nordeste,Sumé,Campina Grande
2510709,Passagem,PB,Paraíba,Sertão Paraibano,Nordeste,Patos,Patos
2510808,Patos,PB,Paraíba,Sertão Paraibano,Nordeste,Patos,Patos
2510907,Paulista,PB,Paraíba,Sertão Paraibano,Nordeste,Pombal,Patos
2511004,Pedra Branca,PB,Paraíba,Sertão Paraibano,Nordeste,Itaporanga,Patos
2511103,Pedra Lavrada,PB,Paraíba,Borborema,Nordeste,Cuité - Nova Floresta,Campina Grande
2511202,Pedras de Fogo,PB,Paraíba,Mata Paraibana,Nordeste,João Pessoa,João Pessoa
2511301,Piancó,PB,Paraíba,Sertão Paraibano,Nordeste,Itaporanga,Patos
2511400,Picuí,PB,Paraíba,Borborema,Nordeste,Cuité - Nova Floresta,Campina Grande
2511509,Pilar,PB,Paraíba,Mata Paraibana,Nordeste,João Pessoa,João Pessoa
2511608,Pilões,PB,Paraíba,Agreste Paraibano,Nordeste,Guarabira,João Pessoa
2511707,Pilõezinhos,PB,Paraíba,Agreste Paraibano,Nordeste,Guarabira,João Pessoa
2511806,Pirpirituba,PB,Paraíba,Agreste Paraibano,Nordeste,Guarabira,João Pessoa
2511905,Pitimbu,PB,Paraíba,Mata Paraibana,Nordeste,João Pessoa,João Pessoa
2512002,Pocinhos,PB,Paraíba,Agreste Paraibano,Nordeste,Campina Grande,Campina Grande
2512036,Poço Dantas,PB,Paraíba,Sertão Paraibano,Nordeste,Sousa,Sousa - Cajazeiras
2512077,Poço de José de Moura,PB,Paraíba,Sertão Paraibano,Nordeste,Cajazeiras,Sousa - Cajazeiras
2512101,Pombal,PB,Paraíba,Sertão Paraibano,Nordeste,Pombal,Patos
2512200,Prata,PB,Paraíba,Borborema,Nordeste,Monteiro,Campina Grande
2512309,Princesa Isabel,PB,Paraíba,Sertão Paraibano,Nordeste,Princesa Isabel,Patos
2512408,Puxinanã,PB,Paraíba,Agreste Paraibano,Nordeste,Campina Grande,Campina Grande
2512507,Queimadas,PB,Paraíba,Agreste Paraibano,Nordeste,Campina Grande,Campina Grande
2512606,Quixaba,PB,Paraíba,Sertão Paraibano,Nordeste,Patos,Patos
2512705,Remígio,PB,Paraíba,Agreste Paraibano,Nordeste,Campina Grande,Campina Grande
2512721,Pedro Régis,PB,Paraíba,Mata Paraibana,Nordeste,Mamanguape - Rio Tinto,João Pessoa
2512747,Riachão,PB,Paraíba,Agreste Paraibano,Nordeste,Guarabira,João Pessoa
2512754,Riachão do Bacamarte,PB,Paraíba,Agreste Paraibano,Nordeste,Campina Grande,Campina Grande
2512762,Riachão do Poço,PB,Paraíba,Mata Paraibana,Nordeste,João Pessoa,João Pessoa
2512788,Riacho de Santo Antônio,PB,Paraíba,Borborema,Nordeste,Campina Grande,Campina Grande
2512804,Riacho dos Cavalos,PB,Paraíba,Sertão Paraibano,Nordeste,Catolé do Rocha - São Bento,Patos
2512903,Rio Tinto,PB,Paraíba,Mata Paraibana,Nordeste,Mamanguape - Rio Tinto,João Pessoa
2513000,Salgadinho,PB,Paraíba,Borborema,Nordeste,Patos,Patos
2513109,Salgado de São Félix,PB,Paraíba,Agreste Paraibano,Nordeste,Itabaiana,João Pessoa
2513158,Santa Cecília,PB,Paraíba,Agreste Paraibano,Nordeste,Campina Grande,Campina Grande
2513208,Santa Cruz,PB,Paraíba,Sertão Paraibano,Nordeste,Sousa,Sousa - Cajazeiras
2513307,Santa Helena,PB,Paraíba,Sertão Paraibano,Nordeste,Cajazeiras,Sousa - Cajazeiras
2513356,Santa Inês,PB,Paraíba,Sertão Paraibano,Nordeste,Itaporanga,Patos
2513406,Santa Luzia,PB,Paraíba,Borborema,Nordeste,Patos,Patos
2513505,Santana de Mangueira,PB,Paraíba,Sertão Paraibano,Nordeste,Itaporanga,Patos
2513604,Santana dos Garrotes,PB,Paraíba,Sertão Paraibano,Nordeste,Itaporanga,Patos
2513653,Joca Claudino,PB,Paraíba,Sertão Paraibano,Nordeste,Sousa,Sousa - Cajazeiras
2513703,Santa Rita,PB,Paraíba,Mata Paraibana,Nordeste,João Pessoa,João Pessoa
2513802,Santa Teresinha,PB,Paraíba,Sertão Paraibano,Nordeste,Patos,Patos
2513851,Santo André,PB,Paraíba,Borborema,Nordeste,Campina Grande,Campina Grande
2513901,São Bento,PB,Paraíba,Sertão Paraibano,Nordeste,Catolé do Rocha - São Bento,Patos
2513927,São Bentinho,PB,Paraíba,Sertão Paraibano,Nordeste,Pombal,Patos
2513943,São Domingos do Cariri,PB,Paraíba,Borborema,Nordeste,Campina Grande,Campina Grande
2513968,São Domingos,PB,Paraíba,Sertão Paraibano,Nordeste,Pombal,Patos
2513984,São Francisco,PB,Paraíba,Sertão Paraibano,Nordeste,Sousa,Sousa - Cajazeiras
2514008,São João do Cariri,PB,Paraíba,Borborema,Nordeste,Campina Grande,Campina Grande
2514107,São João do Tigre,PB,Paraíba,Borborema,Nordeste,Monteiro,Campina Grande
2514206,São José da Lagoa Tapada,PB,Paraíba,Sertão Paraibano,Nordeste,Sousa,Sousa - Cajazeiras
2514305,São José de Caiana,PB,Paraíba,Sertão Paraibano,Nordeste,Itaporanga,Patos
2514404,São José de Espinharas,PB,Paraíba,Sertão Paraibano,Nordeste,Patos,Patos
2514453,São José dos Ramos,PB,Paraíba,Mata Paraibana,Nordeste,Itabaiana,João Pessoa
2514503,São José de Piranhas,PB,Paraíba,Sertão Paraibano,Nordeste,Cajazeiras,Sousa - Cajazeiras
2514552,São José de Princesa,PB,Paraíba,Sertão Paraibano,Nordeste,Princesa Isabel,Patos
2514602,São José do Bonfim,PB,Paraíba,Sertão Paraibano,Nordeste,Patos,Patos
2514651,São José do Brejo do Cruz,PB,Paraíba,Sertão Paraibano,Nordeste,Catolé do Rocha - São Bento,Patos
2514701,São José do Sabugi,PB,Paraíba,Borborema,Nordeste,Patos,Patos
2514800,São José dos Cordeiros,PB,Paraíba,Borborema,Nordeste,Sumé,Campina Grande
2514909,São Mamede,PB,Paraíba,Borborema,Nordeste,Patos,Patos
2515005,São Miguel de Taipu,PB,Paraíba,Mata Paraibana,Nordeste,João Pessoa,João Pessoa
2515104,São Sebastião de Lagoa de Roça,PB,Paraíba,Agreste Paraibano,Nordeste,Campina Grande,Campina Grande
2515203,São Sebastião do Umbuzeiro,PB,Paraíba,Borborema,Nordeste,Monteiro,Campina Grande
2515302,Sapé,PB,Paraíba,Mata Paraibana,Nordeste,João Pessoa,João Pessoa
2515401,São Vicente do Seridó,PB,Paraíba,Borborema,Nordeste,Campina Grande,Campina Grande
2515500,Serra Branca,PB,Paraíba,Borborema,Nordeste,Sumé,Campina Grande
2515609,Serra da Raiz,PB,Paraíba,Agreste Paraibano,Nordeste,Guarabira,João Pessoa
2515708,Serra Grande,PB,Paraíba,Sertão Paraibano,Nordeste,Cajazeiras,Sousa - Cajazeiras
2515807,Serra Redonda,PB,Paraíba,Agreste Paraibano,Nordeste,Campina Grande,Campina Grande
2515906,Serraria,PB,Paraíba,Agreste Paraibano,Nordeste,Guarabira,João Pessoa
2515930,Sertãozinho,PB,Paraíba,Agreste Paraibano,Nordeste,Guarabira,João Pessoa
2515971,Sobrado,PB,Paraíba,Mata Paraibana,Nordeste,João Pessoa,João Pessoa
2516003,Solânea,PB,Paraíba,Agreste Paraibano,Nordeste,Guarabira,João Pessoa
2516102,Soledade,PB,Paraíba,Agreste Paraibano,Nordeste,Campina Grande,Campina Grande
2516151,Sossêgo,PB,Paraíba,Agreste Paraibano,Nordeste,Cuité - Nova Floresta,Campina Grande
2516201,Sousa,PB,Paraíba,Sertão Paraibano,Nordeste,Sousa,Sousa - Cajazeiras
2516300,Sumé,PB,Paraíba,Borborema,Nordeste,Sumé,Campina Grande
2516409,Tacima,PB,Paraíba,Agreste Paraibano,Nordeste,Guarabira,João Pessoa
2516508,Taperoá,PB,Paraíba,Borborema,Nordeste,Campina Grande,Campina Grande
2516607,Tavares,PB,Paraíba,Sertão Paraibano,Nordeste,Princesa Isabel,Patos
2516706,Teixeira,PB,Paraíba,Sertão Paraibano,Nordeste,Patos,Patos
2516755,Tenório,PB,Paraíba,Borborema,Nordeste,Campina Grande,Campina Grande
2516805,Triunfo,PB,Paraíba,Sertão Paraibano,Nordeste,Cajazeiras,Sousa - Cajazeiras
2516904,Uiraúna,PB,Paraíba,Sertão Paraibano,Nordeste,Sousa,Sousa - Cajazeiras
2517001,Umbuzeiro,PB,Paraíba,Agreste Paraibano,Nordeste,Campina Grande,Campina Grande
2517100,Várzea,PB,Paraíba,Borborema,Nordeste,Patos,Patos
2517209,Vieirópolis,PB,Paraíba,Sertão Paraibano,Nordeste,Sousa,Sousa - Cajazeiras
2517407,Zabelê,PB,Paraíba,Borborema,Nordeste,Monteiro,Campina Grande
4100103,Abatiá,PR,Paraná,Norte Pioneiro Paranaense,Sul,Santo Antônio da Platina,Londrina
4100202,Adrianópolis,PR,Paraná,Metropolitana de Curitiba,Sul,Curitiba,Curitiba
4100301,Agudos do Sul,PR,Paraná,Metropolitana de Curitiba,Sul,Curitiba,Curitiba
4100400,Almirante Tamandaré,PR,Paraná,Metropolitana de Curitiba,Sul,Curitiba,Curitiba
4100459,Altamira do Paraná,PR,Paraná,Centro Ocidental Paranaense,Sul,Campo Mourão,Maringá
4100509,Altônia,PR,Paraná,Noroeste Paranaense,Sul,Umuarama,Maringá
4100608,Alto Paraná,PR,Paraná,Noroeste Paranaense,Sul,Paranavaí,Maringá
4100707,Alto Piquiri,PR,Paraná,Noroeste Paranaense,Sul,Umuarama,Maringá
4100806,Alvorada do Sul,PR,Paraná,Norte Central Paranaense,Sul,Londrina,Londrina
4100905,Amaporã,PR,Paraná,Noroeste Paranaense,Sul,Paranavaí,Maringá
4101002,Ampére,PR,Paraná,Sudoeste Paranaense,Sul,Francisco Beltrão,Cascavel
4101051,Anahy,PR,Paraná,Oeste Paranaense,Sul,Cascavel,Cascavel
4101101,Andirá,PR,Paraná,Norte Pioneiro Paranaense,Sul,Santo Antônio da Platina,Londrina
4101150,Ângulo,PR,Paraná,Norte Central Paranaense,Sul,Maringá,Maringá
4101200,Antonina,PR,Paraná,Metropolitana de Curitiba,Sul,Paranaguá,Curitiba
4101309,Antônio Olinto,PR,Paraná,Sudeste Paranaense,Sul,União da Vitória,Curitiba
4101408,Apucarana,PR,Paraná,Norte Central Paranaense,Sul,Apucarana,Londrina
4101507,Arapongas,PR,Paraná,Norte Central Paranaense,Sul,Londrina,Londrina
4101606,Arapoti,PR,Paraná,Centro Oriental Paranaense,Sul,Ponta Grossa,Ponta Grossa
4101655,Arapuã,PR,Paraná,Norte Central Paranaense,Sul,Ivaiporã,Londrina
4101705,Araruna,PR,Paraná,Centro Ocidental Paranaense,Sul,Campo Mourão,Maringá
4101804,Araucária,PR,Paraná,Metropolitana de Curitiba,Sul,Curitiba,Curitiba
4101853,Ariranha do Ivaí,PR,Paraná,Norte Central Paranaense,Sul,Ivaiporã,Londrina
4101903,Assaí,PR,Paraná,Norte Pioneiro Paranaense,Sul,Londrina,Londrina
4102000,Assis Chateaubriand,PR,Paraná,Oeste Paranaense,Sul,Toledo,Cascavel
4102109,Astorga,PR,Paraná,Norte Central Paranaense,Sul,Maringá,Maringá
4102208,Atalaia,PR,Paraná,Norte Central Paranaense,Sul,Maringá,Maringá
4102307,Balsa Nova,PR,Paraná,Metropolitana de Curitiba,Sul,Curitiba,Curitiba
4102406,Bandeirantes,PR,Paraná,Norte Pioneiro Paranaense,Sul,Cornélio Procópio ¿ Bandeirantes,Londrina
4102505,Barbosa Ferraz,PR,Paraná,Centro Ocidental Paranaense,Sul,Campo Mourão,Maringá
4102604,Barracão,PR,Paraná,Sudoeste Paranaense,Sul,Francisco Beltrão,Cascavel
4102703,Barra do Jacaré,PR,Paraná,Norte Pioneiro Paranaense,Sul,Santo Antônio da Platina,Londrina
4102752,Bela Vista da Caroba,PR,Paraná,Sudoeste Paranaense,Sul,Francisco Beltrão,Cascavel
4102802,Bela Vista do Paraíso,PR,Paraná,Norte Central Paranaense,Sul,Londrina,Londrina
4102901,Bituruna,PR,Paraná,Sudeste Paranaense,Sul,União da Vitória,Curitiba
4103008,Boa Esperança,PR,Paraná,Centro Ocidental Paranaense,Sul,Campo Mourão,Maringá
4103024,Boa Esperança do Iguaçu,PR,Paraná,Sudoeste Paranaense,Sul,Dois Vizinhos,Cascavel
4103040,Boa Ventura de São Roque,PR,Paraná,Centro-Sul Paranaense,Sul,Pitanga,Guarapuava
4103057,Boa Vista da Aparecida,PR,Paraná,Oeste Paranaense,Sul,Cascavel,Cascavel
4103107,Bocaiúva do Sul,PR,Paraná,Metropolitana de Curitiba,Sul,Curitiba,Curitiba
4103156,Bom Jesus do Sul,PR,Paraná,Sudoeste Paranaense,Sul,Francisco Beltrão,Cascavel
4103206,Bom Sucesso,PR,Paraná,Norte Central Paranaense,Sul,Apucarana,Londrina
4103222,Bom Sucesso do Sul,PR,Paraná,Sudoeste Paranaense,Sul,Pato Branco,Cascavel
4103305,Borrazópolis,PR,Paraná,Norte Central Paranaense,Sul,Apucarana,Londrina
4103354,Braganey,PR,Paraná,Oeste Paranaense,Sul,Cascavel,Cascavel
4103370,Brasilândia do Sul,PR,Paraná,Noroeste Paranaense,Sul,Umuarama,Maringá
4103404,Cafeara,PR,Paraná,Norte Central Paranaense,Sul,Londrina,Londrina
4103453,Cafelândia,PR,Paraná,Oeste Paranaense,Sul,Cascavel,Cascavel
4103479,Cafezal do Sul,PR,Paraná,Noroeste Paranaense,Sul,Umuarama,Maringá
4103503,Califórnia,PR,Paraná,Norte Central Paranaense,Sul,Apucarana,Londrina
4103602,Cambará,PR,Paraná,Norte Pioneiro Paranaense,Sul,Santo Antônio da Platina,Londrina
4103701,Cambé,PR,Paraná,Norte Central Paranaense,Sul,Londrina,Londrina
4103800,Cambira,PR,Paraná,Norte Central Paranaense,Sul,Apucarana,Londrina
4103909,Campina da Lagoa,PR,Paraná,Centro Ocidental Paranaense,Sul,Campo Mourão,Maringá
4103958,Campina do Simão,PR,Paraná,Centro-Sul Paranaense,Sul,Guarapuava,Guarapuava
4104006,Campina Grande do Sul,PR,Paraná,Metropolitana de Curitiba,Sul,Curitiba,Curitiba
4104055,Campo Bonito,PR,Paraná,Oeste Paranaense,Sul,Cascavel,Cascavel
4104105,Campo do Tenente,PR,Paraná,Metropolitana de Curitiba,Sul,Curitiba,Curitiba
4104204,Campo Largo,PR,Paraná,Metropolitana de Curitiba,Sul,Curitiba,Curitiba
4104253,Campo Magro,PR,Paraná,Metropolitana de Curitiba,Sul,Curitiba,Curitiba
4104303,Campo Mourão,PR,Paraná,Centro Ocidental Paranaense,Sul,Campo Mourão,Maringá
4104402,Cândido de Abreu,PR,Paraná,Norte Central Paranaense,Sul,Ivaiporã,Londrina
4104428,Candói,PR,Paraná,Centro-Sul Paranaense,Sul,Guarapuava,Guarapuava
4104451,Cantagalo,PR,Paraná,Centro-Sul Paranaense,Sul,Guarapuava,Guarapuava
4104501,Capanema,PR,Paraná,Sudoeste Paranaense,Sul,Francisco Beltrão,Cascavel
4104600,Capitão Leônidas Marques,PR,Paraná,Oeste Paranaense,Sul,Cascavel,Cascavel
4104659,Carambeí,PR,Paraná,Centro Oriental Paranaense,Sul,Ponta Grossa,Ponta Grossa
4104709,Carlópolis,PR,Paraná,Norte Pioneiro Paranaense,Sul,Santo Antônio da Platina,Londrina
4104808,Cascavel,PR,Paraná,Oeste Paranaense,Sul,Cascavel,Cascavel
4104907,Castro,PR,Paraná,Centro Oriental Paranaense,Sul,Ponta Grossa,Ponta Grossa
4105003,Catanduvas,PR,Paraná,Oeste Paranaense,Sul,Cascavel,Cascavel
4105102,Centenário do Sul,PR,Paraná,Norte Central Paranaense,Sul,Londrina,Londrina
4105201,Cerro Azul,PR,Paraná,Metropolitana de Curitiba,Sul,Curitiba,Curitiba
4105300,Céu Azul,PR,Paraná,Oeste Paranaense,Sul,Cascavel,Cascavel
4105409,Chopinzinho,PR,Paraná,Sudoeste Paranaense,Sul,Pato Branco,Cascavel
4105508,Cianorte,PR,Paraná,Noroeste Paranaense,Sul,Cianorte,Maringá
4105607,Cidade Gaúcha,PR,Paraná,Noroeste Paranaense,Sul,Umuarama,Maringá
4105706,Clevelândia,PR,Paraná,Centro-Sul Paranaense,Sul,Pato Branco,Cascavel
4105805,Colombo,PR,Paraná,Metropolitana de Curitiba,Sul,Curitiba,Curitiba
4105904,Colorado,PR,Paraná,Norte Central Paranaense,Sul,Paranacity - Colorado,Maringá
4106001,Congonhinhas,PR,Paraná,Norte Pioneiro Paranaense,Sul,Cornélio Procópio ¿ Bandeirantes,Londrina
4106100,Conselheiro Mairinck,PR,Paraná,Norte Pioneiro Paranaense,Sul,Ibaiti,Londrina
4106209,Contenda,PR,Paraná,Metropolitana de Curitiba,Sul,Curitiba,Curitiba
4106308,Corbélia,PR,Paraná,Oeste Paranaense,Sul,Cascavel,Cascavel
4106407,Cornélio Procópio,PR,Paraná,Norte Pioneiro Paranaense,Sul,Cornélio Procópio ¿ Bandeirantes,Londrina
4106456,Coronel Domingos Soares,PR,Paraná,Centro-Sul Paranaense,Sul,Pato Branco,Cascavel
4106506,Coronel Vivida,PR,Paraná,Sudoeste Paranaense,Sul,Pato Branco,Cascavel
4106555,Corumbataí do Sul,PR,Paraná,Centro Ocidental Paranaense,Sul,Campo Mourão,Maringá
4106571,Cruzeiro do Iguaçu,PR,Paraná,Sudoeste Paranaense,Sul,Dois Vizinhos,Cascavel
4106605,Cruzeiro do Oeste,PR,Paraná,Noroeste Paranaense,Sul,Umuarama,Maringá
4106704,Cruzeiro do Sul,PR,Paraná,Noroeste Paranaense,Sul,Paranacity - Colorado,Maringá
4106803,Cruz Machado,PR,Paraná,Sudeste Paranaense,Sul,União da Vitória,Curitiba
4106852,Cruzmaltina,PR,Paraná,Norte Central Paranaense,Sul,Ivaiporã,Londrina
4106902,Curitiba,PR,Paraná,Metropolitana de Curitiba,Sul,Curitiba,Curitiba
4107009,Curiúva,PR,Paraná,Norte Pioneiro Paranaense,Sul,Telêmaco Borba,Ponta Grossa
4107108,Diamante do Norte,PR,Paraná,Noroeste Paranaense,Sul,Paranavaí,Maringá
4107124,Diamante do Sul,PR,Paraná,Oeste Paranaense,Sul,Cascavel,Cascavel
4107157,Diamante D'Oeste,PR,Paraná,Oeste Paranaense,Sul,Cascavel,Cascavel
4107207,Dois Vizinhos,PR,Paraná,Sudoeste Paranaense,Sul,Dois Vizinhos,Cascavel
4107256,Douradina,PR,Paraná,Noroeste Paranaense,Sul,Umuarama,Maringá
4107306,Doutor Camargo,PR,Paraná,Norte Central Paranaense,Sul,Maringá,Maringá
4107405,Enéas Marques,PR,Paraná,Sudoeste Paranaense,Sul,Francisco Beltrão,Cascavel
4107504,Engenheiro Beltrão,PR,Paraná,Centro Ocidental Paranaense,Sul,Campo Mourão,Maringá
4107520,Esperança Nova,PR,Paraná,Noroeste Paranaense,Sul,Umuarama,Maringá
4107538,Entre Rios do Oeste,PR,Paraná,Oeste Paranaense,Sul,Marechal Cândido Rondon,Cascavel
4107546,Espigão Alto do Iguaçu,PR,Paraná,Centro-Sul Paranaense,Sul,Laranjeiras do Sul - Quedas do Iguaçu,Cascavel
4107553,Farol,PR,Paraná,Centro Ocidental Paranaense,Sul,Campo Mourão,Maringá
4107603,Faxinal,PR,Paraná,Norte Central Paranaense,Sul,Ivaiporã,Londrina
4107652,Fazenda Rio Grande,PR,Paraná,Metropolitana de Curitiba,Sul,Curitiba,Curitiba
4107702,Fênix,PR,Paraná,Centro Ocidental Paranaense,Sul,Campo Mourão,Maringá
4107736,Fernandes Pinheiro,PR,Paraná,Sudeste Paranaense,Sul,Irati,Ponta Grossa
4107751,Figueira,PR,Paraná,Norte Pioneiro Paranaense,Sul,Ibaiti,Londrina
4107801,Floraí,PR,Paraná,Norte Central Paranaense,Sul,Maringá,Maringá
4107850,Flor da Serra do Sul,PR,Paraná,Sudoeste Paranaense,Sul,Francisco Beltrão,Cascavel
4107900,Floresta,PR,Paraná,Norte Central Paranaense,Sul,Maringá,Maringá
4108007,Florestópolis,PR,Paraná,Norte Central Paranaense,Sul,Londrina,Londrina
4108106,Flórida,PR,Paraná,Norte Central Paranaense,Sul,Maringá,Maringá
4108205,Formosa do Oeste,PR,Paraná,Oeste Paranaense,Sul,Toledo,Cascavel
4108304,Foz do Iguaçu,PR,Paraná,Oeste Paranaense,Sul,Foz do Iguaçu,Cascavel
4108320,Francisco Alves,PR,Paraná,Noroeste Paranaense,Sul,Umuarama,Maringá
4108403,Francisco Beltrão,PR,Paraná,Sudoeste Paranaense,Sul,Francisco Beltrão,Cascavel
4108452,Foz do Jordão,PR,Paraná,Centro-Sul Paranaense,Sul,Guarapuava,Guarapuava
4108502,General Carneiro,PR,Paraná,Sudeste Paranaense,Sul,União da Vitória,Curitiba
4108551,Godoy Moreira,PR,Paraná,Norte Central Paranaense,Sul,Ivaiporã,Londrina
4108601,Goioerê,PR,Paraná,Centro Ocidental Paranaense,Sul,Campo Mourão,Maringá
4108650,Goioxim,PR,Paraná,Centro-Sul Paranaense,Sul,Guarapuava,Guarapuava
4108700,Grandes Rios,PR,Paraná,Norte Central Paranaense,Sul,Ivaiporã,Londrina
4108809,Guaíra,PR,Paraná,Oeste Paranaense,Sul,Toledo,Cascavel
4108908,Guairaçá,PR,Paraná,Noroeste Paranaense,Sul,Paranavaí,Maringá
4108957,Guamiranga,PR,Paraná,Sudeste Paranaense,Sul,Guarapuava,Guarapuava
4109005,Guapirama,PR,Paraná,Norte Pioneiro Paranaense,Sul,Santo Antônio da Platina,Londrina
4109104,Guaporema,PR,Paraná,Noroeste Paranaense,Sul,Cianorte,Maringá
4109203,Guaraci,PR,Paraná,Norte Central Paranaense,Sul,Londrina,Londrina
4109302,Guaraniaçu,PR,Paraná,Oeste Paranaense,Sul,Cascavel,Cascavel
4109401,Guarapuava,PR,Paraná,Centro-Sul Paranaense,Sul,Guarapuava,Guarapuava
4109500,Guaraqueçaba,PR,Paraná,Metropolitana de Curitiba,Sul,Paranaguá,Curitiba
4109609,Guaratuba,PR,Paraná,Metropolitana de Curitiba,Sul,Paranaguá,Curitiba
4109658,Honório Serpa,PR,Paraná,Centro-Sul Paranaense,Sul,Pato Branco,Cascavel
4109708,Ibaiti,PR,Paraná,Norte Pioneiro Paranaense,Sul,Ibaiti,Londrina
4109757,Ibema,PR,Paraná,Oeste Paranaense,Sul,Cascavel,Cascavel
4109807,Ibiporã,PR,Paraná,Norte Central Paranaense,Sul,Londrina,Londrina
4109906,Icaraíma,PR,Paraná,Noroeste Paranaense,Sul,Umuarama,Maringá
4110003,Iguaraçu,PR,Paraná,Norte Central Paranaense,Sul,Maringá,Maringá
4110052,Iguatu,PR,Paraná,Oeste Paranaense,Sul,Cascavel,Cascavel
4110078,Imbaú,PR,Paraná,Centro Oriental Paranaense,Sul,Telêmaco Borba,Ponta Grossa
4110102,Imbituva,PR,Paraná,Sudeste Paranaense,Sul,Irati,Ponta Grossa
4110201,Inácio Martins,PR,Paraná,Centro-Sul Paranaense,Sul,Guarapuava,Guarapuava
4110300,Inajá,PR,Paraná,Noroeste Paranaense,Sul,Paranacity - Colorado,Maringá
4110409,Indianópolis,PR,Paraná,Noroeste Paranaense,Sul,Cianorte,Maringá
4110508,Ipiranga,PR,Paraná,Sudeste Paranaense,Sul,Ponta Grossa,Ponta Grossa
4110607,Iporã,PR,Paraná,Noroeste Paranaense,Sul,Umuarama,Maringá
4110656,Iracema do Oeste,PR,Paraná,Oeste Paranaense,Sul,Toledo,Cascavel
4110706,Irati,PR,Paraná,Sudeste Paranaense,Sul,Irati,Ponta Grossa
4110805,Iretama,PR,Paraná,Centro Ocidental Paranaense,Sul,Campo Mourão,Maringá
4110904,Itaguajé,PR,Paraná,Norte Central Paranaense,Sul,Paranacity - Colorado,Maringá
4110953,Itaipulândia,PR,Paraná,Oeste Paranaense,Sul,Foz do Iguaçu,Cascavel
4111001,Itambaracá,PR,Paraná,Norte Pioneiro Paranaense,Sul,Cornélio Procópio ¿ Bandeirantes,Londrina
4111100,Itambé,PR,Paraná,Norte Central Paranaense,Sul,Maringá,Maringá
4111209,Itapejara d'Oeste,PR,Paraná,Sudoeste Paranaense,Sul,Pato Branco,Cascavel
4111258,Itaperuçu,PR,Paraná,Metropolitana de Curitiba,Sul,Curitiba,Curitiba
4111308,Itaúna do Sul,PR,Paraná,Noroeste Paranaense,Sul,Paranavaí,Maringá
4111407,Ivaí,PR,Paraná,Sudeste Paranaense,Sul,Ponta Grossa,Ponta Grossa
4111506,Ivaiporã,PR,Paraná,Norte Central Paranaense,Sul,Ivaiporã,Londrina
4111555,Ivaté,PR,Paraná,Noroeste Paranaense,Sul,Umuarama,Maringá
4111605,Ivatuba,PR,Paraná,Norte Central Paranaense,Sul,Maringá,Maringá
4111704,Jaboti,PR,Paraná,Norte Pioneiro Paranaense,Sul,Ibaiti,Londrina
4111803,Jacarezinho,PR,Paraná,Norte Pioneiro Paranaense,Sul,Santo Antônio da Platina,Londrina
4111902,Jaguapitã,PR,Paraná,Norte Central Paranaense,Sul,Londrina,Londrina
4112009,Jaguariaíva,PR,Paraná,Centro Oriental Paranaense,Sul,Ponta Grossa,Ponta Grossa
4112108,Jandaia do Sul,PR,Paraná,Norte Central Paranaense,Sul,Apucarana,Londrina
4112207,Janiópolis,PR,Paraná,Centro Ocidental Paranaense,Sul,Campo Mourão,Maringá
4112306,Japira,PR,Paraná,Norte Pioneiro Paranaense,Sul,Ibaiti,Londrina
4112405,Japurá,PR,Paraná,Noroeste Paranaense,Sul,Cianorte,Maringá
4112504,Jardim Alegre,PR,Paraná,Norte Central Paranaense,Sul,Ivaiporã,Londrina
4112603,Jardim Olinda,PR,Paraná,Noroeste Paranaense,Sul,Paranacity - Colorado,Maringá
4112702,Jataizinho,PR,Paraná,Norte Pioneiro Paranaense,Sul,Londrina,Londrina
4112751,Jesuítas,PR,Paraná,Oeste Paranaense,Sul,Toledo,Cascavel
4112801,Joaquim Távora,PR,Paraná,Norte Pioneiro Paranaense,Sul,Santo Antônio da Platina,Londrina
4112900,Jundiaí do Sul,PR,Paraná,Norte Pioneiro Paranaense,Sul,Santo Antônio da Platina,Londrina
4112959,Juranda,PR,Paraná,Centro Ocidental Paranaense,Sul,Campo Mourão,Maringá
4113007,Jussara,PR,Paraná,Noroeste Paranaense,Sul,Cianorte,Maringá
4113106,Kaloré,PR,Paraná,Norte Central Paranaense,Sul,Apucarana,Londrina
4113205,Lapa,PR,Paraná,Metropolitana de Curitiba,Sul,Curitiba,Curitiba
4113254,Laranjal,PR,Paraná,Centro-Sul Paranaense,Sul,Pitanga,Guarapuava
4113304,Laranjeiras do Sul,PR,Paraná,Centro-Sul Paranaense,Sul,Laranjeiras do Sul - Quedas do Iguaçu,Cascavel
4113403,Leópolis,PR,Paraná,Norte Pioneiro Paranaense,Sul,Cornélio Procópio ¿ Bandeirantes,Londrina
4113429,Lidianópolis,PR,Paraná,Norte Central Paranaense,Sul,Ivaiporã,Londrina
4113452,Lindoeste,PR,Paraná,Oeste Paranaense,Sul,Cascavel,Cascavel
4113502,Loanda,PR,Paraná,Noroeste Paranaense,Sul,Loanda,Maringá
4113601,Lobato,PR,Paraná,Norte Central Paranaense,Sul,Paranacity - Colorado,Maringá
4113700,Londrina,PR,Paraná,Norte Central Paranaense,Sul,Londrina,Londrina
4113734,Luiziana,PR,Paraná,Centro Ocidental Paranaense,Sul,Campo Mourão,Maringá
4113759,Lunardelli,PR,Paraná,Norte Central Paranaense,Sul,Ivaiporã,Londrina
4113809,Lupionópolis,PR,Paraná,Norte Central Paranaense,Sul,Londrina,Londrina
4113908,Mallet,PR,Paraná,Sudeste Paranaense,Sul,Irati,Ponta Grossa
4114005,Mamborê,PR,Paraná,Centro Ocidental Paranaense,Sul,Campo Mourão,Maringá
4114104,Mandaguaçu,PR,Paraná,Norte Central Paranaense,Sul,Maringá,Maringá
4114203,Mandaguari,PR,Paraná,Norte Central Paranaense,Sul,Maringá,Maringá
4114302,Mandirituba,PR,Paraná,Metropolitana de Curitiba,Sul,Curitiba,Curitiba
4114351,Manfrinópolis,PR,Paraná,Sudoeste Paranaense,Sul,Francisco Beltrão,Cascavel
4114401,Mangueirinha,PR,Paraná,Centro-Sul Paranaense,Sul,Pato Branco,Cascavel
4114500,Manoel Ribas,PR,Paraná,Norte Central Paranaense,Sul,Ivaiporã,Londrina
4114609,Marechal Cândido Rondon,PR,Paraná,Oeste Paranaense,Sul,Marechal Cândido Rondon,Cascavel
4114708,Maria Helena,PR,Paraná,Noroeste Paranaense,Sul,Umuarama,Maringá
4114807,Marialva,PR,Paraná,Norte Central Paranaense,Sul,Maringá,Maringá
4114906,Marilândia do Sul,PR,Paraná,Norte Central Paranaense,Sul,Apucarana,Londrina
4115002,Marilena,PR,Paraná,Noroeste Paranaense,Sul,Paranavaí,Maringá
4115101,Mariluz,PR,Paraná,Noroeste Paranaense,Sul,Umuarama,Maringá
4115200,Maringá,PR,Paraná,Norte Central Paranaense,Sul,Maringá,Maringá
4115309,Mariópolis,PR,Paraná,Sudoeste Paranaense,Sul,Pato Branco,Cascavel
4115358,Maripá,PR,Paraná,Oeste Paranaense,Sul,Toledo,Cascavel
4115408,Marmeleiro,PR,Paraná,Sudoeste Paranaense,Sul,Francisco Beltrão,Cascavel
4115457,Marquinho,PR,Paraná,Centro-Sul Paranaense,Sul,Laranjeiras do Sul - Quedas do Iguaçu,Cascavel
4115507,Marumbi,PR,Paraná,Norte Central Paranaense,Sul,Apucarana,Londrina
4115606,Matelândia,PR,Paraná,Oeste Paranaense,Sul,Cascavel,Cascavel
4115705,Matinhos,PR,Paraná,Metropolitana de Curitiba,Sul,Paranaguá,Curitiba
4115739,Mato Rico,PR,Paraná,Centro-Sul Paranaense,Sul,Pitanga,Guarapuava
4115754,Mauá da Serra,PR,Paraná,Norte Central Paranaense,Sul,Apucarana,Londrina
4115804,Medianeira,PR,Paraná,Oeste Paranaense,Sul,Foz do Iguaçu,Cascavel
4115853,Mercedes,PR,Paraná,Oeste Paranaense,Sul,Marechal Cândido Rondon,Cascavel
4115903,Mirador,PR,Paraná,Noroeste Paranaense,Sul,Paranavaí,Maringá
4116000,Miraselva,PR,Paraná,Norte Central Paranaense,Sul,Londrina,Londrina
4116059,Missal,PR,Paraná,Oeste Paranaense,Sul,Foz do Iguaçu,Cascavel
4116109,Moreira Sales,PR,Paraná,Centro Ocidental Paranaense,Sul,Campo Mourão,Maringá
4116208,Morretes,PR,Paraná,Metropolitana de Curitiba,Sul,Paranaguá,Curitiba
4116307,Munhoz de Melo,PR,Paraná,Norte Central Paranaense,Sul,Maringá,Maringá
4116406,Nossa Senhora das Graças,PR,Paraná,Norte Central Paranaense,Sul,Paranacity - Colorado,Maringá
4116505,Nova Aliança do Ivaí,PR,Paraná,Noroeste Paranaense,Sul,Paranavaí,Maringá
4116604,Nova América da Colina,PR,Paraná,Norte Pioneiro Paranaense,Sul,Cornélio Procópio ¿ Bandeirantes,Londrina
4116703,Nova Aurora,PR,Paraná,Oeste Paranaense,Sul,Cascavel,Cascavel
4116802,Nova Cantu,PR,Paraná,Centro Ocidental Paranaense,Sul,Campo Mourão,Maringá
4116901,Nova Esperança,PR,Paraná,Norte Central Paranaense,Sul,Maringá,Maringá
4116950,Nova Esperança do Sudoeste,PR,Paraná,Sudoeste Paranaense,Sul,Francisco Beltrão,Cascavel
4117008,Nova Fátima,PR,Paraná,Norte Pioneiro Paranaense,Sul,Cornélio Procópio ¿ Bandeirantes,Londrina
4117057,Nova Laranjeiras,PR,Paraná,Centro-Sul Paranaense,Sul,Laranjeiras do Sul - Quedas do Iguaçu,Cascavel
4117107,Nova Londrina,PR,Paraná,Noroeste Paranaense,Sul,Paranavaí,Maringá
4117206,Nova Olímpia,PR,Paraná,Noroeste Paranaense,Sul,Umuarama,Maringá
4117214,Nova Santa Bárbara,PR,Paraná,Norte Pioneiro Paranaense,Sul,Cornélio Procópio ¿ Bandeirantes,Londrina
4117222,Nova Santa Rosa,PR,Paraná,Oeste Paranaense,Sul,Marechal Cândido Rondon,Cascavel
4117255,Nova Prata do Iguaçu,PR,Paraná,Sudoeste Paranaense,Sul,Dois Vizinhos,Cascavel
4117271,Nova Tebas,PR,Paraná,Norte Central Paranaense,Sul,Pitanga,Guarapuava
4117297,Novo Itacolomi,PR,Paraná,Norte Central Paranaense,Sul,Apucarana,Londrina
4117305,Ortigueira,PR,Paraná,Centro Oriental Paranaense,Sul,Telêmaco Borba,Ponta Grossa
4117404,Ourizona,PR,Paraná,Norte Central Paranaense,Sul,Maringá,Maringá
4117453,Ouro Verde do Oeste,PR,Paraná,Oeste Paranaense,Sul,Toledo,Cascavel
4117503,Paiçandu,PR,Paraná,Norte Central Paranaense,Sul,Maringá,Maringá
4117602,Palmas,PR,Paraná,Centro-Sul Paranaense,Sul,Pato Branco,Cascavel
4117701,Palmeira,PR,Paraná,Centro Oriental Paranaense,Sul,Ponta Grossa,Ponta Grossa
4117800,Palmital,PR,Paraná,Centro-Sul Paranaense,Sul,Pitanga,Guarapuava
4117909,Palotina,PR,Paraná,Oeste Paranaense,Sul,Toledo,Cascavel
4118006,Paraíso do Norte,PR,Paraná,Noroeste Paranaense,Sul,Paranavaí,Maringá
4118105,Paranacity,PR,Paraná,Noroeste Paranaense,Sul,Paranacity - Colorado,Maringá
4118204,Paranaguá,PR,Paraná,Metropolitana de Curitiba,Sul,Paranaguá,Curitiba
4118303,Paranapoema,PR,Paraná,Noroeste Paranaense,Sul,Paranacity - Colorado,Maringá
4118402,Paranavaí,PR,Paraná,Noroeste Paranaense,Sul,Paranavaí,Maringá
4118451,Pato Bragado,PR,Paraná,Oeste Paranaense,Sul,Marechal Cândido Rondon,Cascavel
4118501,Pato Branco,PR,Paraná,Sudoeste Paranaense,Sul,Pato Branco,Cascavel
4118600,Paula Freitas,PR,Paraná,Sudeste Paranaense,Sul,União da Vitória,Curitiba
4118709,Paulo Frontin,PR,Paraná,Sudeste Paranaense,Sul,União da Vitória,Curitiba
4118808,Peabiru,PR,Paraná,Centro Ocidental Paranaense,Sul,Campo Mourão,Maringá
4118857,Perobal,PR,Paraná,Noroeste Paranaense,Sul,Umuarama,Maringá
4118907,Pérola,PR,Paraná,Noroeste Paranaense,Sul,Umuarama,Maringá
4119004,Pérola d'Oeste,PR,Paraná,Sudoeste Paranaense,Sul,Francisco Beltrão,Cascavel
4119103,Piên,PR,Paraná,Metropolitana de Curitiba,Sul,Curitiba,Curitiba
4119152,Pinhais,PR,Paraná,Metropolitana de Curitiba,Sul,Curitiba,Curitiba
4119202,Pinhalão,PR,Paraná,Norte Pioneiro Paranaense,Sul,Ibaiti,Londrina
4119251,Pinhal de São Bento,PR,Paraná,Sudoeste Paranaense,Sul,Francisco Beltrão,Cascavel
4119301,Pinhão,PR,Paraná,Centro-Sul Paranaense,Sul,Guarapuava,Guarapuava
4119400,Piraí do Sul,PR,Paraná,Centro Oriental Paranaense,Sul,Ponta Grossa,Ponta Grossa
4119509,Piraquara,PR,Paraná,Metropolitana de Curitiba,Sul,Curitiba,Curitiba
4119608,Pitanga,PR,Paraná,Centro-Sul Paranaense,Sul,Pitanga,Guarapuava
4119657,Pitangueiras,PR,Paraná,Norte Central Paranaense,Sul,Londrina,Londrina
4119707,Planaltina do Paraná,PR,Paraná,Noroeste Paranaense,Sul,Paranavaí,Maringá
4119806,Planalto,PR,Paraná,Sudoeste Paranaense,Sul,Francisco Beltrão,Cascavel
4119905,Ponta Grossa,PR,Paraná,Centro Oriental Paranaense,Sul,Ponta Grossa,Ponta Grossa
4119954,Pontal do Paraná,PR,Paraná,Metropolitana de Curitiba,Sul,Paranaguá,Curitiba
4120002,Porecatu,PR,Paraná,Norte Central Paranaense,Sul,Londrina,Londrina
4120101,Porto Amazonas,PR,Paraná,Metropolitana de Curitiba,Sul,Ponta Grossa,Ponta Grossa
4120150,Porto Barreiro,PR,Paraná,Centro-Sul Paranaense,Sul,Laranjeiras do Sul - Quedas do Iguaçu,Cascavel
4120200,Porto Rico,PR,Paraná,Noroeste Paranaense,Sul,Loanda,Maringá
4120309,Porto Vitória,PR,Paraná,Sudeste Paranaense,Sul,União da Vitória,Curitiba
4120333,Prado Ferreira,PR,Paraná,Norte Central Paranaense,Sul,Londrina,Londrina
4120358,Pranchita,PR,Paraná,Sudoeste Paranaense,Sul,Francisco Beltrão,Cascavel
4120408,Presidente Castelo Branco,PR,Paraná,Norte Central Paranaense,Sul,Maringá,Maringá
4120507,Primeiro de Maio,PR,Paraná,Norte Central Paranaense,Sul,Londrina,Londrina
4120606,Prudentópolis,PR,Paraná,Sudeste Paranaense,Sul,Guarapuava,Guarapuava
4120655,Quarto Centenário,PR,Paraná,Centro Ocidental Paranaense,Sul,Campo Mourão,Maringá
4120705,Quatiguá,PR,Paraná,Norte Pioneiro Paranaense,Sul,Santo Antônio da Platina,Londrina
4120804,Quatro Barras,PR,Paraná,Metropolitana de Curitiba,Sul,Curitiba,Curitiba
4120853,Quatro Pontes,PR,Paraná,Oeste Paranaense,Sul,Marechal Cândido Rondon,Cascavel
4120903,Quedas do Iguaçu,PR,Paraná,Centro-Sul Paranaense,Sul,Laranjeiras do Sul - Quedas do Iguaçu,Cascavel
4121000,Querência do Norte,PR,Paraná,Noroeste Paranaense,Sul,Loanda,Maringá
4121109,Quinta do Sol,PR,Paraná,Centro Ocidental Paranaense,Sul,Campo Mourão,Maringá
4121208,Quitandinha,PR,Paraná,Metropolitana de Curitiba,Sul,Curitiba,Curitiba
4121257,Ramilândia,PR,Paraná,Oeste Paranaense,Sul,Cascavel,Cascavel
4121307,Rancho Alegre,PR,Paraná,Norte Pioneiro Paranaense,Sul,Cornélio Procópio ¿ Bandeirantes,Londrina
4121356,Rancho Alegre D'Oeste,PR,Paraná,Centro Ocidental Paranaense,Sul,Campo Mourão,Maringá
4121406,Realeza,PR,Paraná,Sudoeste Paranaense,Sul,Francisco Beltrão,Cascavel
4121505,Rebouças,PR,Paraná,Sudeste Paranaense,Sul,Irati,Ponta Grossa
4121604,Renascença,PR,Paraná,Sudoeste Paranaense,Sul,Francisco Beltrão,Cascavel
4121703,Reserva,PR,Paraná,Centro Oriental Paranaense,Sul,Telêmaco Borba,Ponta Grossa
4121752,Reserva do Iguaçu,PR,Paraná,Centro-Sul Paranaense,Sul,Guarapuava,Guarapuava
4121802,Ribeirão Claro,PR,Paraná,Norte Pioneiro Paranaense,Sul,Santo Antônio da Platina,Londrina
4121901,Ribeirão do Pinhal,PR,Paraná,Norte Pioneiro Paranaense,Sul,Santo Antônio da Platina,Londrina
4122008,Rio Azul,PR,Paraná,Sudeste Paranaense,Sul,Irati,Ponta Grossa
4122107,Rio Bom,PR,Paraná,Norte Central Paranaense,Sul,Apucarana,Londrina
4122156,Rio Bonito do Iguaçu,PR,Paraná,Centro-Sul Paranaense,Sul,Laranjeiras do Sul - Quedas do Iguaçu,Cascavel
4122172,Rio Branco do Ivaí,PR,Paraná,Norte Central Paranaense,Sul,Ivaiporã,Londrina
4122206,Rio Branco do Sul,PR,Paraná,Metropolitana de Curitiba,Sul,Curitiba,Curitiba
4122305,Rio Negro,PR,Paraná,Metropolitana de Curitiba,Sul,Curitiba,Curitiba
4122404,Rolândia,PR,Paraná,Norte Central Paranaense,Sul,Londrina,Londrina
4122503,Roncador,PR,Paraná,Centro Ocidental Paranaense,Sul,Campo Mourão,Maringá
4122602,Rondon,PR,Paraná,Noroeste Paranaense,Sul,Cianorte,Maringá
4122651,Rosário do Ivaí,PR,Paraná,Norte Central Paranaense,Sul,Ivaiporã,Londrina
4122701,Sabáudia,PR,Paraná,Norte Central Paranaense,Sul,Londrina,Londrina
4122800,Salgado Filho,PR,Paraná,Sudoeste Paranaense,Sul,Francisco Beltrão,Cascavel
4122909,Salto do Itararé,PR,Paraná,Norte Pioneiro Paranaense,Sul,Santo Antônio da Platina,Londrina
4123006,Salto do Lontra,PR,Paraná,Sudoeste Paranaense,Sul,Dois Vizinhos,Cascavel
4123105,Santa Amélia,PR,Paraná,Norte Pioneiro Paranaense,Sul,Cornélio Procópio ¿ Bandeirantes,Londrina
4123204,Santa Cecília do Pavão,PR,Paraná,Norte Pioneiro Paranaense,Sul,Cornélio Procópio ¿ Bandeirantes,Londrina
4123303,Santa Cruz de Monte Castelo,PR,Paraná,Noroeste Paranaense,Sul,Loanda,Maringá
4123402,Santa Fé,PR,Paraná,Norte Central Paranaense,Sul,Maringá,Maringá
4123501,Santa Helena,PR,Paraná,Oeste Paranaense,Sul,Toledo,Cascavel
4123600,Santa Inês,PR,Paraná,Norte Central Paranaense,Sul,Paranacity - Colorado,Maringá
4123709,Santa Isabel do Ivaí,PR,Paraná,Noroeste Paranaense,Sul,Loanda,Maringá
4123808,Santa Izabel do Oeste,PR,Paraná,Sudoeste Paranaense,Sul,Francisco Beltrão,Cascavel
4123824,Santa Lúcia,PR,Paraná,Oeste Paranaense,Sul,Cascavel,Cascavel
4123857,Santa Maria do Oeste,PR,Paraná,Centro-Sul Paranaense,Sul,Pitanga,Guarapuava
4123907,Santa Mariana,PR,Paraná,Norte Pioneiro Paranaense,Sul,Cornélio Procópio ¿ Bandeirantes,Londrina
4123956,Santa Mônica,PR,Paraná,Noroeste Paranaense,Sul,Loanda,Maringá
4124004,Santana do Itararé,PR,Paraná,Norte Pioneiro Paranaense,Sul,Santo Antônio da Platina,Londrina
4124020,Santa Tereza do Oeste,PR,Paraná,Oeste Paranaense,Sul,Cascavel,Cascavel
4124053,Santa Terezinha de Itaipu,PR,Paraná,Oeste Paranaense,Sul,Foz do Iguaçu,Cascavel
4124103,Santo Antônio da Platina,PR,Paraná,Norte Pioneiro Paranaense,Sul,Santo Antônio da Platina,Londrina
4124202,Santo Antônio do Caiuá,PR,Paraná,Noroeste Paranaense,Sul,Paranavaí,Maringá
4124301,Santo Antônio do Paraíso,PR,Paraná,Norte Pioneiro Paranaense,Sul,Cornélio Procópio ¿ Bandeirantes,Londrina
4124400,Santo Antônio do Sudoeste,PR,Paraná,Sudoeste Paranaense,Sul,Francisco Beltrão,Cascavel
4124509,Santo Inácio,PR,Paraná,Norte Central Paranaense,Sul,Paranacity - Colorado,Maringá
4124608,São Carlos do Ivaí,PR,Paraná,Noroeste Paranaense,Sul,Paranavaí,Maringá
4124707,São Jerônimo da Serra,PR,Paraná,Norte Pioneiro Paranaense,Sul,Cornélio Procópio ¿ Bandeirantes,Londrina
4124806,São João,PR,Paraná,Sudoeste Paranaense,Sul,Pato Branco,Cascavel
4124905,São João do Caiuá,PR,Paraná,Noroeste Paranaense,Sul,Paranavaí,Maringá
4125001,São João do Ivaí,PR,Paraná,Norte Central Paranaense,Sul,Ivaiporã,Londrina
4125100,São João do Triunfo,PR,Paraná,Sudeste Paranaense,Sul,Ponta Grossa,Ponta Grossa
4125209,São Jorge d'Oeste,PR,Paraná,Sudoeste Paranaense,Sul,Dois Vizinhos,Cascavel
4125308,São Jorge do Ivaí,PR,Paraná,Norte Central Paranaense,Sul,Maringá,Maringá
4125357,São Jorge do Patrocínio,PR,Paraná,Noroeste Paranaense,Sul,Umuarama,Maringá
4125407,São José da Boa Vista,PR,Paraná,Norte Pioneiro Paranaense,Sul,Santo Antônio da Platina,Londrina
4125456,São José das Palmeiras,PR,Paraná,Oeste Paranaense,Sul,Toledo,Cascavel
4125506,São José dos Pinhais,PR,Paraná,Metropolitana de Curitiba,Sul,Curitiba,Curitiba
4125555,São Manoel do Paraná,PR,Paraná,Noroeste Paranaense,Sul,Cianorte,Maringá
4125605,São Mateus do Sul,PR,Paraná,Sudeste Paranaense,Sul,União da Vitória,Curitiba
4125704,São Miguel do Iguaçu,PR,Paraná,Oeste Paranaense,Sul,Foz do Iguaçu,Cascavel
4125753,São Pedro do Iguaçu,PR,Paraná,Oeste Paranaense,Sul,Toledo,Cascavel
4125803,São Pedro do Ivaí,PR,Paraná,Norte Central Paranaense,Sul,Apucarana,Londrina
4125902,São Pedro do Paraná,PR,Paraná,Noroeste Paranaense,Sul,Loanda,Maringá
4126009,São Sebastião da Amoreira,PR,Paraná,Norte Pioneiro Paranaense,Sul,Cornélio Procópio ¿ Bandeirantes,Londrina
4126108,São Tomé,PR,Paraná,Noroeste Paranaense,Sul,Cianorte,Maringá
4126207,Sapopema,PR,Paraná,Norte Pioneiro Paranaense,Sul,Cornélio Procópio ¿ Bandeirantes,Londrina
4126256,Sarandi,PR,Paraná,Norte Central Paranaense,Sul,Maringá,Maringá
4126272,Saudade do Iguaçu,PR,Paraná,Sudoeste Paranaense,Sul,Pato Branco,Cascavel
4126306,Sengés,PR,Paraná,Centro Oriental Paranaense,Sul,Ponta Grossa,Ponta Grossa
4126355,Serranópolis do Iguaçu,PR,Paraná,Oeste Paranaense,Sul,Foz do Iguaçu,Cascavel
4126405,Sertaneja,PR,Paraná,Norte Pioneiro Paranaense,Sul,Cornélio Procópio ¿ Bandeirantes,Londrina
4126504,Sertanópolis,PR,Paraná,Norte Central Paranaense,Sul,Londrina,Londrina
4126603,Siqueira Campos,PR,Paraná,Norte Pioneiro Paranaense,Sul,Santo Antônio da Platina,Londrina
4126652,Sulina,PR,Paraná,Sudoeste Paranaense,Sul,Pato Branco,Cascavel
4126678,Tamarana,PR,Paraná,Norte Central Paranaense,Sul,Londrina,Londrina
4126702,Tamboara,PR,Paraná,Noroeste Paranaense,Sul,Paranavaí,Maringá
4126801,Tapejara,PR,Paraná,Noroeste Paranaense,Sul,Cianorte,Maringá
4126900,Tapira,PR,Paraná,Noroeste Paranaense,Sul,Umuarama,Maringá
4127007,Teixeira Soares,PR,Paraná,Sudeste Paranaense,Sul,Irati,Ponta Grossa
4127106,Telêmaco Borba,PR,Paraná,Centro Oriental Paranaense,Sul,Telêmaco Borba,Ponta Grossa
4127205,Terra Boa,PR,Paraná,Centro Ocidental Paranaense,Sul,Cianorte,Maringá
4127304,Terra Rica,PR,Paraná,Noroeste Paranaense,Sul,Paranavaí,Maringá
4127403,Terra Roxa,PR,Paraná,Oeste Paranaense,Sul,Toledo,Cascavel
4127502,Tibagi,PR,Paraná,Centro Oriental Paranaense,Sul,Telêmaco Borba,Ponta Grossa
4127601,Tijucas do Sul,PR,Paraná,Metropolitana de Curitiba,Sul,Curitiba,Curitiba
4127700,Toledo,PR,Paraná,Oeste Paranaense,Sul,Toledo,Cascavel
4127809,Tomazina,PR,Paraná,Norte Pioneiro Paranaense,Sul,Santo Antônio da Platina,Londrina
4127858,Três Barras do Paraná,PR,Paraná,Oeste Paranaense,Sul,Cascavel,Cascavel
4127882,Tunas do Paraná,PR,Paraná,Metropolitana de Curitiba,Sul,Curitiba,Curitiba
4127908,Tuneiras do Oeste,PR,Paraná,Noroeste Paranaense,Sul,Cianorte,Maringá
4127957,Tupãssi,PR,Paraná,Oeste Paranaense,Sul,Toledo,Cascavel
4127965,Turvo,PR,Paraná,Centro-Sul Paranaense,Sul,Guarapuava,Guarapuava
4128005,Ubiratã,PR,Paraná,Centro Ocidental Paranaense,Sul,Campo Mourão,Maringá
4128104,Umuarama,PR,Paraná,Noroeste Paranaense,Sul,Umuarama,Maringá
4128203,União da Vitória,PR,Paraná,Sudeste Paranaense,Sul,União da Vitória,Curitiba
4128302,Uniflor,PR,Paraná,Norte Central Paranaense,Sul,Maringá,Maringá
4128401,Uraí,PR,Paraná,Norte Pioneiro Paranaense,Sul,Cornélio Procópio ¿ Bandeirantes,Londrina
4128500,Wenceslau Braz,PR,Paraná,Norte Pioneiro Paranaense,Sul,Santo Antônio da Platina,Londrina
4128534,Ventania,PR,Paraná,Centro Oriental Paranaense,Sul,Telêmaco Borba,Ponta Grossa
4128559,Vera Cruz do Oeste,PR,Paraná,Oeste Paranaense,Sul,Cascavel,Cascavel
4128609,Verê,PR,Paraná,Sudoeste Paranaense,Sul,Francisco Beltrão,Cascavel
4128625,Alto Paraíso,PR,Paraná,Noroeste Paranaense,Sul,Umuarama,Maringá
4128633,Doutor Ulysses,PR,Paraná,Metropolitana de Curitiba,Sul,Curitiba,Curitiba
4128658,Virmond,PR,Paraná,Centro-Sul Paranaense,Sul,Laranjeiras do Sul - Quedas do Iguaçu,Cascavel
4128708,Vitorino,PR,Paraná,Sudoeste Paranaense,Sul,Pato Branco,Cascavel
4128807,Xambrê,PR,Paraná,Noroeste Paranaense,Sul,Umuarama,Maringá
2600054,Abreu e Lima,PE,Pernambuco,Metropolitana de Recife,Nordeste,Recife,Recife
2600104,Afogados da Ingazeira,PE,Pernambuco,Sertão Pernambucano,Nordeste,Afogados da Ingazeira,Serra Talhada
2600203,Afrânio,PE,Pernambuco,São Francisco Pernambucano,Nordeste,Petrolina,Petrolina
2600302,Agrestina,PE,Pernambuco,Agreste Pernambucano,Nordeste,Caruaru,Caruaru
2600401,Água Preta,PE,Pernambuco,Mata Pernambucana,Nordeste,Palmares,Recife
2600500,Águas Belas,PE,Pernambuco,Agreste Pernambucano,Nordeste,Garanhuns,Caruaru
2600609,Alagoinha,PE,Pernambuco,Agreste Pernambucano,Nordeste,Belo Jardim ¿ Pesqueira,Caruaru
2600708,Aliança,PE,Pernambuco,Mata Pernambucana,Nordeste,Goiana ¿ Timbaúba,Recife
2600807,Altinho,PE,Pernambuco,Agreste Pernambucano,Nordeste,Caruaru,Caruaru
2600906,Amaraji,PE,Pernambuco,Mata Pernambucana,Nordeste,Escada - Ribeirão,Recife
2601003,Angelim,PE,Pernambuco,Agreste Pernambucano,Nordeste,Garanhuns,Caruaru
2601052,Araçoiaba,PE,Pernambuco,Metropolitana de Recife,Nordeste,Recife,Recife
2601102,Araripina,PE,Pernambuco,Sertão Pernambucano,Nordeste,Araripina,Petrolina
2601201,Arcoverde,PE,Pernambuco,Sertão Pernambucano,Nordeste,Arcoverde,Caruaru
2601300,Barra de Guabiraba,PE,Pernambuco,Agreste Pernambucano,Nordeste,Caruaru,Caruaru
2601409,Barreiros,PE,Pernambuco,Mata Pernambucana,Nordeste,Barreiros - Sirinhaém,Recife
2601508,Belém de Maria,PE,Pernambuco,Mata Pernambucana,Nordeste,Palmares,Recife
2601607,Belém do São Francisco,PE,Pernambuco,São Francisco Pernambucano,Nordeste,Salgueiro,Petrolina
2601706,Belo Jardim,PE,Pernambuco,Agreste Pernambucano,Nordeste,Belo Jardim ¿ Pesqueira,Caruaru
2601805,Betânia,PE,Pernambuco,Sertão Pernambucano,Nordeste,Serra Talhada,Serra Talhada
2601904,Bezerros,PE,Pernambuco,Agreste Pernambucano,Nordeste,Caruaru,Caruaru
2602001,Bodocó,PE,Pernambuco,Sertão Pernambucano,Nordeste,Araripina,Petrolina
2602100,Bom Conselho,PE,Pernambuco,Agreste Pernambucano,Nordeste,Garanhuns,Caruaru
2602209,Bom Jardim,PE,Pernambuco,Agreste Pernambucano,Nordeste,Limoeiro,Recife
2602308,Bonito,PE,Pernambuco,Agreste Pernambucano,Nordeste,Caruaru,Caruaru
2602407,Brejão,PE,Pernambuco,Agreste Pernambucano,Nordeste,Garanhuns,Caruaru
2602506,Brejinho,PE,Pernambuco,Sertão Pernambucano,Nordeste,Afogados da Ingazeira,Serra Talhada
2602605,Brejo da Madre de Deus,PE,Pernambuco,Agreste Pernambucano,Nordeste,Caruaru,Caruaru
2602704,Buenos Aires,PE,Pernambuco,Mata Pernambucana,Nordeste,Carpina,Recife
2602803,Buíque,PE,Pernambuco,Agreste Pernambucano,Nordeste,Arcoverde,Caruaru
2602902,Cabo de Santo Agostinho,PE,Pernambuco,Metropolitana de Recife,Nordeste,Recife,Recife
2603009,Cabrobó,PE,Pernambuco,São Francisco Pernambucano,Nordeste,Salgueiro,Petrolina
2603108,Cachoeirinha,PE,Pernambuco,Agreste Pernambucano,Nordeste,Caruaru,Caruaru
2603207,Caetés,PE,Pernambuco,Agreste Pernambucano,Nordeste,Garanhuns,Caruaru
2603306,Calçado,PE,Pernambuco,Agreste Pernambucano,Nordeste,Garanhuns,Caruaru
2603405,Calumbi,PE,Pernambuco,Sertão Pernambucano,Nordeste,Serra Talhada,Serra Talhada
2603454,Camaragibe,PE,Pernambuco,Metropolitana de Recife,Nordeste,Recife,Recife
2603504,Camocim de São Félix,PE,Pernambuco,Agreste Pernambucano,Nordeste,Caruaru,Caruaru
2603603,Camutanga,PE,Pernambuco,Mata Pernambucana,Nordeste,Goiana ¿ Timbaúba,Recife
2603702,Canhotinho,PE,Pernambuco,Agreste Pernambucano,Nordeste,Garanhuns,Caruaru
2603801,Capoeiras,PE,Pernambuco,Agreste Pernambucano,Nordeste,Garanhuns,Caruaru
2603900,Carnaíba,PE,Pernambuco,Sertão Pernambucano,Nordeste,Afogados da Ingazeira,Serra Talhada
2603926,Carnaubeira da Penha,PE,Pernambuco,São Francisco Pernambucano,Nordeste,Serra Talhada,Serra Talhada
2604007,Carpina,PE,Pernambuco,Mata Pernambucana,Nordeste,Carpina,Recife
2604106,Caruaru,PE,Pernambuco,Agreste Pernambucano,Nordeste,Caruaru,Caruaru
2604155,Casinhas,PE,Pernambuco,Agreste Pernambucano,Nordeste,Surubim,Recife
2604205,Catende,PE,Pernambuco,Mata Pernambucana,Nordeste,Palmares,Recife
2604304,Cedro,PE,Pernambuco,Sertão Pernambucano,Nordeste,Salgueiro,Petrolina
2604403,Chã de Alegria,PE,Pernambuco,Mata Pernambucana,Nordeste,Vitória de Santo Antão,Recife
2604502,Chã Grande,PE,Pernambuco,Mata Pernambucana,Nordeste,Caruaru,Caruaru
2604601,Condado,PE,Pernambuco,Mata Pernambucana,Nordeste,Goiana ¿ Timbaúba,Recife
2604700,Correntes,PE,Pernambuco,Agreste Pernambucano,Nordeste,Garanhuns,Caruaru
2604809,Cortês,PE,Pernambuco,Mata Pernambucana,Nordeste,Escada - Ribeirão,Recife
2604908,Cumaru,PE,Pernambuco,Agreste Pernambucano,Nordeste,Caruaru,Caruaru
2605004,Cupira,PE,Pernambuco,Agreste Pernambucano,Nordeste,Caruaru,Caruaru
2605103,Custódia,PE,Pernambuco,Sertão Pernambucano,Nordeste,Arcoverde,Caruaru
2605152,Dormentes,PE,Pernambuco,São Francisco Pernambucano,Nordeste,Petrolina,Petrolina
2605202,Escada,PE,Pernambuco,Mata Pernambucana,Nordeste,Escada - Ribeirão,Recife
2605301,Exu,PE,Pernambuco,Sertão Pernambucano,Nordeste,Araripina,Petrolina
2605400,Feira Nova,PE,Pernambuco,Agreste Pernambucano,Nordeste,Limoeiro,Recife
2605459,Fernando de Noronha,PE,Pernambuco,Metropolitana de Recife,Nordeste,Recife,Recife
2605509,Ferreiros,PE,Pernambuco,Mata Pernambucana,Nordeste,Goiana ¿ Timbaúba,Recife
2605608,Flores,PE,Pernambuco,Sertão Pernambucano,Nordeste,Serra Talhada,Serra Talhada
2605707,Floresta,PE,Pernambuco,São Francisco Pernambucano,Nordeste,Serra Talhada,Serra Talhada
2605806,Frei Miguelinho,PE,Pernambuco,Agreste Pernambucano,Nordeste,Surubim,Recife
2605905,Gameleira,PE,Pernambuco,Mata Pernambucana,Nordeste,Palmares,Recife
2606002,Garanhuns,PE,Pernambuco,Agreste Pernambucano,Nordeste,Garanhuns,Caruaru
2606101,Glória do Goitá,PE,Pernambuco,Mata Pernambucana,Nordeste,Vitória de Santo Antão,Recife
2606200,Goiana,PE,Pernambuco,Mata Pernambucana,Nordeste,Goiana ¿ Timbaúba,Recife
2606309,Granito,PE,Pernambuco,Sertão Pernambucano,Nordeste,Araripina,Petrolina
2606408,Gravatá,PE,Pernambuco,Agreste Pernambucano,Nordeste,Caruaru,Caruaru
2606507,Iati,PE,Pernambuco,Agreste Pernambucano,Nordeste,Garanhuns,Caruaru
2606606,Ibimirim,PE,Pernambuco,Sertão Pernambucano,Nordeste,Arcoverde,Caruaru
2606705,Ibirajuba,PE,Pernambuco,Agreste Pernambucano,Nordeste,Caruaru,Caruaru
2606804,Igarassu,PE,Pernambuco,Metropolitana de Recife,Nordeste,Recife,Recife
2606903,Iguaracy,PE,Pernambuco,Sertão Pernambucano,Nordeste,Afogados da Ingazeira,Serra Talhada
2607000,Inajá,PE,Pernambuco,Sertão Pernambucano,Nordeste,Arcoverde,Caruaru
2607109,Ingazeira,PE,Pernambuco,Sertão Pernambucano,Nordeste,Afogados da Ingazeira,Serra Talhada
2607208,Ipojuca,PE,Pernambuco,Metropolitana de Recife,Nordeste,Recife,Recife
2607307,Ipubi,PE,Pernambuco,Sertão Pernambucano,Nordeste,Araripina,Petrolina
2607406,Itacuruba,PE,Pernambuco,São Francisco Pernambucano,Nordeste,Salgueiro,Petrolina
2607505,Itaíba,PE,Pernambuco,Agreste Pernambucano,Nordeste,Arcoverde,Caruaru
2607604,Ilha de Itamaracá,PE,Pernambuco,Metropolitana de Recife,Nordeste,Recife,Recife
2607653,Itambé,PE,Pernambuco,Mata Pernambucana,Nordeste,Goiana ¿ Timbaúba,Recife
2607703,Itapetim,PE,Pernambuco,Sertão Pernambucano,Nordeste,Afogados da Ingazeira,Serra Talhada
2607752,Itapissuma,PE,Pernambuco,Metropolitana de Recife,Nordeste,Recife,Recife
2607802,Itaquitinga,PE,Pernambuco,Mata Pernambucana,Nordeste,Goiana ¿ Timbaúba,Recife
2607901,Jaboatão dos Guararapes,PE,Pernambuco,Metropolitana de Recife,Nordeste,Recife,Recife
2607950,Jaqueira,PE,Pernambuco,Mata Pernambucana,Nordeste,Palmares,Recife
2608008,Jataúba,PE,Pernambuco,Agreste Pernambucano,Nordeste,Caruaru,Caruaru
2608057,Jatobá,PE,Pernambuco,São Francisco Pernambucano,Nordeste,Serra Talhada,Serra Talhada
2608107,João Alfredo,PE,Pernambuco,Agreste Pernambucano,Nordeste,Limoeiro,Recife
2608206,Joaquim Nabuco,PE,Pernambuco,Mata Pernambucana,Nordeste,Palmares,Recife
2608255,Jucati,PE,Pernambuco,Agreste Pernambucano,Nordeste,Garanhuns,Caruaru
2608305,Jupi,PE,Pernambuco,Agreste Pernambucano,Nordeste,Garanhuns,Caruaru
2608404,Jurema,PE,Pernambuco,Agreste Pernambucano,Nordeste,Garanhuns,Caruaru
2608453,Lagoa do Carro,PE,Pernambuco,Mata Pernambucana,Nordeste,Carpina,Recife
2608503,Lagoa de Itaenga,PE,Pernambuco,Mata Pernambucana,Nordeste,Carpina,Recife
2608602,Lagoa do Ouro,PE,Pernambuco,Agreste Pernambucano,Nordeste,Garanhuns,Caruaru
2608701,Lagoa dos Gatos,PE,Pernambuco,Agreste Pernambucano,Nordeste,Caruaru,Caruaru
2608750,Lagoa Grande,PE,Pernambuco,São Francisco Pernambucano,Nordeste,Petrolina,Petrolina
2608800,Lajedo,PE,Pernambuco,Agreste Pernambucano,Nordeste,Garanhuns,Caruaru
2608909,Limoeiro,PE,Pernambuco,Agreste Pernambucano,Nordeste,Limoeiro,Recife
2609006,Macaparana,PE,Pernambuco,Mata Pernambucana,Nordeste,Goiana ¿ Timbaúba,Recife
2609105,Machados,PE,Pernambuco,Agreste Pernambucano,Nordeste,Limoeiro,Recife
2609154,Manari,PE,Pernambuco,Sertão Pernambucano,Nordeste,Arcoverde,Caruaru
2609204,Maraial,PE,Pernambuco,Mata Pernambucana,Nordeste,Palmares,Recife
2609303,Mirandiba,PE,Pernambuco,Sertão Pernambucano,Nordeste,Serra Talhada,Serra Talhada
2609402,Moreno,PE,Pernambuco,Metropolitana de Recife,Nordeste,Recife,Recife
2609501,Nazaré da Mata,PE,Pernambuco,Mata Pernambucana,Nordeste,Carpina,Recife
2609600,Olinda,PE,Pernambuco,Metropolitana de Recife,Nordeste,Recife,Recife
2609709,Orobó,PE,Pernambuco,Agreste Pernambucano,Nordeste,Limoeiro,Recife
2609808,Orocó,PE,Pernambuco,São Francisco Pernambucano,Nordeste,Petrolina,Petrolina
2609907,Ouricuri,PE,Pernambuco,Sertão Pernambucano,Nordeste,Araripina,Petrolina
2610004,Palmares,PE,Pernambuco,Mata Pernambucana,Nordeste,Palmares,Recife
2610103,Palmeirina,PE,Pernambuco,Agreste Pernambucano,Nordeste,Garanhuns,Caruaru
2610202,Panelas,PE,Pernambuco,Agreste Pernambucano,Nordeste,Caruaru,Caruaru
2610301,Paranatama,PE,Pernambuco,Agreste Pernambucano,Nordeste,Garanhuns,Caruaru
2610400,Parnamirim,PE,Pernambuco,Sertão Pernambucano,Nordeste,Salgueiro,Petrolina
2610509,Passira,PE,Pernambuco,Agreste Pernambucano,Nordeste,Limoeiro,Recife
2610608,Paudalho,PE,Pernambuco,Mata Pernambucana,Nordeste,Recife,Recife
2610707,Paulista,PE,Pernambuco,Metropolitana de Recife,Nordeste,Recife,Recife
2610806,Pedra,PE,Pernambuco,Agreste Pernambucano,Nordeste,Arcoverde,Caruaru
2610905,Pesqueira,PE,Pernambuco,Agreste Pernambucano,Nordeste,Belo Jardim ¿ Pesqueira,Caruaru
2611002,Petrolândia,PE,Pernambuco,São Francisco Pernambucano,Nordeste,Serra Talhada,Serra Talhada
2611101,Petrolina,PE,Pernambuco,São Francisco Pernambucano,Nordeste,Petrolina,Petrolina
2611200,Poção,PE,Pernambuco,Agreste Pernambucano,Nordeste,Belo Jardim ¿ Pesqueira,Caruaru
2611309,Pombos,PE,Pernambuco,Mata Pernambucana,Nordeste,Vitória de Santo Antão,Recife
2611408,Primavera,PE,Pernambuco,Mata Pernambucana,Nordeste,Escada - Ribeirão,Recife
2611507,Quipapá,PE,Pernambuco,Mata Pernambucana,Nordeste,Garanhuns,Caruaru
2611533,Quixaba,PE,Pernambuco,Sertão Pernambucano,Nordeste,Afogados da Ingazeira,Serra Talhada
2611606,Recife,PE,Pernambuco,Metropolitana de Recife,Nordeste,Recife,Recife
2611705,Riacho das Almas,PE,Pernambuco,Agreste Pernambucano,Nordeste,Caruaru,Caruaru
2611804,Ribeirão,PE,Pernambuco,Mata Pernambucana,Nordeste,Escada - Ribeirão,Recife
2611903,Rio Formoso,PE,Pernambuco,Mata Pernambucana,Nordeste,Barreiros - Sirinhaém,Recife
2612000,Sairé,PE,Pernambuco,Agreste Pernambucano,Nordeste,Caruaru,Caruaru
2612109,Salgadinho,PE,Pernambuco,Agreste Pernambucano,Nordeste,Limoeiro,Recife
2612208,Salgueiro,PE,Pernambuco,Sertão Pernambucano,Nordeste,Salgueiro,Petrolina
2612307,Saloá,PE,Pernambuco,Agreste Pernambucano,Nordeste,Garanhuns,Caruaru
2612406,Sanharó,PE,Pernambuco,Agreste Pernambucano,Nordeste,Belo Jardim ¿ Pesqueira,Caruaru
2612455,Santa Cruz,PE,Pernambuco,Sertão Pernambucano,Nordeste,Araripina,Petrolina
2612471,Santa Cruz da Baixa Verde,PE,Pernambuco,Sertão Pernambucano,Nordeste,Serra Talhada,Serra Talhada
2612505,Santa Cruz do Capibaribe,PE,Pernambuco,Agreste Pernambucano,Nordeste,Caruaru,Caruaru
2612554,Santa Filomena,PE,Pernambuco,Sertão Pernambucano,Nordeste,Araripina,Petrolina
2612604,Santa Maria da Boa Vista,PE,Pernambuco,São Francisco Pernambucano,Nordeste,Petrolina,Petrolina
2612703,Santa Maria do Cambucá,PE,Pernambuco,Agreste Pernambucano,Nordeste,Surubim,Recife
2612802,Santa Terezinha,PE,Pernambuco,Sertão Pernambucano,Nordeste,Afogados da Ingazeira,Serra Talhada
2612901,São Benedito do Sul,PE,Pernambuco,Mata Pernambucana,Nordeste,Palmares,Recife
2613008,São Bento do Una,PE,Pernambuco,Agreste Pernambucano,Nordeste,Belo Jardim ¿ Pesqueira,Caruaru
2613107,São Caitano,PE,Pernambuco,Agreste Pernambucano,Nordeste,Caruaru,Caruaru
2613206,São João,PE,Pernambuco,Agreste Pernambucano,Nordeste,Garanhuns,Caruaru
2613305,São Joaquim do Monte,PE,Pernambuco,Agreste Pernambucano,Nordeste,Caruaru,Caruaru
2613404,São José da Coroa Grande,PE,Pernambuco,Mata Pernambucana,Nordeste,Barreiros - Sirinhaém,Recife
2613503,São José do Belmonte,PE,Pernambuco,Sertão Pernambucano,Nordeste,Serra Talhada,Serra Talhada
2613602,São José do Egito,PE,Pernambuco,Sertão Pernambucano,Nordeste,Afogados da Ingazeira,Serra Talhada
2613701,São Lourenço da Mata,PE,Pernambuco,Metropolitana de Recife,Nordeste,Recife,Recife
2613800,São Vicente Férrer,PE,Pernambuco,Agreste Pernambucano,Nordeste,Goiana ¿ Timbaúba,Recife
2613909,Serra Talhada,PE,Pernambuco,Sertão Pernambucano,Nordeste,Serra Talhada,Serra Talhada
2614006,Serrita,PE,Pernambuco,Sertão Pernambucano,Nordeste,Salgueiro,Petrolina
2614105,Sertânia,PE,Pernambuco,Sertão Pernambucano,Nordeste,Arcoverde,Caruaru
2614204,Sirinhaém,PE,Pernambuco,Mata Pernambucana,Nordeste,Barreiros - Sirinhaém,Recife
2614303,Moreilândia,PE,Pernambuco,Sertão Pernambucano,Nordeste,Araripina,Petrolina
2614402,Solidão,PE,Pernambuco,Sertão Pernambucano,Nordeste,Afogados da Ingazeira,Serra Talhada
2614501,Surubim,PE,Pernambuco,Agreste Pernambucano,Nordeste,Surubim,Recife
2614600,Tabira,PE,Pernambuco,Sertão Pernambucano,Nordeste,Afogados da Ingazeira,Serra Talhada
2614709,Tacaimbó,PE,Pernambuco,Agreste Pernambucano,Nordeste,Belo Jardim ¿ Pesqueira,Caruaru
2614808,Tacaratu,PE,Pernambuco,São Francisco Pernambucano,Nordeste,Serra Talhada,Serra Talhada
2614857,Tamandaré,PE,Pernambuco,Mata Pernambucana,Nordeste,Barreiros - Sirinhaém,Recife
2615003,Taquaritinga do Norte,PE,Pernambuco,Agreste Pernambucano,Nordeste,Caruaru,Caruaru
2615102,Terezinha,PE,Pernambuco,Agreste Pernambucano,Nordeste,Garanhuns,Caruaru
2615201,Terra Nova,PE,Pernambuco,São Francisco Pernambucano,Nordeste,Salgueiro,Petrolina
2615300,Timbaúba,PE,Pernambuco,Mata Pernambucana,Nordeste,Goiana ¿ Timbaúba,Recife
2615409,Toritama,PE,Pernambuco,Agreste Pernambucano,Nordeste,Caruaru,Caruaru
2615508,Tracunhaém,PE,Pernambuco,Mata Pernambucana,Nordeste,Carpina,Recife
2615607,Trindade,PE,Pernambuco,Sertão Pernambucano,Nordeste,Araripina,Petrolina
2615706,Triunfo,PE,Pernambuco,Sertão Pernambucano,Nordeste,Serra Talhada,Serra Talhada
2615805,Tupanatinga,PE,Pernambuco,Agreste Pernambucano,Nordeste,Arcoverde,Caruaru
2615904,Tuparetama,PE,Pernambuco,Sertão Pernambucano,Nordeste,Afogados da Ingazeira,Serra Talhada
2616001,Venturosa,PE,Pernambuco,Agreste Pernambucano,Nordeste,Arcoverde,Caruaru
2616100,Verdejante,PE,Pernambuco,Sertão Pernambucano,Nordeste,Salgueiro,Petrolina
2616183,Vertente do Lério,PE,Pernambuco,Agreste Pernambucano,Nordeste,Surubim,Recife
2616209,Vertentes,PE,Pernambuco,Agreste Pernambucano,Nordeste,Surubim,Recife
2616308,Vicência,PE,Pernambuco,Mata Pernambucana,Nordeste,Goiana ¿ Timbaúba,Recife
2616407,Vitória de Santo Antão,PE,Pernambuco,Mata Pernambucana,Nordeste,Vitória de Santo Antão,Recife
2616506,Xexéu,PE,Pernambuco,Mata Pernambucana,Nordeste,Palmares,Recife
2200053,Acauã,PI,Piauí,Sudeste Piauiense,Nordeste,Paulistana,Picos
2200103,Agricolândia,PI,Piauí,Centro-Norte Piauiense,Nordeste,Amarante - Água Branca - Regeneração,Teresina
2200202,Água Branca,PI,Piauí,Centro-Norte Piauiense,Nordeste,Amarante - Água Branca - Regeneração,Teresina
2200251,Alagoinha do Piauí,PI,Piauí,Sudeste Piauiense,Nordeste,Picos,Picos
2200277,Alegrete do Piauí,PI,Piauí,Sudeste Piauiense,Nordeste,Picos,Picos
2200301,Alto Longá,PI,Piauí,Centro-Norte Piauiense,Nordeste,Teresina,Teresina
2200400,Altos,PI,Piauí,Centro-Norte Piauiense,Nordeste,Teresina,Teresina
2200459,Alvorada do Gurguéia,PI,Piauí,Sudoeste Piauiense,Nordeste,Bom Jesus,Corrente - Bom Jesus
2200509,Amarante,PI,Piauí,Centro-Norte Piauiense,Nordeste,Amarante - Água Branca - Regeneração,Teresina
2200608,Angical do Piauí,PI,Piauí,Centro-Norte Piauiense,Nordeste,Amarante - Água Branca - Regeneração,Teresina
2200707,Anísio de Abreu,PI,Piauí,Sudoeste Piauiense,Nordeste,São Raimundo Nonato,São Raimundo Nonato
2200806,Antônio Almeida,PI,Piauí,Sudoeste Piauiense,Nordeste,Uruçuí,Floriano
2200905,Aroazes,PI,Piauí,Centro-Norte Piauiense,Nordeste,Valença do Piauí,Teresina
2200954,Aroeiras do Itaim,PI,Piauí,Sudeste Piauiense,Nordeste,Picos,Picos
2201002,Arraial,PI,Piauí,Centro-Norte Piauiense,Nordeste,Floriano,Floriano
2201051,Assunção do Piauí,PI,Piauí,Centro-Norte Piauiense,Nordeste,Campo Maior,Teresina
2201101,Avelino Lopes,PI,Piauí,Sudoeste Piauiense,Nordeste,Corrente,Corrente - Bom Jesus
2201150,Baixa Grande do Ribeiro,PI,Piauí,Sudoeste Piauiense,Nordeste,Uruçuí,Floriano
2201176,Barra D'Alcântara,PI,Piauí,Centro-Norte Piauiense,Nordeste,Valença do Piauí,Teresina
2201200,Barras,PI,Piauí,Norte Piauiense,Nordeste,Barras,Teresina
2201309,Barreiras do Piauí,PI,Piauí,Sudoeste Piauiense,Nordeste,Corrente,Corrente - Bom Jesus
2201408,Barro Duro,PI,Piauí,Centro-Norte Piauiense,Nordeste,Amarante - Água Branca - Regeneração,Teresina
2201507,Batalha,PI,Piauí,Norte Piauiense,Nordeste,Esperantina,Parnaíba
2201556,Bela Vista do Piauí,PI,Piauí,Sudeste Piauiense,Nordeste,Simplício Mendes,Picos
2201572,Belém do Piauí,PI,Piauí,Sudeste Piauiense,Nordeste,Picos,Picos
2201606,Beneditinos,PI,Piauí,Centro-Norte Piauiense,Nordeste,Teresina,Teresina
2201705,Bertolínia,PI,Piauí,Sudoeste Piauiense,Nordeste,Uruçuí,Floriano
2201739,Betânia do Piauí,PI,Piauí,Sudeste Piauiense,Nordeste,Paulistana,Picos
2201770,Boa Hora,PI,Piauí,Norte Piauiense,Nordeste,Barras,Teresina
2201804,Bocaina,PI,Piauí,Sudeste Piauiense,Nordeste,Picos,Picos
2201903,Bom Jesus,PI,Piauí,Sudoeste Piauiense,Nordeste,Bom Jesus,Corrente - Bom Jesus
2201919,Bom Princípio do Piauí,PI,Piauí,Norte Piauiense,Nordeste,Parnaíba,Parnaíba
2201929,Bonfim do Piauí,PI,Piauí,Sudoeste Piauiense,Nordeste,São Raimundo Nonato,São Raimundo Nonato
2201945,Boqueirão do Piauí,PI,Piauí,Centro-Norte Piauiense,Nordeste,Campo Maior,Teresina
2201960,Brasileira,PI,Piauí,Norte Piauiense,Nordeste,Piripiri,Parnaíba
2201988,Brejo do Piauí,PI,Piauí,Sudoeste Piauiense,Nordeste,Canto do Buriti,Floriano
2202000,Buriti dos Lopes,PI,Piauí,Norte Piauiense,Nordeste,Parnaíba,Parnaíba
2202026,Buriti dos Montes,PI,Piauí,Centro-Norte Piauiense,Nordeste,Campo Maior,Teresina
2202059,Cabeceiras do Piauí,PI,Piauí,Norte Piauiense,Nordeste,Barras,Teresina
2202075,Cajazeiras do Piauí,PI,Piauí,Sudeste Piauiense,Nordeste,Oeiras,Picos
2202083,Cajueiro da Praia,PI,Piauí,Norte Piauiense,Nordeste,Parnaíba,Parnaíba
2202091,Caldeirão Grande do Piauí,PI,Piauí,Sudeste Piauiense,Nordeste,Picos,Picos
2202109,Campinas do Piauí,PI,Piauí,Sudeste Piauiense,Nordeste,Simplício Mendes,Picos
2202117,Campo Alegre do Fidalgo,PI,Piauí,Sudeste Piauiense,Nordeste,São João do Piauí,São Raimundo Nonato
2202133,Campo Grande do Piauí,PI,Piauí,Sudeste Piauiense,Nordeste,Picos,Picos
2202174,Campo Largo do Piauí,PI,Piauí,Norte Piauiense,Nordeste,Barras,Teresina
2202208,Campo Maior,PI,Piauí,Centro-Norte Piauiense,Nordeste,Campo Maior,Teresina
2202251,Canavieira,PI,Piauí,Sudoeste Piauiense,Nordeste,Floriano,Floriano
2202307,Canto do Buriti,PI,Piauí,Sudoeste Piauiense,Nordeste,Canto do Buriti,Floriano
2202406,Capitão de Campos,PI,Piauí,Centro-Norte Piauiense,Nordeste,Piripiri,Parnaíba
2202455,Capitão Gervásio Oliveira,PI,Piauí,Sudeste Piauiense,Nordeste,São João do Piauí,São Raimundo Nonato
2202505,Caracol,PI,Piauí,Sudoeste Piauiense,Nordeste,São Raimundo Nonato,São Raimundo Nonato
2202539,Caraúbas do Piauí,PI,Piauí,Norte Piauiense,Nordeste,Parnaíba,Parnaíba
2202554,Caridade do Piauí,PI,Piauí,Sudeste Piauiense,Nordeste,Paulistana,Picos
2202604,Castelo do Piauí,PI,Piauí,Centro-Norte Piauiense,Nordeste,Campo Maior,Teresina
2202653,Caxingó,PI,Piauí,Norte Piauiense,Nordeste,Parnaíba,Parnaíba
2202703,Cocal,PI,Piauí,Norte Piauiense,Nordeste,Parnaíba,Parnaíba
2202711,Cocal de Telha,PI,Piauí,Centro-Norte Piauiense,Nordeste,Campo Maior,Teresina
2202729,Cocal dos Alves,PI,Piauí,Norte Piauiense,Nordeste,Parnaíba,Parnaíba
2202737,Coivaras,PI,Piauí,Centro-Norte Piauiense,Nordeste,Teresina,Teresina
2202752,Colônia do Gurguéia,PI,Piauí,Sudoeste Piauiense,Nordeste,Bom Jesus,Corrente - Bom Jesus
2202778,Colônia do Piauí,PI,Piauí,Sudeste Piauiense,Nordeste,Oeiras,Picos
2202802,Conceição do Canindé,PI,Piauí,Sudeste Piauiense,Nordeste,Simplício Mendes,Picos
2202851,Coronel José Dias,PI,Piauí,Sudoeste Piauiense,Nordeste,São Raimundo Nonato,São Raimundo Nonato
2202901,Corrente,PI,Piauí,Sudoeste Piauiense,Nordeste,Corrente,Corrente - Bom Jesus
2203008,Cristalândia do Piauí,PI,Piauí,Sudoeste Piauiense,Nordeste,Corrente,Corrente - Bom Jesus
2203107,Cristino Castro,PI,Piauí,Sudoeste Piauiense,Nordeste,Bom Jesus,Corrente - Bom Jesus
2203206,Curimatá,PI,Piauí,Sudoeste Piauiense,Nordeste,Corrente,Corrente - Bom Jesus
2203230,Currais,PI,Piauí,Sudoeste Piauiense,Nordeste,Bom Jesus,Corrente - Bom Jesus
2203255,Curralinhos,PI,Piauí,Centro-Norte Piauiense,Nordeste,Teresina,Teresina
2203271,Curral Novo do Piauí,PI,Piauí,Sudeste Piauiense,Nordeste,Paulistana,Picos
2203305,Demerval Lobão,PI,Piauí,Centro-Norte Piauiense,Nordeste,Teresina,Teresina
2203354,Dirceu Arcoverde,PI,Piauí,Sudoeste Piauiense,Nordeste,São Raimundo Nonato,São Raimundo Nonato
2203404,Dom Expedito Lopes,PI,Piauí,Sudeste Piauiense,Nordeste,Picos,Picos
2203420,Domingos Mourão,PI,Piauí,Centro-Norte Piauiense,Nordeste,Piripiri,Parnaíba
2203453,Dom Inocêncio,PI,Piauí,Sudoeste Piauiense,Nordeste,São Raimundo Nonato,São Raimundo Nonato
2203503,Elesbão Veloso,PI,Piauí,Centro-Norte Piauiense,Nordeste,Amarante - Água Branca - Regeneração,Teresina
2203602,Eliseu Martins,PI,Piauí,Sudoeste Piauiense,Nordeste,Canto do Buriti,Floriano
2203701,Esperantina,PI,Piauí,Norte Piauiense,Nordeste,Esperantina,Parnaíba
2203750,Fartura do Piauí,PI,Piauí,Sudoeste Piauiense,Nordeste,São Raimundo Nonato,São Raimundo Nonato
2203800,Flores do Piauí,PI,Piauí,Sudoeste Piauiense,Nordeste,Canto do Buriti,Floriano
2203859,Floresta do Piauí,PI,Piauí,Sudeste Piauiense,Nordeste,Oeiras,Picos
2203909,Floriano,PI,Piauí,Sudoeste Piauiense,Nordeste,Floriano,Floriano
2204006,Francinópolis,PI,Piauí,Centro-Norte Piauiense,Nordeste,Amarante - Água Branca - Regeneração,Teresina
2204105,Francisco Ayres,PI,Piauí,Centro-Norte Piauiense,Nordeste,Floriano,Floriano
2204154,Francisco Macedo,PI,Piauí,Sudeste Piauiense,Nordeste,Picos,Picos
2204204,Francisco Santos,PI,Piauí,Sudeste Piauiense,Nordeste,Picos,Picos
2204303,Fronteiras,PI,Piauí,Sudeste Piauiense,Nordeste,Picos,Picos
2204352,Geminiano,PI,Piauí,Sudeste Piauiense,Nordeste,Picos,Picos
2204402,Gilbués,PI,Piauí,Sudoeste Piauiense,Nordeste,Corrente,Corrente - Bom Jesus
2204501,Guadalupe,PI,Piauí,Sudoeste Piauiense,Nordeste,Floriano,Floriano
2204550,Guaribas,PI,Piauí,Sudoeste Piauiense,Nordeste,São Raimundo Nonato,São Raimundo Nonato
2204600,Hugo Napoleão,PI,Piauí,Centro-Norte Piauiense,Nordeste,Amarante - Água Branca - Regeneração,Teresina
2204659,Ilha Grande,PI,Piauí,Norte Piauiense,Nordeste,Parnaíba,Parnaíba
2204709,Inhuma,PI,Piauí,Centro-Norte Piauiense,Nordeste,Valença do Piauí,Teresina
2204808,Ipiranga do Piauí,PI,Piauí,Sudeste Piauiense,Nordeste,Valença do Piauí,Teresina
2204907,Isaías Coelho,PI,Piauí,Sudeste Piauiense,Nordeste,Picos,Picos
2205003,Itainópolis,PI,Piauí,Sudeste Piauiense,Nordeste,Picos,Picos
2205102,Itaueira,PI,Piauí,Sudoeste Piauiense,Nordeste,Floriano,Floriano
2205151,Jacobina do Piauí,PI,Piauí,Sudeste Piauiense,Nordeste,Paulistana,Picos
2205201,Jaicós,PI,Piauí,Sudeste Piauiense,Nordeste,Picos,Picos
2205250,Jardim do Mulato,PI,Piauí,Centro-Norte Piauiense,Nordeste,Amarante - Água Branca - Regeneração,Teresina
2205276,Jatobá do Piauí,PI,Piauí,Centro-Norte Piauiense,Nordeste,Campo Maior,Teresina
2205300,Jerumenha,PI,Piauí,Sudoeste Piauiense,Nordeste,Floriano,Floriano
2205359,João Costa,PI,Piauí,Sudeste Piauiense,Nordeste,São João do Piauí,São Raimundo Nonato
2205409,Joaquim Pires,PI,Piauí,Norte Piauiense,Nordeste,Esperantina,Parnaíba
2205458,Joca Marques,PI,Piauí,Norte Piauiense,Nordeste,Esperantina,Parnaíba
2205508,José de Freitas,PI,Piauí,Centro-Norte Piauiense,Nordeste,Teresina,Teresina
2205516,Juazeiro do Piauí,PI,Piauí,Centro-Norte Piauiense,Nordeste,Campo Maior,Teresina
2205524,Júlio Borges,PI,Piauí,Sudoeste Piauiense,Nordeste,Corrente,Corrente - Bom Jesus
2205532,Jurema,PI,Piauí,Sudoeste Piauiense,Nordeste,São Raimundo Nonato,São Raimundo Nonato
2205540,Lagoinha do Piauí,PI,Piauí,Centro-Norte Piauiense,Nordeste,Amarante - Água Branca - Regeneração,Teresina
2205557,Lagoa Alegre,PI,Piauí,Centro-Norte Piauiense,Nordeste,Teresina,Teresina
2205565,Lagoa do Barro do Piauí,PI,Piauí,Sudeste Piauiense,Nordeste,São João do Piauí,São Raimundo Nonato
2205573,Lagoa de São Francisco,PI,Piauí,Centro-Norte Piauiense,Nordeste,Piripiri,Parnaíba
2205581,Lagoa do Piauí,PI,Piauí,Centro-Norte Piauiense,Nordeste,Teresina,Teresina
2205599,Lagoa do Sítio,PI,Piauí,Centro-Norte Piauiense,Nordeste,Valença do Piauí,Teresina
2205607,Landri Sales,PI,Piauí,Sudoeste Piauiense,Nordeste,Floriano,Floriano
2205706,Luís Correia,PI,Piauí,Norte Piauiense,Nordeste,Parnaíba,Parnaíba
2205805,Luzilândia,PI,Piauí,Norte Piauiense,Nordeste,Esperantina,Parnaíba
2205854,Madeiro,PI,Piauí,Norte Piauiense,Nordeste,Esperantina,Parnaíba
2205904,Manoel Emídio,PI,Piauí,Sudoeste Piauiense,Nordeste,Uruçuí,Floriano
2205953,Marcolândia,PI,Piauí,Sudeste Piauiense,Nordeste,Picos,Picos
2206001,Marcos Parente,PI,Piauí,Sudoeste Piauiense,Nordeste,Floriano,Floriano
2206050,Massapê do Piauí,PI,Piauí,Sudeste Piauiense,Nordeste,Picos,Picos
2206100,Matias Olímpio,PI,Piauí,Norte Piauiense,Nordeste,Esperantina,Parnaíba
2206209,Miguel Alves,PI,Piauí,Norte Piauiense,Nordeste,Teresina,Teresina
2206308,Miguel Leão,PI,Piauí,Centro-Norte Piauiense,Nordeste,Amarante - Água Branca - Regeneração,Teresina
2206357,Milton Brandão,PI,Piauí,Centro-Norte Piauiense,Nordeste,Piripiri,Parnaíba
2206407,Monsenhor Gil,PI,Piauí,Centro-Norte Piauiense,Nordeste,Teresina,Teresina
2206506,Monsenhor Hipólito,PI,Piauí,Sudeste Piauiense,Nordeste,Picos,Picos
2206605,Monte Alegre do Piauí,PI,Piauí,Sudoeste Piauiense,Nordeste,Corrente,Corrente - Bom Jesus
2206654,Morro Cabeça no Tempo,PI,Piauí,Sudoeste Piauiense,Nordeste,Corrente,Corrente - Bom Jesus
2206670,Morro do Chapéu do Piauí,PI,Piauí,Norte Piauiense,Nordeste,Esperantina,Parnaíba
2206696,Murici dos Portelas,PI,Piauí,Norte Piauiense,Nordeste,Parnaíba,Parnaíba
2206704,Nazaré do Piauí,PI,Piauí,Sudoeste Piauiense,Nordeste,Floriano,Floriano
2206720,Nazária,PI,Piauí,Centro-Norte Piauiense,Nordeste,Teresina,Teresina
2206753,Nossa Senhora de Nazaré,PI,Piauí,Centro-Norte Piauiense,Nordeste,Campo Maior,Teresina
2206803,Nossa Senhora dos Remédios,PI,Piauí,Norte Piauiense,Nordeste,Barras,Teresina
2206902,Novo Oriente do Piauí,PI,Piauí,Centro-Norte Piauiense,Nordeste,Valença do Piauí,Teresina
2206951,Novo Santo Antônio,PI,Piauí,Centro-Norte Piauiense,Nordeste,Teresina,Teresina
2207009,Oeiras,PI,Piauí,Sudeste Piauiense,Nordeste,Oeiras,Picos
2207108,Olho D'Água do Piauí,PI,Piauí,Centro-Norte Piauiense,Nordeste,Amarante - Água Branca - Regeneração,Teresina
2207207,Padre Marcos,PI,Piauí,Sudeste Piauiense,Nordeste,Picos,Picos
2207306,Paes Landim,PI,Piauí,Sudeste Piauiense,Nordeste,Simplício Mendes,Picos
2207355,Pajeú do Piauí,PI,Piauí,Sudoeste Piauiense,Nordeste,Canto do Buriti,Floriano
2207405,Palmeira do Piauí,PI,Piauí,Sudoeste Piauiense,Nordeste,Bom Jesus,Corrente - Bom Jesus
2207504,Palmeirais,PI,Piauí,Centro-Norte Piauiense,Nordeste,Amarante - Água Branca - Regeneração,Teresina
2207553,Paquetá,PI,Piauí,Sudeste Piauiense,Nordeste,Picos,Picos
2207603,Parnaguá,PI,Piauí,Sudoeste Piauiense,Nordeste,Corrente,Corrente - Bom Jesus
2207702,Parnaíba,PI,Piauí,Norte Piauiense,Nordeste,Parnaíba,Parnaíba
2207751,Passagem Franca do Piauí,PI,Piauí,Centro-Norte Piauiense,Nordeste,Amarante - Água Branca - Regeneração,Teresina
2207777,Patos do Piauí,PI,Piauí,Sudeste Piauiense,Nordeste,Paulistana,Picos
2207793,Pau D'Arco do Piauí,PI,Piauí,Centro-Norte Piauiense,Nordeste,Teresina,Teresina
2207801,Paulistana,PI,Piauí,Sudeste Piauiense,Nordeste,Paulistana,Picos
2207850,Pavussu,PI,Piauí,Sudoeste Piauiense,Nordeste,Canto do Buriti,Floriano
2207900,Pedro II,PI,Piauí,Centro-Norte Piauiense,Nordeste,Piripiri,Parnaíba
2207934,Pedro Laurentino,PI,Piauí,Sudeste Piauiense,Nordeste,São João do Piauí,São Raimundo Nonato
2207959,Nova Santa Rita,PI,Piauí,Sudeste Piauiense,Nordeste,São João do Piauí,São Raimundo Nonato
2208007,Picos,PI,Piauí,Sudeste Piauiense,Nordeste,Picos,Picos
2208106,Pimenteiras,PI,Piauí,Centro-Norte Piauiense,Nordeste,Valença do Piauí,Teresina
2208205,Pio IX,PI,Piauí,Sudeste Piauiense,Nordeste,Picos,Picos
2208304,Piracuruca,PI,Piauí,Norte Piauiense,Nordeste,Piripiri,Parnaíba
2208403,Piripiri,PI,Piauí,Norte Piauiense,Nordeste,Piripiri,Parnaíba
2208502,Porto,PI,Piauí,Norte Piauiense,Nordeste,Barras,Teresina
2208551,Porto Alegre do Piauí,PI,Piauí,Sudoeste Piauiense,Nordeste,Floriano,Floriano
2208601,Prata do Piauí,PI,Piauí,Centro-Norte Piauiense,Nordeste,Amarante - Água Branca - Regeneração,Teresina
2208650,Queimada Nova,PI,Piauí,Sudeste Piauiense,Nordeste,Paulistana,Picos
2208700,Redenção do Gurguéia,PI,Piauí,Sudoeste Piauiense,Nordeste,Bom Jesus,Corrente - Bom Jesus
2208809,Regeneração,PI,Piauí,Centro-Norte Piauiense,Nordeste,Amarante - Água Branca - Regeneração,Teresina
2208858,Riacho Frio,PI,Piauí,Sudoeste Piauiense,Nordeste,Corrente,Corrente - Bom Jesus
2208874,Ribeira do Piauí,PI,Piauí,Sudeste Piauiense,Nordeste,São João do Piauí,São Raimundo Nonato
2208908,Ribeiro Gonçalves,PI,Piauí,Sudoeste Piauiense,Nordeste,Uruçuí,Floriano
2209005,Rio Grande do Piauí,PI,Piauí,Sudoeste Piauiense,Nordeste,Canto do Buriti,Floriano
2209104,Santa Cruz do Piauí,PI,Piauí,Sudeste Piauiense,Nordeste,Picos,Picos
2209153,Santa Cruz dos Milagres,PI,Piauí,Centro-Norte Piauiense,Nordeste,Valença do Piauí,Teresina
2209203,Santa Filomena,PI,Piauí,Sudoeste Piauiense,Nordeste,Corrente,Corrente - Bom Jesus
2209302,Santa Luz,PI,Piauí,Sudoeste Piauiense,Nordeste,Bom Jesus,Corrente - Bom Jesus
2209351,Santana do Piauí,PI,Piauí,Sudeste Piauiense,Nordeste,Picos,Picos
2209377,Santa Rosa do Piauí,PI,Piauí,Sudeste Piauiense,Nordeste,Oeiras,Picos
2209401,Santo Antônio de Lisboa,PI,Piauí,Sudeste Piauiense,Nordeste,Picos,Picos
2209450,Santo Antônio dos Milagres,PI,Piauí,Centro-Norte Piauiense,Nordeste,Amarante - Água Branca - Regeneração,Teresina
2209500,Santo Inácio do Piauí,PI,Piauí,Sudeste Piauiense,Nordeste,Oeiras,Picos
2209559,São Braz do Piauí,PI,Piauí,Sudoeste Piauiense,Nordeste,São Raimundo Nonato,São Raimundo Nonato
2209609,São Félix do Piauí,PI,Piauí,Centro-Norte Piauiense,Nordeste,Amarante - Água Branca - Regeneração,Teresina
2209658,São Francisco de Assis do Piauí,PI,Piauí,Sudeste Piauiense,Nordeste,Simplício Mendes,Picos
2209708,São Francisco do Piauí,PI,Piauí,Sudoeste Piauiense,Nordeste,Floriano,Floriano
2209757,São Gonçalo do Gurguéia,PI,Piauí,Sudoeste Piauiense,Nordeste,Corrente,Corrente - Bom Jesus
2209807,São Gonçalo do Piauí,PI,Piauí,Centro-Norte Piauiense,Nordeste,Amarante - Água Branca - Regeneração,Teresina
2209856,São João da Canabrava,PI,Piauí,Sudeste Piauiense,Nordeste,Picos,Picos
2209872,São João da Fronteira,PI,Piauí,Norte Piauiense,Nordeste,Piripiri,Parnaíba
2209906,São João da Serra,PI,Piauí,Centro-Norte Piauiense,Nordeste,Campo Maior,Teresina
2209955,São João da Varjota,PI,Piauí,Sudeste Piauiense,Nordeste,Oeiras,Picos
2209971,São João do Arraial,PI,Piauí,Norte Piauiense,Nordeste,Esperantina,Parnaíba
2210003,São João do Piauí,PI,Piauí,Sudeste Piauiense,Nordeste,São João do Piauí,São Raimundo Nonato
2210052,São José do Divino,PI,Piauí,Norte Piauiense,Nordeste,Piripiri,Parnaíba
2210102,São José do Peixe,PI,Piauí,Sudoeste Piauiense,Nordeste,Floriano,Floriano
2210201,São José do Piauí,PI,Piauí,Sudeste Piauiense,Nordeste,Picos,Picos
2210300,São Julião,PI,Piauí,Sudeste Piauiense,Nordeste,Picos,Picos
2210359,São Lourenço do Piauí,PI,Piauí,Sudoeste Piauiense,Nordeste,São Raimundo Nonato,São Raimundo Nonato
2210375,São Luis do Piauí,PI,Piauí,Sudeste Piauiense,Nordeste,Picos,Picos
2210383,São Miguel da Baixa Grande,PI,Piauí,Centro-Norte Piauiense,Nordeste,Amarante - Água Branca - Regeneração,Teresina
2210391,São Miguel do Fidalgo,PI,Piauí,Sudoeste Piauiense,Nordeste,Oeiras,Picos
2210409,São Miguel do Tapuio,PI,Piauí,Centro-Norte Piauiense,Nordeste,Campo Maior,Teresina
2210508,São Pedro do Piauí,PI,Piauí,Centro-Norte Piauiense,Nordeste,Amarante - Água Branca - Regeneração,Teresina
2210607,São Raimundo Nonato,PI,Piauí,Sudoeste Piauiense,Nordeste,São Raimundo Nonato,São Raimundo Nonato
2210623,Sebastião Barros,PI,Piauí,Sudoeste Piauiense,Nordeste,Corrente,Corrente - Bom Jesus
2210631,Sebastião Leal,PI,Piauí,Sudoeste Piauiense,Nordeste,Uruçuí,Floriano
2210656,Sigefredo Pacheco,PI,Piauí,Centro-Norte Piauiense,Nordeste,Campo Maior,Teresina
2210706,Simões,PI,Piauí,Sudeste Piauiense,Nordeste,Paulistana,Picos
2210805,Simplício Mendes,PI,Piauí,Sudeste Piauiense,Nordeste,Simplício Mendes,Picos
2210904,Socorro do Piauí,PI,Piauí,Sudeste Piauiense,Nordeste,Simplício Mendes,Picos
2210938,Sussuapara,PI,Piauí,Sudeste Piauiense,Nordeste,Picos,Picos
2210953,Tamboril do Piauí,PI,Piauí,Sudoeste Piauiense,Nordeste,Canto do Buriti,Floriano
2210979,Tanque do Piauí,PI,Piauí,Sudeste Piauiense,Nordeste,Oeiras,Picos
2211001,Teresina,PI,Piauí,Centro-Norte Piauiense,Nordeste,Teresina,Teresina
2211100,União,PI,Piauí,Centro-Norte Piauiense,Nordeste,Teresina,Teresina
2211209,Uruçuí,PI,Piauí,Sudoeste Piauiense,Nordeste,Uruçuí,Floriano
2211308,Valença do Piauí,PI,Piauí,Centro-Norte Piauiense,Nordeste,Valença do Piauí,Teresina
2211357,Várzea Branca,PI,Piauí,Sudoeste Piauiense,Nordeste,São Raimundo Nonato,São Raimundo Nonato
2211407,Várzea Grande,PI,Piauí,Centro-Norte Piauiense,Nordeste,Amarante - Água Branca - Regeneração,Teresina
2211506,Vera Mendes,PI,Piauí,Sudeste Piauiense,Nordeste,Picos,Picos
2211605,Vila Nova do Piauí,PI,Piauí,Sudeste Piauiense,Nordeste,Picos,Picos
2211704,Wall Ferraz,PI,Piauí,Sudeste Piauiense,Nordeste,Picos,Picos
3300100,Angra dos Reis,RJ,Rio de Janeiro,Sul Fluminense,Sudeste,Angra dos Reis,Rio de Janeiro
3300159,Aperibé,RJ,Rio de Janeiro,Noroeste Fluminense,Sudeste,Santo Antônio de Pádua,Campos dos Goytacazes
3300209,Araruama,RJ,Rio de Janeiro,Baixadas,Sudeste,Cabo Frio,Macaé - Rio das Ostras - Cabo Frio
3300225,Areal,RJ,Rio de Janeiro,Centro Fluminense,Sudeste,Petrópolis,Petrópolis
3300233,Armação dos Búzios,RJ,Rio de Janeiro,Baixadas,Sudeste,Cabo Frio,Macaé - Rio das Ostras - Cabo Frio
3300258,Arraial do Cabo,RJ,Rio de Janeiro,Baixadas,Sudeste,Cabo Frio,Macaé - Rio das Ostras - Cabo Frio
3300308,Barra do Piraí,RJ,Rio de Janeiro,Sul Fluminense,Sudeste,Volta Redonda - Barra Mansa,Volta Redonda - Barra Mansa
3300407,Barra Mansa,RJ,Rio de Janeiro,Sul Fluminense,Sudeste,Volta Redonda - Barra Mansa,Volta Redonda - Barra Mansa
3300456,Belford Roxo,RJ,Rio de Janeiro,Metropolitana do Rio de Janeiro,Sudeste,Rio de Janeiro,Rio de Janeiro
3300506,Bom Jardim,RJ,Rio de Janeiro,Centro Fluminense,Sudeste,Nova Friburgo,Petrópolis
3300605,Bom Jesus do Itabapoana,RJ,Rio de Janeiro,Noroeste Fluminense,Sudeste,Itaperuna,Campos dos Goytacazes
3300704,Cabo Frio,RJ,Rio de Janeiro,Baixadas,Sudeste,Cabo Frio,Macaé - Rio das Ostras - Cabo Frio
3300803,Cachoeiras de Macacu,RJ,Rio de Janeiro,Metropolitana do Rio de Janeiro,Sudeste,Rio Bonito,Rio de Janeiro
3300902,Cambuci,RJ,Rio de Janeiro,Noroeste Fluminense,Sudeste,Santo Antônio de Pádua,Campos dos Goytacazes
3300936,Carapebus,RJ,Rio de Janeiro,Norte Fluminense,Sudeste,Macaé - Rio das Ostras,Macaé - Rio das Ostras - Cabo Frio
3300951,Comendador Levy Gasparian,RJ,Rio de Janeiro,Centro Fluminense,Sudeste,Três Rios - Paraíba do Sul,Petrópolis
3301009,Campos dos Goytacazes,RJ,Rio de Janeiro,Norte Fluminense,Sudeste,Campos dos Goytacazes,Campos dos Goytacazes
3301108,Cantagalo,RJ,Rio de Janeiro,Centro Fluminense,Sudeste,Nova Friburgo,Petrópolis
3301157,Cardoso Moreira,RJ,Rio de Janeiro,Norte Fluminense,Sudeste,Campos dos Goytacazes,Campos dos Goytacazes
3301207,Carmo,RJ,Rio de Janeiro,Centro Fluminense,Sudeste,Nova Friburgo,Petrópolis
3301306,Casimiro de Abreu,RJ,Rio de Janeiro,Baixadas,Sudeste,Macaé - Rio das Ostras,Macaé - Rio das Ostras - Cabo Frio
3301405,Conceição de Macabu,RJ,Rio de Janeiro,Norte Fluminense,Sudeste,Macaé - Rio das Ostras,Macaé - Rio das Ostras - Cabo Frio
3301504,Cordeiro,RJ,Rio de Janeiro,Centro Fluminense,Sudeste,Nova Friburgo,Petrópolis
3301603,Duas Barras,RJ,Rio de Janeiro,Centro Fluminense,Sudeste,Nova Friburgo,Petrópolis
3301702,Duque de Caxias,RJ,Rio de Janeiro,Metropolitana do Rio de Janeiro,Sudeste,Rio de Janeiro,Rio de Janeiro
3301801,Engenheiro Paulo de Frontin,RJ,Rio de Janeiro,Metropolitana do Rio de Janeiro,Sudeste,Volta Redonda - Barra Mansa,Volta Redonda - Barra Mansa
3301850,Guapimirim,RJ,Rio de Janeiro,Metropolitana do Rio de Janeiro,Sudeste,Rio de Janeiro,Rio de Janeiro
3301876,Iguaba Grande,RJ,Rio de Janeiro,Baixadas,Sudeste,Cabo Frio,Macaé - Rio das Ostras - Cabo Frio
3301900,Itaboraí,RJ,Rio de Janeiro,Metropolitana do Rio de Janeiro,Sudeste,Rio de Janeiro,Rio de Janeiro
3302007,Itaguaí,RJ,Rio de Janeiro,Metropolitana do Rio de Janeiro,Sudeste,Rio de Janeiro,Rio de Janeiro
3302056,Italva,RJ,Rio de Janeiro,Noroeste Fluminense,Sudeste,Campos dos Goytacazes,Campos dos Goytacazes
3302106,Itaocara,RJ,Rio de Janeiro,Noroeste Fluminense,Sudeste,Santo Antônio de Pádua,Campos dos Goytacazes
3302205,Itaperuna,RJ,Rio de Janeiro,Noroeste Fluminense,Sudeste,Itaperuna,Campos dos Goytacazes
3302254,Itatiaia,RJ,Rio de Janeiro,Sul Fluminense,Sudeste,Resende,Volta Redonda - Barra Mansa
3302270,Japeri,RJ,Rio de Janeiro,Metropolitana do Rio de Janeiro,Sudeste,Rio de Janeiro,Rio de Janeiro
3302304,Laje do Muriaé,RJ,Rio de Janeiro,Noroeste Fluminense,Sudeste,Itaperuna,Campos dos Goytacazes
3302403,Macaé,RJ,Rio de Janeiro,Norte Fluminense,Sudeste,Macaé - Rio das Ostras,Macaé - Rio das Ostras - Cabo Frio
3302452,Macuco,RJ,Rio de Janeiro,Centro Fluminense,Sudeste,Nova Friburgo,Petrópolis
3302502,Magé,RJ,Rio de Janeiro,Metropolitana do Rio de Janeiro,Sudeste,Rio de Janeiro,Rio de Janeiro
3302601,Mangaratiba,RJ,Rio de Janeiro,Metropolitana do Rio de Janeiro,Sudeste,Rio de Janeiro,Rio de Janeiro
3302700,Maricá,RJ,Rio de Janeiro,Metropolitana do Rio de Janeiro,Sudeste,Rio de Janeiro,Rio de Janeiro
3302809,Mendes,RJ,Rio de Janeiro,Metropolitana do Rio de Janeiro,Sudeste,Volta Redonda - Barra Mansa,Volta Redonda - Barra Mansa
3302858,Mesquita,RJ,Rio de Janeiro,Metropolitana do Rio de Janeiro,Sudeste,Rio de Janeiro,Rio de Janeiro
3302908,Miguel Pereira,RJ,Rio de Janeiro,Metropolitana do Rio de Janeiro,Sudeste,Valença,Volta Redonda - Barra Mansa
3303005,Miracema,RJ,Rio de Janeiro,Noroeste Fluminense,Sudeste,Santo Antônio de Pádua,Campos dos Goytacazes
3303104,Natividade,RJ,Rio de Janeiro,Noroeste Fluminense,Sudeste,Itaperuna,Campos dos Goytacazes
3303203,Nilópolis,RJ,Rio de Janeiro,Metropolitana do Rio de Janeiro,Sudeste,Rio de Janeiro,Rio de Janeiro
3303302,Niterói,RJ,Rio de Janeiro,Metropolitana do Rio de Janeiro,Sudeste,Rio de Janeiro,Rio de Janeiro
3303401,Nova Friburgo,RJ,Rio de Janeiro,Centro Fluminense,Sudeste,Nova Friburgo,Petrópolis
3303500,Nova Iguaçu,RJ,Rio de Janeiro,Metropolitana do Rio de Janeiro,Sudeste,Rio de Janeiro,Rio de Janeiro
3303609,Paracambi,RJ,Rio de Janeiro,Metropolitana do Rio de Janeiro,Sudeste,Rio de Janeiro,Rio de Janeiro
3303708,Paraíba do Sul,RJ,Rio de Janeiro,Centro Fluminense,Sudeste,Três Rios - Paraíba do Sul,Petrópolis
3303807,Paraty,RJ,Rio de Janeiro,Sul Fluminense,Sudeste,Angra dos Reis,Rio de Janeiro
3303856,Paty do Alferes,RJ,Rio de Janeiro,Metropolitana do Rio de Janeiro,Sudeste,Valença,Volta Redonda - Barra Mansa
3303906,Petrópolis,RJ,Rio de Janeiro,Metropolitana do Rio de Janeiro,Sudeste,Petrópolis,Petrópolis
3303955,Pinheiral,RJ,Rio de Janeiro,Sul Fluminense,Sudeste,Volta Redonda - Barra Mansa,Volta Redonda - Barra Mansa
3304003,Piraí,RJ,Rio de Janeiro,Sul Fluminense,Sudeste,Volta Redonda - Barra Mansa,Volta Redonda - Barra Mansa
3304102,Porciúncula,RJ,Rio de Janeiro,Noroeste Fluminense,Sudeste,Itaperuna,Campos dos Goytacazes
3304110,Porto Real,RJ,Rio de Janeiro,Sul Fluminense,Sudeste,Resende,Volta Redonda - Barra Mansa
3304128,Quatis,RJ,Rio de Janeiro,Sul Fluminense,Sudeste,Resende,Volta Redonda - Barra Mansa
3304144,Queimados,RJ,Rio de Janeiro,Metropolitana do Rio de Janeiro,Sudeste,Rio de Janeiro,Rio de Janeiro
3304151,Quissamã,RJ,Rio de Janeiro,Norte Fluminense,Sudeste,Macaé - Rio das Ostras,Macaé - Rio das Ostras - Cabo Frio
3304201,Resende,RJ,Rio de Janeiro,Sul Fluminense,Sudeste,Resende,Volta Redonda - Barra Mansa
3304300,Rio Bonito,RJ,Rio de Janeiro,Metropolitana do Rio de Janeiro,Sudeste,Rio Bonito,Rio de Janeiro
3304409,Rio Claro,RJ,Rio de Janeiro,Sul Fluminense,Sudeste,Volta Redonda - Barra Mansa,Volta Redonda - Barra Mansa
3304508,Rio das Flores,RJ,Rio de Janeiro,Sul Fluminense,Sudeste,Valença,Volta Redonda - Barra Mansa
3304524,Rio das Ostras,RJ,Rio de Janeiro,Baixadas,Sudeste,Macaé - Rio das Ostras,Macaé - Rio das Ostras - Cabo Frio
3304557,Rio de Janeiro,RJ,Rio de Janeiro,Metropolitana do Rio de Janeiro,Sudeste,Rio de Janeiro,Rio de Janeiro
3304607,Santa Maria Madalena,RJ,Rio de Janeiro,Centro Fluminense,Sudeste,Nova Friburgo,Petrópolis
3304706,Santo Antônio de Pádua,RJ,Rio de Janeiro,Noroeste Fluminense,Sudeste,Santo Antônio de Pádua,Campos dos Goytacazes
3304755,São Francisco de Itabapoana,RJ,Rio de Janeiro,Norte Fluminense,Sudeste,Campos dos Goytacazes,Campos dos Goytacazes
3304805,São Fidélis,RJ,Rio de Janeiro,Norte Fluminense,Sudeste,Campos dos Goytacazes,Campos dos Goytacazes
3304904,São Gonçalo,RJ,Rio de Janeiro,Metropolitana do Rio de Janeiro,Sudeste,Rio de Janeiro,Rio de Janeiro
3305000,São João da Barra,RJ,Rio de Janeiro,Norte Fluminense,Sudeste,Campos dos Goytacazes,Campos dos Goytacazes
3305109,São João de Meriti,RJ,Rio de Janeiro,Metropolitana do Rio de Janeiro,Sudeste,Rio de Janeiro,Rio de Janeiro
3305133,São José de Ubá,RJ,Rio de Janeiro,Noroeste Fluminense,Sudeste,Itaperuna,Campos dos Goytacazes
3305158,São José do Vale do Rio Preto,RJ,Rio de Janeiro,Metropolitana do Rio de Janeiro,Sudeste,Petrópolis,Petrópolis
3305208,São Pedro da Aldeia,RJ,Rio de Janeiro,Baixadas,Sudeste,Cabo Frio,Macaé - Rio das Ostras - Cabo Frio
3305307,São Sebastião do Alto,RJ,Rio de Janeiro,Centro Fluminense,Sudeste,Nova Friburgo,Petrópolis
3305406,Sapucaia,RJ,Rio de Janeiro,Centro Fluminense,Sudeste,Três Rios - Paraíba do Sul,Petrópolis
3305505,Saquarema,RJ,Rio de Janeiro,Baixadas,Sudeste,Rio de Janeiro,Rio de Janeiro
3305554,Seropédica,RJ,Rio de Janeiro,Metropolitana do Rio de Janeiro,Sudeste,Rio de Janeiro,Rio de Janeiro
3305604,Silva Jardim,RJ,Rio de Janeiro,Baixadas,Sudeste,Rio Bonito,Rio de Janeiro
3305703,Sumidouro,RJ,Rio de Janeiro,Centro Fluminense,Sudeste,Nova Friburgo,Petrópolis
3305752,Tanguá,RJ,Rio de Janeiro,Metropolitana do Rio de Janeiro,Sudeste,Rio de Janeiro,Rio de Janeiro
3305802,Teresópolis,RJ,Rio de Janeiro,Metropolitana do Rio de Janeiro,Sudeste,Petrópolis,Petrópolis
3305901,Trajano de Moraes,RJ,Rio de Janeiro,Centro Fluminense,Sudeste,Nova Friburgo,Petrópolis
3306008,Três Rios,RJ,Rio de Janeiro,Centro Fluminense,Sudeste,Três Rios - Paraíba do Sul,Petrópolis
3306107,Valença,RJ,Rio de Janeiro,Sul Fluminense,Sudeste,Valença,Volta Redonda - Barra Mansa
3306156,Varre-Sai,RJ,Rio de Janeiro,Noroeste Fluminense,Sudeste,Itaperuna,Campos dos Goytacazes
3306206,Vassouras,RJ,Rio de Janeiro,Metropolitana do Rio de Janeiro,Sudeste,Valença,Volta Redonda - Barra Mansa
3306305,Volta Redonda,RJ,Rio de Janeiro,Sul Fluminense,Sudeste,Volta Redonda - Barra Mansa,Volta Redonda - Barra Mansa
2400109,Acari,RN,Rio Grande do Norte,Central Potiguar,Nordeste,Currais Novos,Caicó
2400208,Assú,RN,Rio Grande do Norte,Oeste Potiguar,Nordeste,Açu,Mossoró
2400307,Afonso Bezerra,RN,Rio Grande do Norte,Central Potiguar,Nordeste,Açu,Mossoró
2400406,Água Nova,RN,Rio Grande do Norte,Oeste Potiguar,Nordeste,Pau dos Ferros,Mossoró
2400505,Alexandria,RN,Rio Grande do Norte,Oeste Potiguar,Nordeste,Pau dos Ferros,Mossoró
2400604,Almino Afonso,RN,Rio Grande do Norte,Oeste Potiguar,Nordeste,Pau dos Ferros,Mossoró
2400703,Alto do Rodrigues,RN,Rio Grande do Norte,Oeste Potiguar,Nordeste,Açu,Mossoró
2400802,Angicos,RN,Rio Grande do Norte,Central Potiguar,Nordeste,Açu,Mossoró
2400901,Antônio Martins,RN,Rio Grande do Norte,Oeste Potiguar,Nordeste,Pau dos Ferros,Mossoró
2401008,Apodi,RN,Rio Grande do Norte,Oeste Potiguar,Nordeste,Mossoró,Mossoró
2401107,Areia Branca,RN,Rio Grande do Norte,Oeste Potiguar,Nordeste,Mossoró,Mossoró
2401206,Arez,RN,Rio Grande do Norte,Leste Potiguar,Nordeste,Canguaretama,Natal
2401305,Campo Grande,RN,Rio Grande do Norte,Oeste Potiguar,Nordeste,Mossoró,Mossoró
2401404,Baía Formosa,RN,Rio Grande do Norte,Leste Potiguar,Nordeste,Canguaretama,Natal
2401453,Baraúna,RN,Rio Grande do Norte,Oeste Potiguar,Nordeste,Mossoró,Mossoró
2401503,Barcelona,RN,Rio Grande do Norte,Agreste Potiguar,Nordeste,São Paulo do Potengi,Natal
2401602,Bento Fernandes,RN,Rio Grande do Norte,Agreste Potiguar,Nordeste,Natal,Natal
2401651,Bodó,RN,Rio Grande do Norte,Central Potiguar,Nordeste,Currais Novos,Caicó
2401701,Bom Jesus,RN,Rio Grande do Norte,Agreste Potiguar,Nordeste,Natal,Natal
2401800,Brejinho,RN,Rio Grande do Norte,Agreste Potiguar,Nordeste,Natal,Natal
2401859,Caiçara do Norte,RN,Rio Grande do Norte,Central Potiguar,Nordeste,João Câmara,Natal
2401909,Caiçara do Rio do Vento,RN,Rio Grande do Norte,Central Potiguar,Nordeste,São Paulo do Potengi,Natal
2402006,Caicó,RN,Rio Grande do Norte,Central Potiguar,Nordeste,Caicó,Caicó
2402105,Campo Redondo,RN,Rio Grande do Norte,Agreste Potiguar,Nordeste,Santa Cruz,Natal
2402204,Canguaretama,RN,Rio Grande do Norte,Leste Potiguar,Nordeste,Canguaretama,Natal
2402303,Caraúbas,RN,Rio Grande do Norte,Oeste Potiguar,Nordeste,Mossoró,Mossoró
2402402,Carnaúba dos Dantas,RN,Rio Grande do Norte,Central Potiguar,Nordeste,Currais Novos,Caicó
2402501,Carnaubais,RN,Rio Grande do Norte,Oeste Potiguar,Nordeste,Açu,Mossoró
2402600,Ceará-Mirim,RN,Rio Grande do Norte,Leste Potiguar,Nordeste,Natal,Natal
2402709,Cerro Corá,RN,Rio Grande do Norte,Central Potiguar,Nordeste,Currais Novos,Caicó
2402808,Coronel Ezequiel,RN,Rio Grande do Norte,Agreste Potiguar,Nordeste,Santa Cruz,Natal
2402907,Coronel João Pessoa,RN,Rio Grande do Norte,Oeste Potiguar,Nordeste,Pau dos Ferros,Mossoró
2403004,Cruzeta,RN,Rio Grande do Norte,Central Potiguar,Nordeste,Caicó,Caicó
2403103,Currais Novos,RN,Rio Grande do Norte,Central Potiguar,Nordeste,Currais Novos,Caicó
2403202,Doutor Severiano,RN,Rio Grande do Norte,Oeste Potiguar,Nordeste,Pau dos Ferros,Mossoró
2403251,Parnamirim,RN,Rio Grande do Norte,Leste Potiguar,Nordeste,Natal,Natal
2403301,Encanto,RN,Rio Grande do Norte,Oeste Potiguar,Nordeste,Pau dos Ferros,Mossoró
2403400,Equador,RN,Rio Grande do Norte,Central Potiguar,Nordeste,Caicó,Caicó
2403509,Espírito Santo,RN,Rio Grande do Norte,Leste Potiguar,Nordeste,Canguaretama,Natal
2403608,Extremoz,RN,Rio Grande do Norte,Leste Potiguar,Nordeste,Natal,Natal
2403707,Felipe Guerra,RN,Rio Grande do Norte,Oeste Potiguar,Nordeste,Mossoró,Mossoró
2403756,Fernando Pedroza,RN,Rio Grande do Norte,Central Potiguar,Nordeste,Açu,Mossoró
2403806,Florânia,RN,Rio Grande do Norte,Central Potiguar,Nordeste,Currais Novos,Caicó
2403905,Francisco Dantas,RN,Rio Grande do Norte,Oeste Potiguar,Nordeste,Pau dos Ferros,Mossoró
2404002,Frutuoso Gomes,RN,Rio Grande do Norte,Oeste Potiguar,Nordeste,Pau dos Ferros,Mossoró
2404101,Galinhos,RN,Rio Grande do Norte,Central Potiguar,Nordeste,João Câmara,Natal
2404200,Goianinha,RN,Rio Grande do Norte,Leste Potiguar,Nordeste,Canguaretama,Natal
2404309,Governador Dix-Sept Rosado,RN,Rio Grande do Norte,Oeste Potiguar,Nordeste,Mossoró,Mossoró
2404408,Grossos,RN,Rio Grande do Norte,Oeste Potiguar,Nordeste,Mossoró,Mossoró
2404507,Guamaré,RN,Rio Grande do Norte,Central Potiguar,Nordeste,Açu,Mossoró
2404606,Ielmo Marinho,RN,Rio Grande do Norte,Agreste Potiguar,Nordeste,Natal,Natal
2404705,Ipanguaçu,RN,Rio Grande do Norte,Oeste Potiguar,Nordeste,Açu,Mossoró
2404804,Ipueira,RN,Rio Grande do Norte,Central Potiguar,Nordeste,Caicó,Caicó
2404853,Itajá,RN,Rio Grande do Norte,Oeste Potiguar,Nordeste,Açu,Mossoró
2404903,Itaú,RN,Rio Grande do Norte,Oeste Potiguar,Nordeste,Mossoró,Mossoró
2405009,Jaçanã,RN,Rio Grande do Norte,Agreste Potiguar,Nordeste,Santa Cruz,Natal
2405108,Jandaíra,RN,Rio Grande do Norte,Agreste Potiguar,Nordeste,João Câmara,Natal
2405207,Janduís,RN,Rio Grande do Norte,Oeste Potiguar,Nordeste,Mossoró,Mossoró
2405306,Januário Cicco,RN,Rio Grande do Norte,Agreste Potiguar,Nordeste,Santo Antônio - Passa e Fica - Nova Cruz,Natal
2405405,Japi,RN,Rio Grande do Norte,Agreste Potiguar,Nordeste,Santa Cruz,Natal
2405504,Jardim de Angicos,RN,Rio Grande do Norte,Central Potiguar,Nordeste,João Câmara,Natal
2405603,Jardim de Piranhas,RN,Rio Grande do Norte,Central Potiguar,Nordeste,Caicó,Caicó
2405702,Jardim do Seridó,RN,Rio Grande do Norte,Central Potiguar,Nordeste,Caicó,Caicó
2405801,João Câmara,RN,Rio Grande do Norte,Agreste Potiguar,Nordeste,João Câmara,Natal
2405900,João Dias,RN,Rio Grande do Norte,Oeste Potiguar,Nordeste,Pau dos Ferros,Mossoró
2406007,José da Penha,RN,Rio Grande do Norte,Oeste Potiguar,Nordeste,Pau dos Ferros,Mossoró
2406106,Jucurutu,RN,Rio Grande do Norte,Oeste Potiguar,Nordeste,Caicó,Caicó
2406155,Jundiá,RN,Rio Grande do Norte,Agreste Potiguar,Nordeste,Natal,Natal
2406205,Lagoa d'Anta,RN,Rio Grande do Norte,Agreste Potiguar,Nordeste,Santo Antônio - Passa e Fica - Nova Cruz,Natal
2406304,Lagoa de Pedras,RN,Rio Grande do Norte,Agreste Potiguar,Nordeste,Santo Antônio - Passa e Fica - Nova Cruz,Natal
2406403,Lagoa de Velhos,RN,Rio Grande do Norte,Agreste Potiguar,Nordeste,São Paulo do Potengi,Natal
2406502,Lagoa Nova,RN,Rio Grande do Norte,Central Potiguar,Nordeste,Currais Novos,Caicó
2406601,Lagoa Salgada,RN,Rio Grande do Norte,Agreste Potiguar,Nordeste,Natal,Natal
2406700,Lajes,RN,Rio Grande do Norte,Central Potiguar,Nordeste,Açu,Mossoró
2406809,Lajes Pintadas,RN,Rio Grande do Norte,Agreste Potiguar,Nordeste,Santa Cruz,Natal
2406908,Lucrécia,RN,Rio Grande do Norte,Oeste Potiguar,Nordeste,Pau dos Ferros,Mossoró
2407005,Luís Gomes,RN,Rio Grande do Norte,Oeste Potiguar,Nordeste,Pau dos Ferros,Mossoró
2407104,Macaíba,RN,Rio Grande do Norte,Leste Potiguar,Nordeste,Natal,Natal
2407203,Macau,RN,Rio Grande do Norte,Central Potiguar,Nordeste,Açu,Mossoró
2407252,Major Sales,RN,Rio Grande do Norte,Oeste Potiguar,Nordeste,Pau dos Ferros,Mossoró
2407302,Marcelino Vieira,RN,Rio Grande do Norte,Oeste Potiguar,Nordeste,Pau dos Ferros,Mossoró
2407401,Martins,RN,Rio Grande do Norte,Oeste Potiguar,Nordeste,Pau dos Ferros,Mossoró
2407500,Maxaranguape,RN,Rio Grande do Norte,Leste Potiguar,Nordeste,Natal,Natal
2407609,Messias Targino,RN,Rio Grande do Norte,Oeste Potiguar,Nordeste,Mossoró,Mossoró
2407708,Montanhas,RN,Rio Grande do Norte,Leste Potiguar,Nordeste,Canguaretama,Natal
2407807,Monte Alegre,RN,Rio Grande do Norte,Agreste Potiguar,Nordeste,Natal,Natal
2407906,Monte das Gameleiras,RN,Rio Grande do Norte,Agreste Potiguar,Nordeste,Santo Antônio - Passa e Fica - Nova Cruz,Natal
2408003,Mossoró,RN,Rio Grande do Norte,Oeste Potiguar,Nordeste,Mossoró,Mossoró
2408102,Natal,RN,Rio Grande do Norte,Leste Potiguar,Nordeste,Natal,Natal
2408201,Nísia Floresta,RN,Rio Grande do Norte,Leste Potiguar,Nordeste,Natal,Natal
2408300,Nova Cruz,RN,Rio Grande do Norte,Agreste Potiguar,Nordeste,Santo Antônio - Passa e Fica - Nova Cruz,Natal
2408409,Olho d'Água do Borges,RN,Rio Grande do Norte,Oeste Potiguar,Nordeste,Pau dos Ferros,Mossoró
2408508,Ouro Branco,RN,Rio Grande do Norte,Central Potiguar,Nordeste,Caicó,Caicó
2408607,Paraná,RN,Rio Grande do Norte,Oeste Potiguar,Nordeste,Pau dos Ferros,Mossoró
2408706,Paraú,RN,Rio Grande do Norte,Oeste Potiguar,Nordeste,Açu,Mossoró
2408805,Parazinho,RN,Rio Grande do Norte,Agreste Potiguar,Nordeste,João Câmara,Natal
2408904,Parelhas,RN,Rio Grande do Norte,Central Potiguar,Nordeste,Caicó,Caicó
2408953,Rio do Fogo,RN,Rio Grande do Norte,Leste Potiguar,Nordeste,Natal,Natal
2409100,Passa e Fica,RN,Rio Grande do Norte,Agreste Potiguar,Nordeste,Santo Antônio - Passa e Fica - Nova Cruz,Natal
2409209,Passagem,RN,Rio Grande do Norte,Agreste Potiguar,Nordeste,Santo Antônio - Passa e Fica - Nova Cruz,Natal
2409308,Patu,RN,Rio Grande do Norte,Oeste Potiguar,Nordeste,Pau dos Ferros,Mossoró
2409332,Santa Maria,RN,Rio Grande do Norte,Agreste Potiguar,Nordeste,São Paulo do Potengi,Natal
2409407,Pau dos Ferros,RN,Rio Grande do Norte,Oeste Potiguar,Nordeste,Pau dos Ferros,Mossoró
2409506,Pedra Grande,RN,Rio Grande do Norte,Leste Potiguar,Nordeste,João Câmara,Natal
2409605,Pedra Preta,RN,Rio Grande do Norte,Central Potiguar,Nordeste,João Câmara,Natal
2409704,Pedro Avelino,RN,Rio Grande do Norte,Central Potiguar,Nordeste,João Câmara,Natal
2409803,Pedro Velho,RN,Rio Grande do Norte,Leste Potiguar,Nordeste,Canguaretama,Natal
2409902,Pendências,RN,Rio Grande do Norte,Oeste Potiguar,Nordeste,Açu,Mossoró
2410009,Pilões,RN,Rio Grande do Norte,Oeste Potiguar,Nordeste,Pau dos Ferros,Mossoró
2410108,Poço Branco,RN,Rio Grande do Norte,Agreste Potiguar,Nordeste,Natal,Natal
2410207,Portalegre,RN,Rio Grande do Norte,Oeste Potiguar,Nordeste,Pau dos Ferros,Mossoró
2410256,Porto do Mangue,RN,Rio Grande do Norte,Oeste Potiguar,Nordeste,Açu,Mossoró
2410306,Serra Caiada,RN,Rio Grande do Norte,Agreste Potiguar,Nordeste,Santo Antônio - Passa e Fica - Nova Cruz,Natal
2410405,Pureza,RN,Rio Grande do Norte,Leste Potiguar,Nordeste,Natal,Natal
2410504,Rafael Fernandes,RN,Rio Grande do Norte,Oeste Potiguar,Nordeste,Pau dos Ferros,Mossoró
2410603,Rafael Godeiro,RN,Rio Grande do Norte,Oeste Potiguar,Nordeste,Pau dos Ferros,Mossoró
2410702,Riacho da Cruz,RN,Rio Grande do Norte,Oeste Potiguar,Nordeste,Pau dos Ferros,Mossoró
2410801,Riacho de Santana,RN,Rio Grande do Norte,Oeste Potiguar,Nordeste,Pau dos Ferros,Mossoró
2410900,Riachuelo,RN,Rio Grande do Norte,Agreste Potiguar,Nordeste,São Paulo do Potengi,Natal
2411007,Rodolfo Fernandes,RN,Rio Grande do Norte,Oeste Potiguar,Nordeste,Mossoró,Mossoró
2411056,Tibau,RN,Rio Grande do Norte,Oeste Potiguar,Nordeste,Mossoró,Mossoró
2411106,Ruy Barbosa,RN,Rio Grande do Norte,Agreste Potiguar,Nordeste,São Paulo do Potengi,Natal
2411205,Santa Cruz,RN,Rio Grande do Norte,Agreste Potiguar,Nordeste,Santa Cruz,Natal
2411403,Santana do Matos,RN,Rio Grande do Norte,Central Potiguar,Nordeste,Açu,Mossoró
2411429,Santana do Seridó,RN,Rio Grande do Norte,Central Potiguar,Nordeste,Caicó,Caicó
2411502,Santo Antônio,RN,Rio Grande do Norte,Agreste Potiguar,Nordeste,Santo Antônio - Passa e Fica - Nova Cruz,Natal
2411601,São Bento do Norte,RN,Rio Grande do Norte,Central Potiguar,Nordeste,João Câmara,Natal
2411700,São Bento do Trairí,RN,Rio Grande do Norte,Agreste Potiguar,Nordeste,Santa Cruz,Natal
2411809,São Fernando,RN,Rio Grande do Norte,Central Potiguar,Nordeste,Caicó,Caicó
2411908,São Francisco do Oeste,RN,Rio Grande do Norte,Oeste Potiguar,Nordeste,Pau dos Ferros,Mossoró
2412005,São Gonçalo do Amarante,RN,Rio Grande do Norte,Leste Potiguar,Nordeste,Natal,Natal
2412104,São João do Sabugi,RN,Rio Grande do Norte,Central Potiguar,Nordeste,Caicó,Caicó
2412203,São José de Mipibu,RN,Rio Grande do Norte,Leste Potiguar,Nordeste,Natal,Natal
2412302,São José do Campestre,RN,Rio Grande do Norte,Agreste Potiguar,Nordeste,Santo Antônio - Passa e Fica - Nova Cruz,Natal
2412401,São José do Seridó,RN,Rio Grande do Norte,Central Potiguar,Nordeste,Caicó,Caicó
2412500,São Miguel,RN,Rio Grande do Norte,Oeste Potiguar,Nordeste,Pau dos Ferros,Mossoró
2412559,São Miguel do Gostoso,RN,Rio Grande do Norte,Leste Potiguar,Nordeste,Natal,Natal
2412609,São Paulo do Potengi,RN,Rio Grande do Norte,Agreste Potiguar,Nordeste,São Paulo do Potengi,Natal
2412708,São Pedro,RN,Rio Grande do Norte,Agreste Potiguar,Nordeste,São Paulo do Potengi,Natal
2412807,São Rafael,RN,Rio Grande do Norte,Oeste Potiguar,Nordeste,Açu,Mossoró
2412906,São Tomé,RN,Rio Grande do Norte,Agreste Potiguar,Nordeste,São Paulo do Potengi,Natal
2413003,São Vicente,RN,Rio Grande do Norte,Central Potiguar,Nordeste,Currais Novos,Caicó
2413102,Senador Elói de Souza,RN,Rio Grande do Norte,Agreste Potiguar,Nordeste,São Paulo do Potengi,Natal
2413201,Senador Georgino Avelino,RN,Rio Grande do Norte,Leste Potiguar,Nordeste,Natal,Natal
2413300,Serra de São Bento,RN,Rio Grande do Norte,Agreste Potiguar,Nordeste,Santo Antônio - Passa e Fica - Nova Cruz,Natal
2413359,Serra do Mel,RN,Rio Grande do Norte,Oeste Potiguar,Nordeste,Mossoró,Mossoró
2413409,Serra Negra do Norte,RN,Rio Grande do Norte,Central Potiguar,Nordeste,Caicó,Caicó
2413508,Serrinha,RN,Rio Grande do Norte,Agreste Potiguar,Nordeste,Santo Antônio - Passa e Fica - Nova Cruz,Natal
2413557,Serrinha dos Pintos,RN,Rio Grande do Norte,Oeste Potiguar,Nordeste,Pau dos Ferros,Mossoró
2413607,Severiano Melo,RN,Rio Grande do Norte,Oeste Potiguar,Nordeste,Mossoró,Mossoró
2413706,Sítio Novo,RN,Rio Grande do Norte,Agreste Potiguar,Nordeste,Santa Cruz,Natal
2413805,Taboleiro Grande,RN,Rio Grande do Norte,Oeste Potiguar,Nordeste,Pau dos Ferros,Mossoró
2413904,Taipu,RN,Rio Grande do Norte,Leste Potiguar,Nordeste,Natal,Natal
2414001,Tangará,RN,Rio Grande do Norte,Agreste Potiguar,Nordeste,Santa Cruz,Natal
2414100,Tenente Ananias,RN,Rio Grande do Norte,Oeste Potiguar,Nordeste,Pau dos Ferros,Mossoró
2414159,Tenente Laurentino Cruz,RN,Rio Grande do Norte,Central Potiguar,Nordeste,Currais Novos,Caicó
2414209,Tibau do Sul,RN,Rio Grande do Norte,Leste Potiguar,Nordeste,Canguaretama,Natal
2414308,Timbaúba dos Batistas,RN,Rio Grande do Norte,Central Potiguar,Nordeste,Caicó,Caicó
2414407,Touros,RN,Rio Grande do Norte,Leste Potiguar,Nordeste,Natal,Natal
2414456,Triunfo Potiguar,RN,Rio Grande do Norte,Oeste Potiguar,Nordeste,Açu,Mossoró
2414506,Umarizal,RN,Rio Grande do Norte,Oeste Potiguar,Nordeste,Pau dos Ferros,Mossoró
2414605,Upanema,RN,Rio Grande do Norte,Oeste Potiguar,Nordeste,Mossoró,Mossoró
2414704,Várzea,RN,Rio Grande do Norte,Agreste Potiguar,Nordeste,Santo Antônio - Passa e Fica - Nova Cruz,Natal
2414753,Venha-Ver,RN,Rio Grande do Norte,Oeste Potiguar,Nordeste,Pau dos Ferros,Mossoró
2414803,Vera Cruz,RN,Rio Grande do Norte,Agreste Potiguar,Nordeste,Natal,Natal
2414902,Viçosa,RN,Rio Grande do Norte,Oeste Potiguar,Nordeste,Pau dos Ferros,Mossoró
2415008,Vila Flor,RN,Rio Grande do Norte,Leste Potiguar,Nordeste,Canguaretama,Natal
4300034,Aceguá,RS,Rio Grande do Sul,Sudoeste Rio-grandense,Sul,Bagé,Pelotas
4300059,Água Santa,RS,Rio Grande do Sul,Noroeste Rio-grandense,Sul,Tapejara - Sananduva,Passo Fundo
4300109,Agudo,RS,Rio Grande do Sul,Centro Ocidental Rio-grandense,Sul,Santa Maria,Santa Maria
4300208,Ajuricaba,RS,Rio Grande do Sul,Noroeste Rio-grandense,Sul,Ijuí,Ijuí
4300307,Alecrim,RS,Rio Grande do Sul,Noroeste Rio-grandense,Sul,Santa Rosa,Ijuí
4300406,Alegrete,RS,Rio Grande do Sul,Sudoeste Rio-grandense,Sul,Uruguaiana,Uruguaiana
4300455,Alegria,RS,Rio Grande do Sul,Noroeste Rio-grandense,Sul,Três de Maio,Ijuí
4300471,Almirante Tamandaré do Sul,RS,Rio Grande do Sul,Noroeste Rio-grandense,Sul,Carazinho,Passo Fundo
4300505,Alpestre,RS,Rio Grande do Sul,Noroeste Rio-grandense,Sul,Nonoai,Passo Fundo
4300554,Alto Alegre,RS,Rio Grande do Sul,Noroeste Rio-grandense,Sul,Passo Fundo,Passo Fundo
4300570,Alto Feliz,RS,Rio Grande do Sul,Metropolitana de Porto Alegre,Sul,Caxias do Sul,Caxias do Sul
4300604,Alvorada,RS,Rio Grande do Sul,Metropolitana de Porto Alegre,Sul,Porto Alegre,Porto Alegre
4300638,Amaral Ferrador,RS,Rio Grande do Sul,Sudeste Rio-grandense,Sul,Camaquã,Porto Alegre
4300646,Ametista do Sul,RS,Rio Grande do Sul,Noroeste Rio-grandense,Sul,Frederico Westphalen,Passo Fundo
4300661,André da Rocha,RS,Rio Grande do Sul,Nordeste Rio-grandense,Sul,Nova Prata - Guaporé,Caxias do Sul
4300703,Anta Gorda,RS,Rio Grande do Sul,Nordeste Rio-grandense,Sul,Encantado,Santa Cruz do Sul - Lajeado
4300802,Antônio Prado,RS,Rio Grande do Sul,Nordeste Rio-grandense,Sul,Caxias do Sul,Caxias do Sul
4300851,Arambaré,RS,Rio Grande do Sul,Metropolitana de Porto Alegre,Sul,Camaquã,Porto Alegre
4300877,Araricá,RS,Rio Grande do Sul,Metropolitana de Porto Alegre,Sul,Novo Hamburgo - São Leopoldo,Porto Alegre
4300901,Aratiba,RS,Rio Grande do Sul,Noroeste Rio-grandense,Sul,Erechim,Passo Fundo
4301008,Arroio do Meio,RS,Rio Grande do Sul,Centro Oriental Rio-grandense,Sul,Lajeado,Santa Cruz do Sul - Lajeado
4301057,Arroio do Sal,RS,Rio Grande do Sul,Metropolitana de Porto Alegre,Sul,Torres,Porto Alegre
4301073,Arroio do Padre,RS,Rio Grande do Sul,Sudeste Rio-grandense,Sul,Pelotas,Pelotas
4301107,Arroio dos Ratos,RS,Rio Grande do Sul,Metropolitana de Porto Alegre,Sul,Porto Alegre,Porto Alegre
4301206,Arroio do Tigre,RS,Rio Grande do Sul,Centro Oriental Rio-grandense,Sul,Sobradinho,Santa Cruz do Sul - Lajeado
4301305,Arroio Grande,RS,Rio Grande do Sul,Sudeste Rio-grandense,Sul,Pelotas,Pelotas
4301404,Arvorezinha,RS,Rio Grande do Sul,Nordeste Rio-grandense,Sul,Soledade,Passo Fundo
4301503,Augusto Pestana,RS,Rio Grande do Sul,Noroeste Rio-grandense,Sul,Ijuí,Ijuí
4301552,Áurea,RS,Rio Grande do Sul,Noroeste Rio-grandense,Sul,Erechim,Passo Fundo
4301602,Bagé,RS,Rio Grande do Sul,Sudoeste Rio-grandense,Sul,Bagé,Pelotas
4301636,Balneário Pinhal,RS,Rio Grande do Sul,Metropolitana de Porto Alegre,Sul,Tramandaí - Osório,Porto Alegre
4301651,Barão,RS,Rio Grande do Sul,Metropolitana de Porto Alegre,Sul,Bento Gonçalves,Caxias do Sul
4301701,Barão de Cotegipe,RS,Rio Grande do Sul,Noroeste Rio-grandense,Sul,Erechim,Passo Fundo
4301750,Barão do Triunfo,RS,Rio Grande do Sul,Metropolitana de Porto Alegre,Sul,Porto Alegre,Porto Alegre
4301800,Barracão,RS,Rio Grande do Sul,Noroeste Rio-grandense,Sul,Lagoa Vermelha,Passo Fundo
4301859,Barra do Guarita,RS,Rio Grande do Sul,Noroeste Rio-grandense,Sul,Três Passos,Ijuí
4301875,Barra do Quaraí,RS,Rio Grande do Sul,Sudoeste Rio-grandense,Sul,Uruguaiana,Uruguaiana
4301909,Barra do Ribeiro,RS,Rio Grande do Sul,Metropolitana de Porto Alegre,Sul,Porto Alegre,Porto Alegre
4301925,Barra do Rio Azul,RS,Rio Grande do Sul,Noroeste Rio-grandense,Sul,Erechim,Passo Fundo
4301958,Barra Funda,RS,Rio Grande do Sul,Noroeste Rio-grandense,Sul,Carazinho,Passo Fundo
4302006,Barros Cassal,RS,Rio Grande do Sul,Noroeste Rio-grandense,Sul,Soledade,Passo Fundo
4302055,Benjamin Constant do Sul,RS,Rio Grande do Sul,Noroeste Rio-grandense,Sul,Erechim,Passo Fundo
4302105,Bento Gonçalves,RS,Rio Grande do Sul,Nordeste Rio-grandense,Sul,Bento Gonçalves,Caxias do Sul
4302154,Boa Vista das Missões,RS,Rio Grande do Sul,Noroeste Rio-grandense,Sul,Frederico Westphalen,Passo Fundo
4302204,Boa Vista do Buricá,RS,Rio Grande do Sul,Noroeste Rio-grandense,Sul,Três de Maio,Ijuí
4302220,Boa Vista do Cadeado,RS,Rio Grande do Sul,Noroeste Rio-grandense,Sul,Cruz Alta,Passo Fundo
4302238,Boa Vista do Incra,RS,Rio Grande do Sul,Noroeste Rio-grandense,Sul,Cruz Alta,Passo Fundo
4302253,Boa Vista do Sul,RS,Rio Grande do Sul,Nordeste Rio-grandense,Sul,Bento Gonçalves,Caxias do Sul
4302303,Bom Jesus,RS,Rio Grande do Sul,Nordeste Rio-grandense,Sul,Vacaria,Caxias do Sul
4302352,Bom Princípio,RS,Rio Grande do Sul,Metropolitana de Porto Alegre,Sul,Novo Hamburgo - São Leopoldo,Porto Alegre
4302378,Bom Progresso,RS,Rio Grande do Sul,Noroeste Rio-grandense,Sul,Três Passos,Ijuí
4302402,Bom Retiro do Sul,RS,Rio Grande do Sul,Centro Oriental Rio-grandense,Sul,Lajeado,Santa Cruz do Sul - Lajeado
4302451,Boqueirão do Leão,RS,Rio Grande do Sul,Centro Oriental Rio-grandense,Sul,Lajeado,Santa Cruz do Sul - Lajeado
4302501,Bossoroca,RS,Rio Grande do Sul,Noroeste Rio-grandense,Sul,São Luiz Gonzaga,Ijuí
4302584,Bozano,RS,Rio Grande do Sul,Noroeste Rio-grandense,Sul,Ijuí,Ijuí
4302600,Braga,RS,Rio Grande do Sul,Noroeste Rio-grandense,Sul,Três Passos,Ijuí
4302659,Brochier,RS,Rio Grande do Sul,Metropolitana de Porto Alegre,Sul,Montenegro,Porto Alegre
4302709,Butiá,RS,Rio Grande do Sul,Metropolitana de Porto Alegre,Sul,Charqueadas - Triunfo - São Jerônimo,Porto Alegre
4302808,Caçapava do Sul,RS,Rio Grande do Sul,Sudeste Rio-grandense,Sul,São Gabriel - Caçapava do Sul,Santa Maria
4302907,Cacequi,RS,Rio Grande do Sul,Centro Ocidental Rio-grandense,Sul,Santa Maria,Santa Maria
4303004,Cachoeira do Sul,RS,Rio Grande do Sul,Centro Oriental Rio-grandense,Sul,Cachoeira do Sul,Santa Maria
4303103,Cachoeirinha,RS,Rio Grande do Sul,Metropolitana de Porto Alegre,Sul,Porto Alegre,Porto Alegre
4303202,Cacique Doble,RS,Rio Grande do Sul,Noroeste Rio-grandense,Sul,Lagoa Vermelha,Passo Fundo
4303301,Caibaté,RS,Rio Grande do Sul,Noroeste Rio-grandense,Sul,São Luiz Gonzaga,Ijuí
4303400,Caiçara,RS,Rio Grande do Sul,Noroeste Rio-grandense,Sul,Frederico Westphalen,Passo Fundo
4303509,Camaquã,RS,Rio Grande do Sul,Metropolitana de Porto Alegre,Sul,Camaquã,Porto Alegre
4303558,Camargo,RS,Rio Grande do Sul,Noroeste Rio-grandense,Sul,Marau,Passo Fundo
4303608,Cambará do Sul,RS,Rio Grande do Sul,Nordeste Rio-grandense,Sul,Caxias do Sul,Caxias do Sul
4303673,Campestre da Serra,RS,Rio Grande do Sul,Nordeste Rio-grandense,Sul,Caxias do Sul,Caxias do Sul
4303707,Campina das Missões,RS,Rio Grande do Sul,Noroeste Rio-grandense,Sul,Santa Rosa,Ijuí
4303806,Campinas do Sul,RS,Rio Grande do Sul,Noroeste Rio-grandense,Sul,Erechim,Passo Fundo
4303905,Campo Bom,RS,Rio Grande do Sul,Metropolitana de Porto Alegre,Sul,Novo Hamburgo - São Leopoldo,Porto Alegre
4304002,Campo Novo,RS,Rio Grande do Sul,Noroeste Rio-grandense,Sul,Três Passos,Ijuí
4304101,Campos Borges,RS,Rio Grande do Sul,Noroeste Rio-grandense,Sul,Passo Fundo,Passo Fundo
4304200,Candelária,RS,Rio Grande do Sul,Centro Oriental Rio-grandense,Sul,Santa Cruz do Sul,Santa Cruz do Sul - Lajeado
4304309,Cândido Godói,RS,Rio Grande do Sul,Noroeste Rio-grandense,Sul,Santa Rosa,Ijuí
4304358,Candiota,RS,Rio Grande do Sul,Sudeste Rio-grandense,Sul,Bagé,Pelotas
4304408,Canela,RS,Rio Grande do Sul,Metropolitana de Porto Alegre,Sul,Caxias do Sul,Caxias do Sul
4304507,Canguçu,RS,Rio Grande do Sul,Sudeste Rio-grandense,Sul,Pelotas,Pelotas
4304606,Canoas,RS,Rio Grande do Sul,Metropolitana de Porto Alegre,Sul,Porto Alegre,Porto Alegre
4304614,Canudos do Vale,RS,Rio Grande do Sul,Centro Oriental Rio-grandense,Sul,Lajeado,Santa Cruz do Sul - Lajeado
4304622,Capão Bonito do Sul,RS,Rio Grande do Sul,Nordeste Rio-grandense,Sul,Lagoa Vermelha,Passo Fundo
4304630,Capão da Canoa,RS,Rio Grande do Sul,Metropolitana de Porto Alegre,Sul,Tramandaí - Osório,Porto Alegre
4304655,Capão do Cipó,RS,Rio Grande do Sul,Centro Ocidental Rio-grandense,Sul,Santiago,Santa Maria
4304663,Capão do Leão,RS,Rio Grande do Sul,Sudeste Rio-grandense,Sul,Pelotas,Pelotas
4304671,Capivari do Sul,RS,Rio Grande do Sul,Metropolitana de Porto Alegre,Sul,Porto Alegre,Porto Alegre
4304689,Capela de Santana,RS,Rio Grande do Sul,Metropolitana de Porto Alegre,Sul,Novo Hamburgo - São Leopoldo,Porto Alegre
4304697,Capitão,RS,Rio Grande do Sul,Centro Oriental Rio-grandense,Sul,Lajeado,Santa Cruz do Sul - Lajeado
4304705,Carazinho,RS,Rio Grande do Sul,Noroeste Rio-grandense,Sul,Carazinho,Passo Fundo
4304713,Caraá,RS,Rio Grande do Sul,Metropolitana de Porto Alegre,Sul,Porto Alegre,Porto Alegre
4304804,Carlos Barbosa,RS,Rio Grande do Sul,Nordeste Rio-grandense,Sul,Bento Gonçalves,Caxias do Sul
4304853,Carlos Gomes,RS,Rio Grande do Sul,Noroeste Rio-grandense,Sul,Erechim,Passo Fundo
4304903,Casca,RS,Rio Grande do Sul,Noroeste Rio-grandense,Sul,Marau,Passo Fundo
4304952,Caseiros,RS,Rio Grande do Sul,Noroeste Rio-grandense,Sul,Lagoa Vermelha,Passo Fundo
4305009,Catuípe,RS,Rio Grande do Sul,Noroeste Rio-grandense,Sul,Ijuí,Ijuí
4305108,Caxias do Sul,RS,Rio Grande do Sul,Nordeste Rio-grandense,Sul,Caxias do Sul,Caxias do Sul
4305116,Centenário,RS,Rio Grande do Sul,Noroeste Rio-grandense,Sul,Erechim,Passo Fundo
4305124,Cerrito,RS,Rio Grande do Sul,Sudeste Rio-grandense,Sul,Pelotas,Pelotas
4305132,Cerro Branco,RS,Rio Grande do Sul,Centro Oriental Rio-grandense,Sul,Cachoeira do Sul,Santa Maria
4305157,Cerro Grande,RS,Rio Grande do Sul,Noroeste Rio-grandense,Sul,Palmeira das Missões,Passo Fundo
4305173,Cerro Grande do Sul,RS,Rio Grande do Sul,Metropolitana de Porto Alegre,Sul,Camaquã,Porto Alegre
4305207,Cerro Largo,RS,Rio Grande do Sul,Noroeste Rio-grandense,Sul,Cerro Largo,Ijuí
4305306,Chapada,RS,Rio Grande do Sul,Noroeste Rio-grandense,Sul,Carazinho,Passo Fundo
4305355,Charqueadas,RS,Rio Grande do Sul,Metropolitana de Porto Alegre,Sul,Charqueadas - Triunfo - São Jerônimo,Porto Alegre
4305371,Charrua,RS,Rio Grande do Sul,Noroeste Rio-grandense,Sul,Tapejara - Sananduva,Passo Fundo
4305405,Chiapetta,RS,Rio Grande do Sul,Noroeste Rio-grandense,Sul,Ijuí,Ijuí
4305439,Chuí,RS,Rio Grande do Sul,Sudeste Rio-grandense,Sul,Pelotas,Pelotas
4305447,Chuvisca,RS,Rio Grande do Sul,Metropolitana de Porto Alegre,Sul,Camaquã,Porto Alegre
4305454,Cidreira,RS,Rio Grande do Sul,Metropolitana de Porto Alegre,Sul,Tramandaí - Osório,Porto Alegre
4305504,Ciríaco,RS,Rio Grande do Sul,Noroeste Rio-grandense,Sul,Marau,Passo Fundo
4305587,Colinas,RS,Rio Grande do Sul,Centro Oriental Rio-grandense,Sul,Lajeado,Santa Cruz do Sul - Lajeado
4305603,Colorado,RS,Rio Grande do Sul,Noroeste Rio-grandense,Sul,Carazinho,Passo Fundo
4305702,Condor,RS,Rio Grande do Sul,Noroeste Rio-grandense,Sul,Ijuí,Ijuí
4305801,Constantina,RS,Rio Grande do Sul,Noroeste Rio-grandense,Sul,Carazinho,Passo Fundo
4305835,Coqueiro Baixo,RS,Rio Grande do Sul,Centro Oriental Rio-grandense,Sul,Lajeado,Santa Cruz do Sul - Lajeado
4305850,Coqueiros do Sul,RS,Rio Grande do Sul,Noroeste Rio-grandense,Sul,Carazinho,Passo Fundo
4305871,Coronel Barros,RS,Rio Grande do Sul,Noroeste Rio-grandense,Sul,Ijuí,Ijuí
4305900,Coronel Bicaco,RS,Rio Grande do Sul,Noroeste Rio-grandense,Sul,Ijuí,Ijuí
4305934,Coronel Pilar,RS,Rio Grande do Sul,Nordeste Rio-grandense,Sul,Bento Gonçalves,Caxias do Sul
4305959,Cotiporã,RS,Rio Grande do Sul,Nordeste Rio-grandense,Sul,Bento Gonçalves,Caxias do Sul
4305975,Coxilha,RS,Rio Grande do Sul,Noroeste Rio-grandense,Sul,Passo Fundo,Passo Fundo
4306007,Crissiumal,RS,Rio Grande do Sul,Noroeste Rio-grandense,Sul,Três Passos,Ijuí
4306056,Cristal,RS,Rio Grande do Sul,Sudeste Rio-grandense,Sul,Camaquã,Porto Alegre
4306072,Cristal do Sul,RS,Rio Grande do Sul,Noroeste Rio-grandense,Sul,Frederico Westphalen,Passo Fundo
4306106,Cruz Alta,RS,Rio Grande do Sul,Noroeste Rio-grandense,Sul,Cruz Alta,Passo Fundo
4306130,Cruzaltense,RS,Rio Grande do Sul,Noroeste Rio-grandense,Sul,Erechim,Passo Fundo
4306205,Cruzeiro do Sul,RS,Rio Grande do Sul,Centro Oriental Rio-grandense,Sul,Lajeado,Santa Cruz do Sul - Lajeado
4306304,David Canabarro,RS,Rio Grande do Sul,Noroeste Rio-grandense,Sul,Marau,Passo Fundo
4306320,Derrubadas,RS,Rio Grande do Sul,Noroeste Rio-grandense,Sul,Três Passos,Ijuí
4306353,Dezesseis de Novembro,RS,Rio Grande do Sul,Noroeste Rio-grandense,Sul,São Luiz Gonzaga,Ijuí
4306379,Dilermando de Aguiar,RS,Rio Grande do Sul,Centro Ocidental Rio-grandense,Sul,Santa Maria,Santa Maria
4306403,Dois Irmãos,RS,Rio Grande do Sul,Metropolitana de Porto Alegre,Sul,Novo Hamburgo - São Leopoldo,Porto Alegre
4306429,Dois Irmãos das Missões,RS,Rio Grande do Sul,Noroeste Rio-grandense,Sul,Palmeira das Missões,Passo Fundo
4306452,Dois Lajeados,RS,Rio Grande do Sul,Nordeste Rio-grandense,Sul,Nova Prata - Guaporé,Caxias do Sul
4306502,Dom Feliciano,RS,Rio Grande do Sul,Metropolitana de Porto Alegre,Sul,Camaquã,Porto Alegre
4306551,Dom Pedro de Alcântara,RS,Rio Grande do Sul,Metropolitana de Porto Alegre,Sul,Torres,Porto Alegre
4306601,Dom Pedrito,RS,Rio Grande do Sul,Sudoeste Rio-grandense,Sul,Bagé,Pelotas
4306700,Dona Francisca,RS,Rio Grande do Sul,Centro Ocidental Rio-grandense,Sul,Santa Maria,Santa Maria
4306734,Doutor Maurício Cardoso,RS,Rio Grande do Sul,Noroeste Rio-grandense,Sul,Três de Maio,Ijuí
4306759,Doutor Ricardo,RS,Rio Grande do Sul,Centro Oriental Rio-grandense,Sul,Encantado,Santa Cruz do Sul - Lajeado
4306767,Eldorado do Sul,RS,Rio Grande do Sul,Metropolitana de Porto Alegre,Sul,Porto Alegre,Porto Alegre
4306809,Encantado,RS,Rio Grande do Sul,Centro Oriental Rio-grandense,Sul,Encantado,Santa Cruz do Sul - Lajeado
4306908,Encruzilhada do Sul,RS,Rio Grande do Sul,Sudeste Rio-grandense,Sul,Santa Cruz do Sul,Santa Cruz do Sul - Lajeado
4306924,Engenho Velho,RS,Rio Grande do Sul,Noroeste Rio-grandense,Sul,Carazinho,Passo Fundo
4306932,Entre-Ijuís,RS,Rio Grande do Sul,Noroeste Rio-grandense,Sul,Santo Ângelo,Ijuí
4306957,Entre Rios do Sul,RS,Rio Grande do Sul,Noroeste Rio-grandense,Sul,Erechim,Passo Fundo
4306973,Erebango,RS,Rio Grande do Sul,Noroeste Rio-grandense,Sul,Erechim,Passo Fundo
4307005,Erechim,RS,Rio Grande do Sul,Noroeste Rio-grandense,Sul,Erechim,Passo Fundo
4307054,Ernestina,RS,Rio Grande do Sul,Noroeste Rio-grandense,Sul,Passo Fundo,Passo Fundo
4307104,Herval,RS,Rio Grande do Sul,Sudeste Rio-grandense,Sul,Pelotas,Pelotas
4307203,Erval Grande,RS,Rio Grande do Sul,Noroeste Rio-grandense,Sul,Erechim,Passo Fundo
4307302,Erval Seco,RS,Rio Grande do Sul,Noroeste Rio-grandense,Sul,Frederico Westphalen,Passo Fundo
4307401,Esmeralda,RS,Rio Grande do Sul,Nordeste Rio-grandense,Sul,Vacaria,Caxias do Sul
4307450,Esperança do Sul,RS,Rio Grande do Sul,Noroeste Rio-grandense,Sul,Três Passos,Ijuí
4307500,Espumoso,RS,Rio Grande do Sul,Noroeste Rio-grandense,Sul,Passo Fundo,Passo Fundo
4307559,Estação,RS,Rio Grande do Sul,Noroeste Rio-grandense,Sul,Erechim,Passo Fundo
4307609,Estância Velha,RS,Rio Grande do Sul,Metropolitana de Porto Alegre,Sul,Novo Hamburgo - São Leopoldo,Porto Alegre
4307708,Esteio,RS,Rio Grande do Sul,Metropolitana de Porto Alegre,Sul,Porto Alegre,Porto Alegre
4307807,Estrela,RS,Rio Grande do Sul,Centro Oriental Rio-grandense,Sul,Lajeado,Santa Cruz do Sul - Lajeado
4307815,Estrela Velha,RS,Rio Grande do Sul,Centro Oriental Rio-grandense,Sul,Sobradinho,Santa Cruz do Sul - Lajeado
4307831,Eugênio de Castro,RS,Rio Grande do Sul,Noroeste Rio-grandense,Sul,Santo Ângelo,Ijuí
4307864,Fagundes Varela,RS,Rio Grande do Sul,Nordeste Rio-grandense,Sul,Bento Gonçalves,Caxias do Sul
4307906,Farroupilha,RS,Rio Grande do Sul,Nordeste Rio-grandense,Sul,Caxias do Sul,Caxias do Sul
4308003,Faxinal do Soturno,RS,Rio Grande do Sul,Centro Ocidental Rio-grandense,Sul,Santa Maria,Santa Maria
4308052,Faxinalzinho,RS,Rio Grande do Sul,Noroeste Rio-grandense,Sul,Erechim,Passo Fundo
4308078,Fazenda Vilanova,RS,Rio Grande do Sul,Centro Oriental Rio-grandense,Sul,Lajeado,Santa Cruz do Sul - Lajeado
4308102,Feliz,RS,Rio Grande do Sul,Metropolitana de Porto Alegre,Sul,Caxias do Sul,Caxias do Sul
4308201,Flores da Cunha,RS,Rio Grande do Sul,Nordeste Rio-grandense,Sul,Caxias do Sul,Caxias do Sul
4308250,Floriano Peixoto,RS,Rio Grande do Sul,Noroeste Rio-grandense,Sul,Erechim,Passo Fundo
4308300,Fontoura Xavier,RS,Rio Grande do Sul,Noroeste Rio-grandense,Sul,Soledade,Passo Fundo
4308409,Formigueiro,RS,Rio Grande do Sul,Centro Ocidental Rio-grandense,Sul,Santa Maria,Santa Maria
4308433,Forquetinha,RS,Rio Grande do Sul,Centro Oriental Rio-grandense,Sul,Lajeado,Santa Cruz do Sul - Lajeado
4308458,Fortaleza dos Valos,RS,Rio Grande do Sul,Noroeste Rio-grandense,Sul,Cruz Alta,Passo Fundo
4308508,Frederico Westphalen,RS,Rio Grande do Sul,Noroeste Rio-grandense,Sul,Frederico Westphalen,Passo Fundo
4308607,Garibaldi,RS,Rio Grande do Sul,Nordeste Rio-grandense,Sul,Bento Gonçalves,Caxias do Sul
4308656,Garruchos,RS,Rio Grande do Sul,Sudoeste Rio-grandense,Sul,São Luiz Gonzaga,Ijuí
4308706,Gaurama,RS,Rio Grande do Sul,Noroeste Rio-grandense,Sul,Erechim,Passo Fundo
4308805,General Câmara,RS,Rio Grande do Sul,Metropolitana de Porto Alegre,Sul,Charqueadas - Triunfo - São Jerônimo,Porto Alegre
4308854,Gentil,RS,Rio Grande do Sul,Noroeste Rio-grandense,Sul,Marau,Passo Fundo
4308904,Getúlio Vargas,RS,Rio Grande do Sul,Noroeste Rio-grandense,Sul,Erechim,Passo Fundo
4309001,Giruá,RS,Rio Grande do Sul,Noroeste Rio-grandense,Sul,Santo Ângelo,Ijuí
4309050,Glorinha,RS,Rio Grande do Sul,Metropolitana de Porto Alegre,Sul,Porto Alegre,Porto Alegre
4309100,Gramado,RS,Rio Grande do Sul,Metropolitana de Porto Alegre,Sul,Caxias do Sul,Caxias do Sul
4309126,Gramado dos Loureiros,RS,Rio Grande do Sul,Noroeste Rio-grandense,Sul,Nonoai,Passo Fundo
4309159,Gramado Xavier,RS,Rio Grande do Sul,Centro Oriental Rio-grandense,Sul,Santa Cruz do Sul,Santa Cruz do Sul - Lajeado
4309209,Gravataí,RS,Rio Grande do Sul,Metropolitana de Porto Alegre,Sul,Porto Alegre,Porto Alegre
4309258,Guabiju,RS,Rio Grande do Sul,Nordeste Rio-grandense,Sul,Nova Prata - Guaporé,Caxias do Sul
4309308,Guaíba,RS,Rio Grande do Sul,Metropolitana de Porto Alegre,Sul,Porto Alegre,Porto Alegre
4309407,Guaporé,RS,Rio Grande do Sul,Nordeste Rio-grandense,Sul,Nova Prata - Guaporé,Caxias do Sul
4309506,Guarani das Missões,RS,Rio Grande do Sul,Noroeste Rio-grandense,Sul,Santo Ângelo,Ijuí
4309555,Harmonia,RS,Rio Grande do Sul,Metropolitana de Porto Alegre,Sul,Novo Hamburgo - São Leopoldo,Porto Alegre
4309571,Herveiras,RS,Rio Grande do Sul,Centro Oriental Rio-grandense,Sul,Santa Cruz do Sul,Santa Cruz do Sul - Lajeado
4309605,Horizontina,RS,Rio Grande do Sul,Noroeste Rio-grandense,Sul,Três de Maio,Ijuí
4309654,Hulha Negra,RS,Rio Grande do Sul,Sudoeste Rio-grandense,Sul,Bagé,Pelotas
4309704,Humaitá,RS,Rio Grande do Sul,Noroeste Rio-grandense,Sul,Três Passos,Ijuí
4309753,Ibarama,RS,Rio Grande do Sul,Centro Oriental Rio-grandense,Sul,Sobradinho,Santa Cruz do Sul - Lajeado
4309803,Ibiaçá,RS,Rio Grande do Sul,Noroeste Rio-grandense,Sul,Tapejara - Sananduva,Passo Fundo
4309902,Ibiraiaras,RS,Rio Grande do Sul,Noroeste Rio-grandense,Sul,Lagoa Vermelha,Passo Fundo
4309951,Ibirapuitã,RS,Rio Grande do Sul,Noroeste Rio-grandense,Sul,Soledade,Passo Fundo
4310009,Ibirubá,RS,Rio Grande do Sul,Noroeste Rio-grandense,Sul,Cruz Alta,Passo Fundo
4310108,Igrejinha,RS,Rio Grande do Sul,Metropolitana de Porto Alegre,Sul,Taquara - Parobé - Igrejinha,Porto Alegre
4310207,Ijuí,RS,Rio Grande do Sul,Noroeste Rio-grandense,Sul,Ijuí,Ijuí
4310306,Ilópolis,RS,Rio Grande do Sul,Nordeste Rio-grandense,Sul,Encantado,Santa Cruz do Sul - Lajeado
4310330,Imbé,RS,Rio Grande do Sul,Metropolitana de Porto Alegre,Sul,Tramandaí - Osório,Porto Alegre
4310363,Imigrante,RS,Rio Grande do Sul,Centro Oriental Rio-grandense,Sul,Lajeado,Santa Cruz do Sul - Lajeado
4310405,Independência,RS,Rio Grande do Sul,Noroeste Rio-grandense,Sul,Três de Maio,Ijuí
4310413,Inhacorá,RS,Rio Grande do Sul,Noroeste Rio-grandense,Sul,Ijuí,Ijuí
4310439,Ipê,RS,Rio Grande do Sul,Nordeste Rio-grandense,Sul,Caxias do Sul,Caxias do Sul
4310462,Ipiranga do Sul,RS,Rio Grande do Sul,Noroeste Rio-grandense,Sul,Erechim,Passo Fundo
4310504,Iraí,RS,Rio Grande do Sul,Noroeste Rio-grandense,Sul,Frederico Westphalen,Passo Fundo
4310538,Itaara,RS,Rio Grande do Sul,Centro Ocidental Rio-grandense,Sul,Santa Maria,Santa Maria
4310553,Itacurubi,RS,Rio Grande do Sul,Centro Ocidental Rio-grandense,Sul,Santiago,Santa Maria
4310579,Itapuca,RS,Rio Grande do Sul,Nordeste Rio-grandense,Sul,Soledade,Passo Fundo
4310603,Itaqui,RS,Rio Grande do Sul,Sudoeste Rio-grandense,Sul,São Borja,Uruguaiana
4310652,Itati,RS,Rio Grande do Sul,Metropolitana de Porto Alegre,Sul,Tramandaí - Osório,Porto Alegre
4310702,Itatiba do Sul,RS,Rio Grande do Sul,Noroeste Rio-grandense,Sul,Erechim,Passo Fundo
4310751,Ivorá,RS,Rio Grande do Sul,Centro Ocidental Rio-grandense,Sul,Santa Maria,Santa Maria
4310801,Ivoti,RS,Rio Grande do Sul,Metropolitana de Porto Alegre,Sul,Novo Hamburgo - São Leopoldo,Porto Alegre
4310850,Jaboticaba,RS,Rio Grande do Sul,Noroeste Rio-grandense,Sul,Frederico Westphalen,Passo Fundo
4310876,Jacuizinho,RS,Rio Grande do Sul,Noroeste Rio-grandense,Sul,Cruz Alta,Passo Fundo
4310900,Jacutinga,RS,Rio Grande do Sul,Noroeste Rio-grandense,Sul,Erechim,Passo Fundo
4311007,Jaguarão,RS,Rio Grande do Sul,Sudeste Rio-grandense,Sul,Pelotas,Pelotas
4311106,Jaguari,RS,Rio Grande do Sul,Centro Ocidental Rio-grandense,Sul,Santa Maria,Santa Maria
4311122,Jaquirana,RS,Rio Grande do Sul,Nordeste Rio-grandense,Sul,Vacaria,Caxias do Sul
4311130,Jari,RS,Rio Grande do Sul,Centro Ocidental Rio-grandense,Sul,Santa Maria,Santa Maria
4311155,Jóia,RS,Rio Grande do Sul,Noroeste Rio-grandense,Sul,Ijuí,Ijuí
4311205,Júlio de Castilhos,RS,Rio Grande do Sul,Centro Ocidental Rio-grandense,Sul,Santa Maria,Santa Maria
4311239,Lagoa Bonita do Sul,RS,Rio Grande do Sul,Centro Oriental Rio-grandense,Sul,Sobradinho,Santa Cruz do Sul - Lajeado
4311254,Lagoão,RS,Rio Grande do Sul,Noroeste Rio-grandense,Sul,Sobradinho,Santa Cruz do Sul - Lajeado
4311270,Lagoa dos Três Cantos,RS,Rio Grande do Sul,Noroeste Rio-grandense,Sul,Passo Fundo,Passo Fundo
4311304,Lagoa Vermelha,RS,Rio Grande do Sul,Nordeste Rio-grandense,Sul,Lagoa Vermelha,Passo Fundo
4311403,Lajeado,RS,Rio Grande do Sul,Centro Oriental Rio-grandense,Sul,Lajeado,Santa Cruz do Sul - Lajeado
4311429,Lajeado do Bugre,RS,Rio Grande do Sul,Noroeste Rio-grandense,Sul,Palmeira das Missões,Passo Fundo
4311502,Lavras do Sul,RS,Rio Grande do Sul,Sudoeste Rio-grandense,Sul,São Gabriel - Caçapava do Sul,Santa Maria
4311601,Liberato Salzano,RS,Rio Grande do Sul,Noroeste Rio-grandense,Sul,Frederico Westphalen,Passo Fundo
4311627,Lindolfo Collor,RS,Rio Grande do Sul,Metropolitana de Porto Alegre,Sul,Novo Hamburgo - São Leopoldo,Porto Alegre
4311643,Linha Nova,RS,Rio Grande do Sul,Metropolitana de Porto Alegre,Sul,Novo Hamburgo - São Leopoldo,Porto Alegre
4311700,Machadinho,RS,Rio Grande do Sul,Noroeste Rio-grandense,Sul,Lagoa Vermelha,Passo Fundo
4311718,Maçambará,RS,Rio Grande do Sul,Sudoeste Rio-grandense,Sul,São Borja,Uruguaiana
4311734,Mampituba,RS,Rio Grande do Sul,Metropolitana de Porto Alegre,Sul,Torres,Porto Alegre
4311759,Manoel Viana,RS,Rio Grande do Sul,Sudoeste Rio-grandense,Sul,Uruguaiana,Uruguaiana
4311775,Maquiné,RS,Rio Grande do Sul,Metropolitana de Porto Alegre,Sul,Tramandaí - Osório,Porto Alegre
4311791,Maratá,RS,Rio Grande do Sul,Metropolitana de Porto Alegre,Sul,Montenegro,Porto Alegre
4311809,Marau,RS,Rio Grande do Sul,Noroeste Rio-grandense,Sul,Marau,Passo Fundo
4311908,Marcelino Ramos,RS,Rio Grande do Sul,Noroeste Rio-grandense,Sul,Erechim,Passo Fundo
4311981,Mariana Pimentel,RS,Rio Grande do Sul,Metropolitana de Porto Alegre,Sul,Porto Alegre,Porto Alegre
4312005,Mariano Moro,RS,Rio Grande do Sul,Noroeste Rio-grandense,Sul,Erechim,Passo Fundo
4312054,Marques de Souza,RS,Rio Grande do Sul,Centro Oriental Rio-grandense,Sul,Lajeado,Santa Cruz do Sul - Lajeado
4312104,Mata,RS,Rio Grande do Sul,Centro Ocidental Rio-grandense,Sul,Santa Maria,Santa Maria
4312138,Mato Castelhano,RS,Rio Grande do Sul,Noroeste Rio-grandense,Sul,Passo Fundo,Passo Fundo
4312153,Mato Leitão,RS,Rio Grande do Sul,Centro Oriental Rio-grandense,Sul,Santa Cruz do Sul,Santa Cruz do Sul - Lajeado
4312179,Mato Queimado,RS,Rio Grande do Sul,Noroeste Rio-grandense,Sul,Cerro Largo,Ijuí
4312203,Maximiliano de Almeida,RS,Rio Grande do Sul,Noroeste Rio-grandense,Sul,Tapejara - Sananduva,Passo Fundo
4312252,Minas do Leão,RS,Rio Grande do Sul,Metropolitana de Porto Alegre,Sul,Charqueadas - Triunfo - São Jerônimo,Porto Alegre
4312302,Miraguaí,RS,Rio Grande do Sul,Noroeste Rio-grandense,Sul,Três Passos,Ijuí
4312351,Montauri,RS,Rio Grande do Sul,Nordeste Rio-grandense,Sul,Nova Prata - Guaporé,Caxias do Sul
4312377,Monte Alegre dos Campos,RS,Rio Grande do Sul,Nordeste Rio-grandense,Sul,Vacaria,Caxias do Sul
4312385,Monte Belo do Sul,RS,Rio Grande do Sul,Nordeste Rio-grandense,Sul,Bento Gonçalves,Caxias do Sul
4312401,Montenegro,RS,Rio Grande do Sul,Metropolitana de Porto Alegre,Sul,Montenegro,Porto Alegre
4312427,Mormaço,RS,Rio Grande do Sul,Noroeste Rio-grandense,Sul,Soledade,Passo Fundo
4312443,Morrinhos do Sul,RS,Rio Grande do Sul,Metropolitana de Porto Alegre,Sul,Torres,Porto Alegre
4312450,Morro Redondo,RS,Rio Grande do Sul,Sudeste Rio-grandense,Sul,Pelotas,Pelotas
4312476,Morro Reuter,RS,Rio Grande do Sul,Metropolitana de Porto Alegre,Sul,Novo Hamburgo - São Leopoldo,Porto Alegre
4312500,Mostardas,RS,Rio Grande do Sul,Metropolitana de Porto Alegre,Sul,Porto Alegre,Porto Alegre
4312609,Muçum,RS,Rio Grande do Sul,Centro Oriental Rio-grandense,Sul,Encantado,Santa Cruz do Sul - Lajeado
4312617,Muitos Capões,RS,Rio Grande do Sul,Nordeste Rio-grandense,Sul,Vacaria,Caxias do Sul
4312625,Muliterno,RS,Rio Grande do Sul,Noroeste Rio-grandense,Sul,Marau,Passo Fundo
4312658,Não-Me-Toque,RS,Rio Grande do Sul,Noroeste Rio-grandense,Sul,Carazinho,Passo Fundo
4312674,Nicolau Vergueiro,RS,Rio Grande do Sul,Noroeste Rio-grandense,Sul,Passo Fundo,Passo Fundo
4312708,Nonoai,RS,Rio Grande do Sul,Noroeste Rio-grandense,Sul,Nonoai,Passo Fundo
4312757,Nova Alvorada,RS,Rio Grande do Sul,Nordeste Rio-grandense,Sul,Marau,Passo Fundo
4312807,Nova Araçá,RS,Rio Grande do Sul,Nordeste Rio-grandense,Sul,Nova Prata - Guaporé,Caxias do Sul
4312906,Nova Bassano,RS,Rio Grande do Sul,Nordeste Rio-grandense,Sul,Nova Prata - Guaporé,Caxias do Sul
4312955,Nova Boa Vista,RS,Rio Grande do Sul,Noroeste Rio-grandense,Sul,Carazinho,Passo Fundo
4313003,Nova Bréscia,RS,Rio Grande do Sul,Centro Oriental Rio-grandense,Sul,Encantado,Santa Cruz do Sul - Lajeado
4313011,Nova Candelária,RS,Rio Grande do Sul,Noroeste Rio-grandense,Sul,Três de Maio,Ijuí
4313037,Nova Esperança do Sul,RS,Rio Grande do Sul,Centro Ocidental Rio-grandense,Sul,Santiago,Santa Maria
4313060,Nova Hartz,RS,Rio Grande do Sul,Metropolitana de Porto Alegre,Sul,Novo Hamburgo - São Leopoldo,Porto Alegre
4313086,Nova Pádua,RS,Rio Grande do Sul,Nordeste Rio-grandense,Sul,Caxias do Sul,Caxias do Sul
4313102,Nova Palma,RS,Rio Grande do Sul,Centro Ocidental Rio-grandense,Sul,Santa Maria,Santa Maria
4313201,Nova Petrópolis,RS,Rio Grande do Sul,Metropolitana de Porto Alegre,Sul,Caxias do Sul,Caxias do Sul
4313300,Nova Prata,RS,Rio Grande do Sul,Nordeste Rio-grandense,Sul,Nova Prata - Guaporé,Caxias do Sul
4313334,Nova Ramada,RS,Rio Grande do Sul,Noroeste Rio-grandense,Sul,Ijuí,Ijuí
4313359,Nova Roma do Sul,RS,Rio Grande do Sul,Nordeste Rio-grandense,Sul,Caxias do Sul,Caxias do Sul
4313375,Nova Santa Rita,RS,Rio Grande do Sul,Metropolitana de Porto Alegre,Sul,Porto Alegre,Porto Alegre
4313391,Novo Cabrais,RS,Rio Grande do Sul,Centro Oriental Rio-grandense,Sul,Cachoeira do Sul,Santa Maria
4313409,Novo Hamburgo,RS,Rio Grande do Sul,Metropolitana de Porto Alegre,Sul,Novo Hamburgo - São Leopoldo,Porto Alegre
4313425,Novo Machado,RS,Rio Grande do Sul,Noroeste Rio-grandense,Sul,Santa Rosa,Ijuí
4313441,Novo Tiradentes,RS,Rio Grande do Sul,Noroeste Rio-grandense,Sul,Frederico Westphalen,Passo Fundo
4313466,Novo Xingu,RS,Rio Grande do Sul,Noroeste Rio-grandense,Sul,Carazinho,Passo Fundo
4313490,Novo Barreiro,RS,Rio Grande do Sul,Noroeste Rio-grandense,Sul,Palmeira das Missões,Passo Fundo
4313508,Osório,RS,Rio Grande do Sul,Metropolitana de Porto Alegre,Sul,Tramandaí - Osório,Porto Alegre
4313607,Paim Filho,RS,Rio Grande do Sul,Noroeste Rio-grandense,Sul,Tapejara - Sananduva,Passo Fundo
4313656,Palmares do Sul,RS,Rio Grande do Sul,Metropolitana de Porto Alegre,Sul,Porto Alegre,Porto Alegre
4313706,Palmeira das Missões,RS,Rio Grande do Sul,Noroeste Rio-grandense,Sul,Palmeira das Missões,Passo Fundo
4313805,Palmitinho,RS,Rio Grande do Sul,Noroeste Rio-grandense,Sul,Frederico Westphalen,Passo Fundo
4313904,Panambi,RS,Rio Grande do Sul,Noroeste Rio-grandense,Sul,Ijuí,Ijuí
4313953,Pantano Grande,RS,Rio Grande do Sul,Centro Oriental Rio-grandense,Sul,Santa Cruz do Sul,Santa Cruz do Sul - Lajeado
4314001,Paraí,RS,Rio Grande do Sul,Nordeste Rio-grandense,Sul,Nova Prata - Guaporé,Caxias do Sul
4314027,Paraíso do Sul,RS,Rio Grande do Sul,Centro Oriental Rio-grandense,Sul,Cachoeira do Sul,Santa Maria
4314035,Pareci Novo,RS,Rio Grande do Sul,Metropolitana de Porto Alegre,Sul,Montenegro,Porto Alegre
4314050,Parobé,RS,Rio Grande do Sul,Metropolitana de Porto Alegre,Sul,Taquara - Parobé - Igrejinha,Porto Alegre
4314068,Passa Sete,RS,Rio Grande do Sul,Centro Oriental Rio-grandense,Sul,Sobradinho,Santa Cruz do Sul - Lajeado
4314076,Passo do Sobrado,RS,Rio Grande do Sul,Centro Oriental Rio-grandense,Sul,Santa Cruz do Sul,Santa Cruz do Sul - Lajeado
4314100,Passo Fundo,RS,Rio Grande do Sul,Noroeste Rio-grandense,Sul,Passo Fundo,Passo Fundo
4314134,Paulo Bento,RS,Rio Grande do Sul,Noroeste Rio-grandense,Sul,Erechim,Passo Fundo
4314159,Paverama,RS,Rio Grande do Sul,Centro Oriental Rio-grandense,Sul,Lajeado,Santa Cruz do Sul - Lajeado
4314175,Pedras Altas,RS,Rio Grande do Sul,Sudeste Rio-grandense,Sul,Bagé,Pelotas
4314209,Pedro Osório,RS,Rio Grande do Sul,Sudeste Rio-grandense,Sul,Pelotas,Pelotas
4314308,Pejuçara,RS,Rio Grande do Sul,Noroeste Rio-grandense,Sul,Ijuí,Ijuí
4314407,Pelotas,RS,Rio Grande do Sul,Sudeste Rio-grandense,Sul,Pelotas,Pelotas
4314423,Picada Café,RS,Rio Grande do Sul,Metropolitana de Porto Alegre,Sul,Caxias do Sul,Caxias do Sul
4314456,Pinhal,RS,Rio Grande do Sul,Noroeste Rio-grandense,Sul,Frederico Westphalen,Passo Fundo
4314464,Pinhal da Serra,RS,Rio Grande do Sul,Nordeste Rio-grandense,Sul,Vacaria,Caxias do Sul
4314472,Pinhal Grande,RS,Rio Grande do Sul,Centro Ocidental Rio-grandense,Sul,Santa Maria,Santa Maria
4314498,Pinheirinho do Vale,RS,Rio Grande do Sul,Noroeste Rio-grandense,Sul,Frederico Westphalen,Passo Fundo
4314506,Pinheiro Machado,RS,Rio Grande do Sul,Sudeste Rio-grandense,Sul,Bagé,Pelotas
4314548,Pinto Bandeira,RS,Rio Grande do Sul,Nordeste Rio-grandense,Sul,Bento Gonçalves,Caxias do Sul
4314555,Pirapó,RS,Rio Grande do Sul,Noroeste Rio-grandense,Sul,São Luiz Gonzaga,Ijuí
4314605,Piratini,RS,Rio Grande do Sul,Sudeste Rio-grandense,Sul,Pelotas,Pelotas
4314704,Planalto,RS,Rio Grande do Sul,Noroeste Rio-grandense,Sul,Nonoai,Passo Fundo
4314753,Poço das Antas,RS,Rio Grande do Sul,Metropolitana de Porto Alegre,Sul,Lajeado,Santa Cruz do Sul - Lajeado
4314779,Pontão,RS,Rio Grande do Sul,Noroeste Rio-grandense,Sul,Passo Fundo,Passo Fundo
4314787,Ponte Preta,RS,Rio Grande do Sul,Noroeste Rio-grandense,Sul,Erechim,Passo Fundo
4314803,Portão,RS,Rio Grande do Sul,Metropolitana de Porto Alegre,Sul,Novo Hamburgo - São Leopoldo,Porto Alegre
4314902,Porto Alegre,RS,Rio Grande do Sul,Metropolitana de Porto Alegre,Sul,Porto Alegre,Porto Alegre
4315008,Porto Lucena,RS,Rio Grande do Sul,Noroeste Rio-grandense,Sul,Santa Rosa,Ijuí
4315057,Porto Mauá,RS,Rio Grande do Sul,Noroeste Rio-grandense,Sul,Santa Rosa,Ijuí
4315073,Porto Vera Cruz,RS,Rio Grande do Sul,Noroeste Rio-grandense,Sul,Santa Rosa,Ijuí
4315107,Porto Xavier,RS,Rio Grande do Sul,Noroeste Rio-grandense,Sul,Cerro Largo,Ijuí
4315131,Pouso Novo,RS,Rio Grande do Sul,Centro Oriental Rio-grandense,Sul,Lajeado,Santa Cruz do Sul - Lajeado
4315149,Presidente Lucena,RS,Rio Grande do Sul,Metropolitana de Porto Alegre,Sul,Novo Hamburgo - São Leopoldo,Porto Alegre
4315156,Progresso,RS,Rio Grande do Sul,Centro Oriental Rio-grandense,Sul,Lajeado,Santa Cruz do Sul - Lajeado
4315172,Protásio Alves,RS,Rio Grande do Sul,Nordeste Rio-grandense,Sul,Nova Prata - Guaporé,Caxias do Sul
4315206,Putinga,RS,Rio Grande do Sul,Nordeste Rio-grandense,Sul,Encantado,Santa Cruz do Sul - Lajeado
4315305,Quaraí,RS,Rio Grande do Sul,Sudoeste Rio-grandense,Sul,Santana do Livramento,Uruguaiana
4315313,Quatro Irmãos,RS,Rio Grande do Sul,Noroeste Rio-grandense,Sul,Erechim,Passo Fundo
4315321,Quevedos,RS,Rio Grande do Sul,Centro Ocidental Rio-grandense,Sul,Santa Maria,Santa Maria
4315354,Quinze de Novembro,RS,Rio Grande do Sul,Noroeste Rio-grandense,Sul,Cruz Alta,Passo Fundo
4315404,Redentora,RS,Rio Grande do Sul,Noroeste Rio-grandense,Sul,Três Passos,Ijuí
4315453,Relvado,RS,Rio Grande do Sul,Centro Oriental Rio-grandense,Sul,Encantado,Santa Cruz do Sul - Lajeado
4315503,Restinga Sêca,RS,Rio Grande do Sul,Centro Ocidental Rio-grandense,Sul,Santa Maria,Santa Maria
4315552,Rio dos Índios,RS,Rio Grande do Sul,Noroeste Rio-grandense,Sul,Nonoai,Passo Fundo
4315602,Rio Grande,RS,Rio Grande do Sul,Sudeste Rio-grandense,Sul,Pelotas,Pelotas
4315701,Rio Pardo,RS,Rio Grande do Sul,Centro Oriental Rio-grandense,Sul,Santa Cruz do Sul,Santa Cruz do Sul - Lajeado
4315750,Riozinho,RS,Rio Grande do Sul,Metropolitana de Porto Alegre,Sul,Taquara - Parobé - Igrejinha,Porto Alegre
4315800,Roca Sales,RS,Rio Grande do Sul,Centro Oriental Rio-grandense,Sul,Encantado,Santa Cruz do Sul - Lajeado
4315909,Rodeio Bonito,RS,Rio Grande do Sul,Noroeste Rio-grandense,Sul,Frederico Westphalen,Passo Fundo
4315958,Rolador,RS,Rio Grande do Sul,Noroeste Rio-grandense,Sul,São Luiz Gonzaga,Ijuí
4316006,Rolante,RS,Rio Grande do Sul,Metropolitana de Porto Alegre,Sul,Taquara - Parobé - Igrejinha,Porto Alegre
4316105,Ronda Alta,RS,Rio Grande do Sul,Noroeste Rio-grandense,Sul,Passo Fundo,Passo Fundo
4316204,Rondinha,RS,Rio Grande do Sul,Noroeste Rio-grandense,Sul,Carazinho,Passo Fundo
4316303,Roque Gonzales,RS,Rio Grande do Sul,Noroeste Rio-grandense,Sul,Cerro Largo,Ijuí
4316402,Rosário do Sul,RS,Rio Grande do Sul,Sudoeste Rio-grandense,Sul,Santana do Livramento,Uruguaiana
4316428,Sagrada Família,RS,Rio Grande do Sul,Noroeste Rio-grandense,Sul,Palmeira das Missões,Passo Fundo
4316436,Saldanha Marinho,RS,Rio Grande do Sul,Noroeste Rio-grandense,Sul,Carazinho,Passo Fundo
4316451,Salto do Jacuí,RS,Rio Grande do Sul,Noroeste Rio-grandense,Sul,Cruz Alta,Passo Fundo
4316477,Salvador das Missões,RS,Rio Grande do Sul,Noroeste Rio-grandense,Sul,Cerro Largo,Ijuí
4316501,Salvador do Sul,RS,Rio Grande do Sul,Metropolitana de Porto Alegre,Sul,Montenegro,Porto Alegre
4316600,Sananduva,RS,Rio Grande do Sul,Noroeste Rio-grandense,Sul,Tapejara - Sananduva,Passo Fundo
4316709,Santa Bárbara do Sul,RS,Rio Grande do Sul,Noroeste Rio-grandense,Sul,Cruz Alta,Passo Fundo
4316733,Santa Cecília do Sul,RS,Rio Grande do Sul,Noroeste Rio-grandense,Sul,Tapejara - Sananduva,Passo Fundo
4316758,Santa Clara do Sul,RS,Rio Grande do Sul,Centro Oriental Rio-grandense,Sul,Lajeado,Santa Cruz do Sul - Lajeado
4316808,Santa Cruz do Sul,RS,Rio Grande do Sul,Centro Oriental Rio-grandense,Sul,Santa Cruz do Sul,Santa Cruz do Sul - Lajeado
4316907,Santa Maria,RS,Rio Grande do Sul,Centro Ocidental Rio-grandense,Sul,Santa Maria,Santa Maria
4316956,Santa Maria do Herval,RS,Rio Grande do Sul,Metropolitana de Porto Alegre,Sul,Novo Hamburgo - São Leopoldo,Porto Alegre
4316972,Santa Margarida do Sul,RS,Rio Grande do Sul,Sudoeste Rio-grandense,Sul,São Gabriel - Caçapava do Sul,Santa Maria
4317004,Santana da Boa Vista,RS,Rio Grande do Sul,Sudeste Rio-grandense,Sul,São Gabriel - Caçapava do Sul,Santa Maria
4317103,Sant'Ana do Livramento,RS,Rio Grande do Sul,Sudoeste Rio-grandense,Sul,Santana do Livramento,Uruguaiana
4317202,Santa Rosa,RS,Rio Grande do Sul,Noroeste Rio-grandense,Sul,Santa Rosa,Ijuí
4317251,Santa Tereza,RS,Rio Grande do Sul,Nordeste Rio-grandense,Sul,Bento Gonçalves,Caxias do Sul
4317301,Santa Vitória do Palmar,RS,Rio Grande do Sul,Sudeste Rio-grandense,Sul,Pelotas,Pelotas
4317400,Santiago,RS,Rio Grande do Sul,Centro Ocidental Rio-grandense,Sul,Santiago,Santa Maria
4317509,Santo Ângelo,RS,Rio Grande do Sul,Noroeste Rio-grandense,Sul,Santo Ângelo,Ijuí
4317558,Santo Antônio do Palma,RS,Rio Grande do Sul,Noroeste Rio-grandense,Sul,Marau,Passo Fundo
4317608,Santo Antônio da Patrulha,RS,Rio Grande do Sul,Metropolitana de Porto Alegre,Sul,Porto Alegre,Porto Alegre
4317707,Santo Antônio das Missões,RS,Rio Grande do Sul,Noroeste Rio-grandense,Sul,São Luiz Gonzaga,Ijuí
4317756,Santo Antônio do Planalto,RS,Rio Grande do Sul,Noroeste Rio-grandense,Sul,Carazinho,Passo Fundo
4317806,Santo Augusto,RS,Rio Grande do Sul,Noroeste Rio-grandense,Sul,Ijuí,Ijuí
4317905,Santo Cristo,RS,Rio Grande do Sul,Noroeste Rio-grandense,Sul,Santa Rosa,Ijuí
4317954,Santo Expedito do Sul,RS,Rio Grande do Sul,Noroeste Rio-grandense,Sul,Tapejara - Sananduva,Passo Fundo
4318002,São Borja,RS,Rio Grande do Sul,Sudoeste Rio-grandense,Sul,São Borja,Uruguaiana
4318051,São Domingos do Sul,RS,Rio Grande do Sul,Noroeste Rio-grandense,Sul,Marau,Passo Fundo
4318101,São Francisco de Assis,RS,Rio Grande do Sul,Sudoeste Rio-grandense,Sul,Santa Maria,Santa Maria
4318200,São Francisco de Paula,RS,Rio Grande do Sul,Nordeste Rio-grandense,Sul,Caxias do Sul,Caxias do Sul
4318309,São Gabriel,RS,Rio Grande do Sul,Sudoeste Rio-grandense,Sul,São Gabriel - Caçapava do Sul,Santa Maria
4318408,São Jerônimo,RS,Rio Grande do Sul,Metropolitana de Porto Alegre,Sul,Charqueadas - Triunfo - São Jerônimo,Porto Alegre
4318424,São João da Urtiga,RS,Rio Grande do Sul,Noroeste Rio-grandense,Sul,Tapejara - Sananduva,Passo Fundo
4318432,São João do Polêsine,RS,Rio Grande do Sul,Centro Ocidental Rio-grandense,Sul,Santa Maria,Santa Maria
4318440,São Jorge,RS,Rio Grande do Sul,Nordeste Rio-grandense,Sul,Nova Prata - Guaporé,Caxias do Sul
4318457,São José das Missões,RS,Rio Grande do Sul,Noroeste Rio-grandense,Sul,Palmeira das Missões,Passo Fundo
4318465,São José do Herval,RS,Rio Grande do Sul,Noroeste Rio-grandense,Sul,Soledade,Passo Fundo
4318481,São José do Hortêncio,RS,Rio Grande do Sul,Metropolitana de Porto Alegre,Sul,Novo Hamburgo - São Leopoldo,Porto Alegre
4318499,São José do Inhacorá,RS,Rio Grande do Sul,Noroeste Rio-grandense,Sul,Três de Maio,Ijuí
4318507,São José do Norte,RS,Rio Grande do Sul,Sudeste Rio-grandense,Sul,Pelotas,Pelotas
4318606,São José do Ouro,RS,Rio Grande do Sul,Noroeste Rio-grandense,Sul,Lagoa Vermelha,Passo Fundo
4318614,São José do Sul,RS,Rio Grande do Sul,Metropolitana de Porto Alegre,Sul,Montenegro,Porto Alegre
4318622,São José dos Ausentes,RS,Rio Grande do Sul,Nordeste Rio-grandense,Sul,Vacaria,Caxias do Sul
4318705,São Leopoldo,RS,Rio Grande do Sul,Metropolitana de Porto Alegre,Sul,Novo Hamburgo - São Leopoldo,Porto Alegre
4318804,São Lourenço do Sul,RS,Rio Grande do Sul,Sudeste Rio-grandense,Sul,Pelotas,Pelotas
4318903,São Luiz Gonzaga,RS,Rio Grande do Sul,Noroeste Rio-grandense,Sul,São Luiz Gonzaga,Ijuí
4319000,São Marcos,RS,Rio Grande do Sul,Nordeste Rio-grandense,Sul,Caxias do Sul,Caxias do Sul
4319109,São Martinho,RS,Rio Grande do Sul,Noroeste Rio-grandense,Sul,Três Passos,Ijuí
4319125,São Martinho da Serra,RS,Rio Grande do Sul,Centro Ocidental Rio-grandense,Sul,Santa Maria,Santa Maria
4319158,São Miguel das Missões,RS,Rio Grande do Sul,Noroeste Rio-grandense,Sul,Santo Ângelo,Ijuí
4319208,São Nicolau,RS,Rio Grande do Sul,Noroeste Rio-grandense,Sul,São Luiz Gonzaga,Ijuí
4319307,São Paulo das Missões,RS,Rio Grande do Sul,Noroeste Rio-grandense,Sul,Cerro Largo,Ijuí
4319356,São Pedro da Serra,RS,Rio Grande do Sul,Metropolitana de Porto Alegre,Sul,Montenegro,Porto Alegre
4319364,São Pedro das Missões,RS,Rio Grande do Sul,Noroeste Rio-grandense,Sul,Palmeira das Missões,Passo Fundo
4319372,São Pedro do Butiá,RS,Rio Grande do Sul,Noroeste Rio-grandense,Sul,Cerro Largo,Ijuí
4319406,São Pedro do Sul,RS,Rio Grande do Sul,Centro Ocidental Rio-grandense,Sul,Santa Maria,Santa Maria
4319505,São Sebastião do Caí,RS,Rio Grande do Sul,Metropolitana de Porto Alegre,Sul,Novo Hamburgo - São Leopoldo,Porto Alegre
4319604,São Sepé,RS,Rio Grande do Sul,Centro Ocidental Rio-grandense,Sul,Santa Maria,Santa Maria
4319703,São Valentim,RS,Rio Grande do Sul,Noroeste Rio-grandense,Sul,Erechim,Passo Fundo
4319711,São Valentim do Sul,RS,Rio Grande do Sul,Nordeste Rio-grandense,Sul,Bento Gonçalves,Caxias do Sul
4319737,São Valério do Sul,RS,Rio Grande do Sul,Noroeste Rio-grandense,Sul,Ijuí,Ijuí
4319752,São Vendelino,RS,Rio Grande do Sul,Metropolitana de Porto Alegre,Sul,Novo Hamburgo - São Leopoldo,Porto Alegre
4319802,São Vicente do Sul,RS,Rio Grande do Sul,Centro Ocidental Rio-grandense,Sul,Santa Maria,Santa Maria
4319901,Sapiranga,RS,Rio Grande do Sul,Metropolitana de Porto Alegre,Sul,Novo Hamburgo - São Leopoldo,Porto Alegre
4320008,Sapucaia do Sul,RS,Rio Grande do Sul,Metropolitana de Porto Alegre,Sul,Porto Alegre,Porto Alegre
4320107,Sarandi,RS,Rio Grande do Sul,Noroeste Rio-grandense,Sul,Carazinho,Passo Fundo
4320206,Seberi,RS,Rio Grande do Sul,Noroeste Rio-grandense,Sul,Frederico Westphalen,Passo Fundo
4320230,Sede Nova,RS,Rio Grande do Sul,Noroeste Rio-grandense,Sul,Três Passos,Ijuí
4320263,Segredo,RS,Rio Grande do Sul,Centro Oriental Rio-grandense,Sul,Sobradinho,Santa Cruz do Sul - Lajeado
4320305,Selbach,RS,Rio Grande do Sul,Noroeste Rio-grandense,Sul,Cruz Alta,Passo Fundo
4320321,Senador Salgado Filho,RS,Rio Grande do Sul,Noroeste Rio-grandense,Sul,Santa Rosa,Ijuí
4320354,Sentinela do Sul,RS,Rio Grande do Sul,Metropolitana de Porto Alegre,Sul,Camaquã,Porto Alegre
4320404,Serafina Corrêa,RS,Rio Grande do Sul,Nordeste Rio-grandense,Sul,Nova Prata - Guaporé,Caxias do Sul
4320453,Sério,RS,Rio Grande do Sul,Centro Oriental Rio-grandense,Sul,Lajeado,Santa Cruz do Sul - Lajeado
4320503,Sertão,RS,Rio Grande do Sul,Noroeste Rio-grandense,Sul,Passo Fundo,Passo Fundo
4320552,Sertão Santana,RS,Rio Grande do Sul,Metropolitana de Porto Alegre,Sul,Porto Alegre,Porto Alegre
4320578,Sete de Setembro,RS,Rio Grande do Sul,Noroeste Rio-grandense,Sul,Santo Ângelo,Ijuí
4320602,Severiano de Almeida,RS,Rio Grande do Sul,Noroeste Rio-grandense,Sul,Erechim,Passo Fundo
4320651,Silveira Martins,RS,Rio Grande do Sul,Centro Ocidental Rio-grandense,Sul,Santa Maria,Santa Maria
4320677,Sinimbu,RS,Rio Grande do Sul,Centro Oriental Rio-grandense,Sul,Santa Cruz do Sul,Santa Cruz do Sul - Lajeado
4320701,Sobradinho,RS,Rio Grande do Sul,Centro Oriental Rio-grandense,Sul,Sobradinho,Santa Cruz do Sul - Lajeado
4320800,Soledade,RS,Rio Grande do Sul,Noroeste Rio-grandense,Sul,Soledade,Passo Fundo
4320859,Tabaí,RS,Rio Grande do Sul,Centro Oriental Rio-grandense,Sul,Lajeado,Santa Cruz do Sul - Lajeado
4320909,Tapejara,RS,Rio Grande do Sul,Noroeste Rio-grandense,Sul,Tapejara - Sananduva,Passo Fundo
4321006,Tapera,RS,Rio Grande do Sul,Noroeste Rio-grandense,Sul,Passo Fundo,Passo Fundo
4321105,Tapes,RS,Rio Grande do Sul,Metropolitana de Porto Alegre,Sul,Camaquã,Porto Alegre
4321204,Taquara,RS,Rio Grande do Sul,Metropolitana de Porto Alegre,Sul,Taquara - Parobé - Igrejinha,Porto Alegre
4321303,Taquari,RS,Rio Grande do Sul,Centro Oriental Rio-grandense,Sul,Lajeado,Santa Cruz do Sul - Lajeado
4321329,Taquaruçu do Sul,RS,Rio Grande do Sul,Noroeste Rio-grandense,Sul,Frederico Westphalen,Passo Fundo
4321352,Tavares,RS,Rio Grande do Sul,Metropolitana de Porto Alegre,Sul,Porto Alegre,Porto Alegre
4321402,Tenente Portela,RS,Rio Grande do Sul,Noroeste Rio-grandense,Sul,Três Passos,Ijuí
4321436,Terra de Areia,RS,Rio Grande do Sul,Metropolitana de Porto Alegre,Sul,Tramandaí - Osório,Porto Alegre
4321451,Teutônia,RS,Rio Grande do Sul,Centro Oriental Rio-grandense,Sul,Lajeado,Santa Cruz do Sul - Lajeado
4321469,Tio Hugo,RS,Rio Grande do Sul,Noroeste Rio-grandense,Sul,Passo Fundo,Passo Fundo
4321477,Tiradentes do Sul,RS,Rio Grande do Sul,Noroeste Rio-grandense,Sul,Três Passos,Ijuí
4321493,Toropi,RS,Rio Grande do Sul,Centro Ocidental Rio-grandense,Sul,Santa Maria,Santa Maria
4321501,Torres,RS,Rio Grande do Sul,Metropolitana de Porto Alegre,Sul,Torres,Porto Alegre
4321600,Tramandaí,RS,Rio Grande do Sul,Metropolitana de Porto Alegre,Sul,Tramandaí - Osório,Porto Alegre
4321626,Travesseiro,RS,Rio Grande do Sul,Centro Oriental Rio-grandense,Sul,Lajeado,Santa Cruz do Sul - Lajeado
4321634,Três Arroios,RS,Rio Grande do Sul,Noroeste Rio-grandense,Sul,Erechim,Passo Fundo
4321667,Três Cachoeiras,RS,Rio Grande do Sul,Metropolitana de Porto Alegre,Sul,Torres,Porto Alegre
4321709,Três Coroas,RS,Rio Grande do Sul,Metropolitana de Porto Alegre,Sul,Taquara - Parobé - Igrejinha,Porto Alegre
4321808,Três de Maio,RS,Rio Grande do Sul,Noroeste Rio-grandense,Sul,Três de Maio,Ijuí
4321832,Três Forquilhas,RS,Rio Grande do Sul,Metropolitana de Porto Alegre,Sul,Torres,Porto Alegre
4321857,Três Palmeiras,RS,Rio Grande do Sul,Noroeste Rio-grandense,Sul,Passo Fundo,Passo Fundo
4321907,Três Passos,RS,Rio Grande do Sul,Noroeste Rio-grandense,Sul,Três Passos,Ijuí
4321956,Trindade do Sul,RS,Rio Grande do Sul,Noroeste Rio-grandense,Sul,Nonoai,Passo Fundo
4322004,Triunfo,RS,Rio Grande do Sul,Metropolitana de Porto Alegre,Sul,Charqueadas - Triunfo - São Jerônimo,Porto Alegre
4322103,Tucunduva,RS,Rio Grande do Sul,Noroeste Rio-grandense,Sul,Santa Rosa,Ijuí
4322152,Tunas,RS,Rio Grande do Sul,Noroeste Rio-grandense,Sul,Sobradinho,Santa Cruz do Sul - Lajeado
4322186,Tupanci do Sul,RS,Rio Grande do Sul,Noroeste Rio-grandense,Sul,Lagoa Vermelha,Passo Fundo
4322202,Tupanciretã,RS,Rio Grande do Sul,Centro Ocidental Rio-grandense,Sul,Cruz Alta,Passo Fundo
4322251,Tupandi,RS,Rio Grande do Sul,Metropolitana de Porto Alegre,Sul,Novo Hamburgo - São Leopoldo,Porto Alegre
4322301,Tuparendi,RS,Rio Grande do Sul,Noroeste Rio-grandense,Sul,Santa Rosa,Ijuí
4322327,Turuçu,RS,Rio Grande do Sul,Sudeste Rio-grandense,Sul,Pelotas,Pelotas
4322343,Ubiretama,RS,Rio Grande do Sul,Noroeste Rio-grandense,Sul,Cerro Largo,Ijuí
4322350,União da Serra,RS,Rio Grande do Sul,Nordeste Rio-grandense,Sul,Nova Prata - Guaporé,Caxias do Sul
4322376,Unistalda,RS,Rio Grande do Sul,Centro Ocidental Rio-grandense,Sul,Santiago,Santa Maria
4322400,Uruguaiana,RS,Rio Grande do Sul,Sudoeste Rio-grandense,Sul,Uruguaiana,Uruguaiana
4322509,Vacaria,RS,Rio Grande do Sul,Nordeste Rio-grandense,Sul,Vacaria,Caxias do Sul
4322525,Vale Verde,RS,Rio Grande do Sul,Metropolitana de Porto Alegre,Sul,Santa Cruz do Sul,Santa Cruz do Sul - Lajeado
4322533,Vale do Sol,RS,Rio Grande do Sul,Centro Oriental Rio-grandense,Sul,Santa Cruz do Sul,Santa Cruz do Sul - Lajeado
4322541,Vale Real,RS,Rio Grande do Sul,Metropolitana de Porto Alegre,Sul,Caxias do Sul,Caxias do Sul
4322558,Vanini,RS,Rio Grande do Sul,Noroeste Rio-grandense,Sul,Marau,Passo Fundo
4322608,Venâncio Aires,RS,Rio Grande do Sul,Centro Oriental Rio-grandense,Sul,Santa Cruz do Sul,Santa Cruz do Sul - Lajeado
4322707,Vera Cruz,RS,Rio Grande do Sul,Centro Oriental Rio-grandense,Sul,Santa Cruz do Sul,Santa Cruz do Sul - Lajeado
4322806,Veranópolis,RS,Rio Grande do Sul,Nordeste Rio-grandense,Sul,Bento Gonçalves,Caxias do Sul
4322855,Vespasiano Corrêa,RS,Rio Grande do Sul,Centro Oriental Rio-grandense,Sul,Encantado,Santa Cruz do Sul - Lajeado
4322905,Viadutos,RS,Rio Grande do Sul,Noroeste Rio-grandense,Sul,Erechim,Passo Fundo
4323002,Viamão,RS,Rio Grande do Sul,Metropolitana de Porto Alegre,Sul,Porto Alegre,Porto Alegre
4323101,Vicente Dutra,RS,Rio Grande do Sul,Noroeste Rio-grandense,Sul,Frederico Westphalen,Passo Fundo
4323200,Victor Graeff,RS,Rio Grande do Sul,Noroeste Rio-grandense,Sul,Passo Fundo,Passo Fundo
4323309,Vila Flores,RS,Rio Grande do Sul,Nordeste Rio-grandense,Sul,Bento Gonçalves,Caxias do Sul
4323358,Vila Lângaro,RS,Rio Grande do Sul,Noroeste Rio-grandense,Sul,Tapejara - Sananduva,Passo Fundo
4323408,Vila Maria,RS,Rio Grande do Sul,Noroeste Rio-grandense,Sul,Marau,Passo Fundo
4323457,Vila Nova do Sul,RS,Rio Grande do Sul,Centro Ocidental Rio-grandense,Sul,São Gabriel - Caçapava do Sul,Santa Maria
4323507,Vista Alegre,RS,Rio Grande do Sul,Noroeste Rio-grandense,Sul,Frederico Westphalen,Passo Fundo
4323606,Vista Alegre do Prata,RS,Rio Grande do Sul,Nordeste Rio-grandense,Sul,Nova Prata - Guaporé,Caxias do Sul
4323705,Vista Gaúcha,RS,Rio Grande do Sul,Noroeste Rio-grandense,Sul,Três Passos,Ijuí
4323754,Vitória das Missões,RS,Rio Grande do Sul,Noroeste Rio-grandense,Sul,Santo Ângelo,Ijuí
4323770,Westfália,RS,Rio Grande do Sul,Centro Oriental Rio-grandense,Sul,Lajeado,Santa Cruz do Sul - Lajeado
4323804,Xangri-lá,RS,Rio Grande do Sul,Metropolitana de Porto Alegre,Sul,Tramandaí - Osório,Porto Alegre
1100015,Alta Floresta D'Oeste,RO,Rondônia,Leste Rondoniense,Norte,Cacoal,Ji-Paraná
1100023,Ariquemes,RO,Rondônia,Leste Rondoniense,Norte,Ariquemes,Porto Velho
1100031,Cabixi,RO,Rondônia,Leste Rondoniense,Norte,Vilhena,Ji-Paraná
1100049,Cacoal,RO,Rondônia,Leste Rondoniense,Norte,Cacoal,Ji-Paraná
1100056,Cerejeiras,RO,Rondônia,Leste Rondoniense,Norte,Vilhena,Ji-Paraná
1100064,Colorado do Oeste,RO,Rondônia,Leste Rondoniense,Norte,Vilhena,Ji-Paraná
1100072,Corumbiara,RO,Rondônia,Leste Rondoniense,Norte,Vilhena,Ji-Paraná
1100080,Costa Marques,RO,Rondônia,Madeira-Guaporé,Norte,Ji-Paraná,Ji-Paraná
1100098,Espigão D'Oeste,RO,Rondônia,Leste Rondoniense,Norte,Cacoal,Ji-Paraná
1100106,Guajará-Mirim,RO,Rondônia,Madeira-Guaporé,Norte,Porto Velho,Porto Velho
1100114,Jaru,RO,Rondônia,Leste Rondoniense,Norte,Jaru,Porto Velho
1100122,Ji-Paraná,RO,Rondônia,Leste Rondoniense,Norte,Ji-Paraná,Ji-Paraná
1100130,Machadinho D'Oeste,RO,Rondônia,Leste Rondoniense,Norte,Jaru,Porto Velho
1100148,Nova Brasilândia D'Oeste,RO,Rondônia,Leste Rondoniense,Norte,Cacoal,Ji-Paraná
1100155,Ouro Preto do Oeste,RO,Rondônia,Leste Rondoniense,Norte,Ji-Paraná,Ji-Paraná
1100189,Pimenta Bueno,RO,Rondônia,Leste Rondoniense,Norte,Cacoal,Ji-Paraná
1100205,Porto Velho,RO,Rondônia,Madeira-Guaporé,Norte,Porto Velho,Porto Velho
1100254,Presidente Médici,RO,Rondônia,Leste Rondoniense,Norte,Ji-Paraná,Ji-Paraná
1100262,Rio Crespo,RO,Rondônia,Leste Rondoniense,Norte,Ariquemes,Porto Velho
1100288,Rolim de Moura,RO,Rondônia,Leste Rondoniense,Norte,Cacoal,Ji-Paraná
1100296,Santa Luzia D'Oeste,RO,Rondônia,Leste Rondoniense,Norte,Cacoal,Ji-Paraná
1100304,Vilhena,RO,Rondônia,Leste Rondoniense,Norte,Vilhena,Ji-Paraná
1100320,São Miguel do Guaporé,RO,Rondônia,Leste Rondoniense,Norte,Ji-Paraná,Ji-Paraná
1100338,Nova Mamoré,RO,Rondônia,Madeira-Guaporé,Norte,Porto Velho,Porto Velho
1100346,Alvorada D'Oeste,RO,Rondônia,Leste Rondoniense,Norte,Ji-Paraná,Ji-Paraná
1100379,Alto Alegre dos Parecis,RO,Rondônia,Leste Rondoniense,Norte,Cacoal,Ji-Paraná
1100403,Alto Paraíso,RO,Rondônia,Leste Rondoniense,Norte,Ariquemes,Porto Velho
1100452,Buritis,RO,Rondônia,Madeira-Guaporé,Norte,Ariquemes,Porto Velho
1100502,Novo Horizonte do Oeste,RO,Rondônia,Leste Rondoniense,Norte,Cacoal,Ji-Paraná
1100601,Cacaulândia,RO,Rondônia,Leste Rondoniense,Norte,Ariquemes,Porto Velho
1100700,Campo Novo de Rondônia,RO,Rondônia,Madeira-Guaporé,Norte,Ariquemes,Porto Velho
1100809,Candeias do Jamari,RO,Rondônia,Madeira-Guaporé,Norte,Porto Velho,Porto Velho
1100908,Castanheiras,RO,Rondônia,Leste Rondoniense,Norte,Cacoal,Ji-Paraná
1100924,Chupinguaia,RO,Rondônia,Leste Rondoniense,Norte,Vilhena,Ji-Paraná
1100940,Cujubim,RO,Rondônia,Madeira-Guaporé,Norte,Ariquemes,Porto Velho
1101005,Governador Jorge Teixeira,RO,Rondônia,Leste Rondoniense,Norte,Jaru,Porto Velho
1101104,Itapuã do Oeste,RO,Rondônia,Madeira-Guaporé,Norte,Porto Velho,Porto Velho
1101203,Ministro Andreazza,RO,Rondônia,Leste Rondoniense,Norte,Cacoal,Ji-Paraná
1101302,Mirante da Serra,RO,Rondônia,Leste Rondoniense,Norte,Ji-Paraná,Ji-Paraná
1101401,Monte Negro,RO,Rondônia,Leste Rondoniense,Norte,Ariquemes,Porto Velho
1101435,Nova União,RO,Rondônia,Leste Rondoniense,Norte,Ji-Paraná,Ji-Paraná
1101450,Parecis,RO,Rondônia,Leste Rondoniense,Norte,Cacoal,Ji-Paraná
1101468,Pimenteiras do Oeste,RO,Rondônia,Leste Rondoniense,Norte,Vilhena,Ji-Paraná
1101476,Primavera de Rondônia,RO,Rondônia,Leste Rondoniense,Norte,Cacoal,Ji-Paraná
1101484,São Felipe D'Oeste,RO,Rondônia,Leste Rondoniense,Norte,Cacoal,Ji-Paraná
1101492,São Francisco do Guaporé,RO,Rondônia,Madeira-Guaporé,Norte,Ji-Paraná,Ji-Paraná
1101500,Seringueiras,RO,Rondônia,Leste Rondoniense,Norte,Ji-Paraná,Ji-Paraná
1101559,Teixeirópolis,RO,Rondônia,Leste Rondoniense,Norte,Ji-Paraná,Ji-Paraná
1101609,Theobroma,RO,Rondônia,Leste Rondoniense,Norte,Jaru,Porto Velho
1101708,Urupá,RO,Rondônia,Leste Rondoniense,Norte,Ji-Paraná,Ji-Paraná
1101757,Vale do Anari,RO,Rondônia,Leste Rondoniense,Norte,Jaru,Porto Velho
1101807,Vale do Paraíso,RO,Rondônia,Leste Rondoniense,Norte,Ji-Paraná,Ji-Paraná
1400027,Amajari,RR,Roraima,Norte de Roraima,Norte,Pacaraima,Boa Vista
1400050,Alto Alegre,RR,Roraima,Norte de Roraima,Norte,Boa Vista,Boa Vista
1400100,Boa Vista,RR,Roraima,Norte de Roraima,Norte,Boa Vista,Boa Vista
1400159,Bonfim,RR,Roraima,Norte de Roraima,Norte,Boa Vista,Boa Vista
1400175,Cantá,RR,Roraima,Norte de Roraima,Norte,Boa Vista,Boa Vista
1400209,Caracaraí,RR,Roraima,Sul de Roraima,Norte,Caracaraí,Rorainópolis - Caracaraí
1400233,Caroebe,RR,Roraima,Sul de Roraima,Norte,Rorainópolis,Rorainópolis - Caracaraí
1400282,Iracema,RR,Roraima,Sul de Roraima,Norte,Caracaraí,Rorainópolis - Caracaraí
1400308,Mucajaí,RR,Roraima,Sul de Roraima,Norte,Boa Vista,Boa Vista
1400407,Normandia,RR,Roraima,Norte de Roraima,Norte,Pacaraima,Boa Vista
1400456,Pacaraima,RR,Roraima,Norte de Roraima,Norte,Pacaraima,Boa Vista
1400472,Rorainópolis,RR,Roraima,Sul de Roraima,Norte,Rorainópolis,Rorainópolis - Caracaraí
1400506,São João da Baliza,RR,Roraima,Sul de Roraima,Norte,Rorainópolis,Rorainópolis - Caracaraí
1400605,São Luiz do Anauá,RR,Roraima,Sul de Roraima,Norte,Rorainópolis,Rorainópolis - Caracaraí
1400704,Uiramutã,RR,Roraima,Norte de Roraima,Norte,Pacaraima,Boa Vista
4200051,Abdon Batista,SC,Santa Catarina,Serrana,Sul,Joaçaba - Herval d'Oeste,Chapecó
4200101,Abelardo Luz,SC,Santa Catarina,Oeste Catarinense,Sul,Xanxerê,Chapecó
4200200,Agrolândia,SC,Santa Catarina,Vale do Itajaí,Sul,Rio do Sul,Blumenau
4200309,Agronômica,SC,Santa Catarina,Vale do Itajaí,Sul,Rio do Sul,Blumenau
4200408,Água Doce,SC,Santa Catarina,Oeste Catarinense,Sul,Joaçaba - Herval d'Oeste,Chapecó
4200507,Águas de Chapecó,SC,Santa Catarina,Oeste Catarinense,Sul,Chapecó,Chapecó
4200556,Águas Frias,SC,Santa Catarina,Oeste Catarinense,Sul,Chapecó,Chapecó
4200606,Águas Mornas,SC,Santa Catarina,Grande Florianópolis,Sul,Florianópolis,Florianópolis
4200705,Alfredo Wagner,SC,Santa Catarina,Grande Florianópolis,Sul,Florianópolis,Florianópolis
4200754,Alto Bela Vista,SC,Santa Catarina,Oeste Catarinense,Sul,Concórdia,Chapecó
4200804,Anchieta,SC,Santa Catarina,Oeste Catarinense,Sul,São Miguel do Oeste,Chapecó
4200903,Angelina,SC,Santa Catarina,Grande Florianópolis,Sul,Florianópolis,Florianópolis
4201000,Anita Garibaldi,SC,Santa Catarina,Serrana,Sul,Lages,Lages
4201109,Anitápolis,SC,Santa Catarina,Grande Florianópolis,Sul,Florianópolis,Florianópolis
4201208,Antônio Carlos,SC,Santa Catarina,Grande Florianópolis,Sul,Florianópolis,Florianópolis
4201257,Apiúna,SC,Santa Catarina,Vale do Itajaí,Sul,Blumenau,Blumenau
4201273,Arabutã,SC,Santa Catarina,Oeste Catarinense,Sul,Concórdia,Chapecó
4201307,Araquari,SC,Santa Catarina,Norte Catarinense,Sul,Joinville,Joinville
4201406,Araranguá,SC,Santa Catarina,Sul Catarinense,Sul,Araranguá,Criciúma
4201505,Armazém,SC,Santa Catarina,Sul Catarinense,Sul,Tubarão,Criciúma
4201604,Arroio Trinta,SC,Santa Catarina,Oeste Catarinense,Sul,Videira,Caçador
4201653,Arvoredo,SC,Santa Catarina,Oeste Catarinense,Sul,Chapecó,Chapecó
4201703,Ascurra,SC,Santa Catarina,Vale do Itajaí,Sul,Blumenau,Blumenau
4201802,Atalanta,SC,Santa Catarina,Vale do Itajaí,Sul,Rio do Sul,Blumenau
4201901,Aurora,SC,Santa Catarina,Vale do Itajaí,Sul,Rio do Sul,Blumenau
4201950,Balneário Arroio do Silva,SC,Santa Catarina,Sul Catarinense,Sul,Araranguá,Criciúma
4202008,Balneário Camboriú,SC,Santa Catarina,Vale do Itajaí,Sul,Itajaí,Blumenau
4202057,Balneário Barra do Sul,SC,Santa Catarina,Norte Catarinense,Sul,Joinville,Joinville
4202073,Balneário Gaivota,SC,Santa Catarina,Sul Catarinense,Sul,Araranguá,Criciúma
4202081,Bandeirante,SC,Santa Catarina,Oeste Catarinense,Sul,São Miguel do Oeste,Chapecó
4202099,Barra Bonita,SC,Santa Catarina,Oeste Catarinense,Sul,São Miguel do Oeste,Chapecó
4202107,Barra Velha,SC,Santa Catarina,Vale do Itajaí,Sul,Itajaí,Blumenau
4202131,Bela Vista do Toldo,SC,Santa Catarina,Norte Catarinense,Sul,Mafra,Joinville
4202156,Belmonte,SC,Santa Catarina,Oeste Catarinense,Sul,São Miguel do Oeste,Chapecó
4202206,Benedito Novo,SC,Santa Catarina,Vale do Itajaí,Sul,Blumenau,Blumenau
4202305,Biguaçu,SC,Santa Catarina,Grande Florianópolis,Sul,Florianópolis,Florianópolis
4202404,Blumenau,SC,Santa Catarina,Vale do Itajaí,Sul,Blumenau,Blumenau
4202438,Bocaina do Sul,SC,Santa Catarina,Serrana,Sul,Lages,Lages
4202453,Bombinhas,SC,Santa Catarina,Vale do Itajaí,Sul,Itajaí,Blumenau
4202503,Bom Jardim da Serra,SC,Santa Catarina,Serrana,Sul,Lages,Lages
4202537,Bom Jesus,SC,Santa Catarina,Oeste Catarinense,Sul,Xanxerê,Chapecó
4202578,Bom Jesus do Oeste,SC,Santa Catarina,Oeste Catarinense,Sul,Maravilha,Chapecó
4202602,Bom Retiro,SC,Santa Catarina,Serrana,Sul,Lages,Lages
4202701,Botuverá,SC,Santa Catarina,Vale do Itajaí,Sul,Brusque,Blumenau
4202800,Braço do Norte,SC,Santa Catarina,Sul Catarinense,Sul,Tubarão,Criciúma
4202859,Braço do Trombudo,SC,Santa Catarina,Vale do Itajaí,Sul,Rio do Sul,Blumenau
4202875,Brunópolis,SC,Santa Catarina,Serrana,Sul,Curitibanos,Lages
4202909,Brusque,SC,Santa Catarina,Vale do Itajaí,Sul,Brusque,Blumenau
4203006,Caçador,SC,Santa Catarina,Oeste Catarinense,Sul,Caçador,Caçador
4203105,Caibi,SC,Santa Catarina,Oeste Catarinense,Sul,Chapecó,Chapecó
4203154,Calmon,SC,Santa Catarina,Oeste Catarinense,Sul,Caçador,Caçador
4203204,Camboriú,SC,Santa Catarina,Vale do Itajaí,Sul,Itajaí,Blumenau
4203253,Capão Alto,SC,Santa Catarina,Serrana,Sul,Lages,Lages
4203303,Campo Alegre,SC,Santa Catarina,Norte Catarinense,Sul,São Bento do Sul - Rio Negrinho,Joinville
4203402,Campo Belo do Sul,SC,Santa Catarina,Serrana,Sul,Lages,Lages
4203501,Campo Erê,SC,Santa Catarina,Oeste Catarinense,Sul,São Lourenço do Oeste,Chapecó
4203600,Campos Novos,SC,Santa Catarina,Serrana,Sul,Joaçaba - Herval d'Oeste,Chapecó
4203709,Canelinha,SC,Santa Catarina,Grande Florianópolis,Sul,Brusque,Blumenau
4203808,Canoinhas,SC,Santa Catarina,Norte Catarinense,Sul,Mafra,Joinville
4203907,Capinzal,SC,Santa Catarina,Oeste Catarinense,Sul,Joaçaba - Herval d'Oeste,Chapecó
4203956,Capivari de Baixo,SC,Santa Catarina,Sul Catarinense,Sul,Tubarão,Criciúma
4204004,Catanduvas,SC,Santa Catarina,Oeste Catarinense,Sul,Joaçaba - Herval d'Oeste,Chapecó
4204103,Caxambu do Sul,SC,Santa Catarina,Oeste Catarinense,Sul,Chapecó,Chapecó
4204152,Celso Ramos,SC,Santa Catarina,Serrana,Sul,Joaçaba - Herval d'Oeste,Chapecó
4204178,Cerro Negro,SC,Santa Catarina,Serrana,Sul,Lages,Lages
4204194,Chapadão do Lageado,SC,Santa Catarina,Vale do Itajaí,Sul,Ituporanga,Blumenau
4204202,Chapecó,SC,Santa Catarina,Oeste Catarinense,Sul,Chapecó,Chapecó
4204251,Cocal do Sul,SC,Santa Catarina,Sul Catarinense,Sul,Criciúma,Criciúma
4204301,Concórdia,SC,Santa Catarina,Oeste Catarinense,Sul,Concórdia,Chapecó
4204350,Cordilheira Alta,SC,Santa Catarina,Oeste Catarinense,Sul,Chapecó,Chapecó
4204400,Coronel Freitas,SC,Santa Catarina,Oeste Catarinense,Sul,Chapecó,Chapecó
4204459,Coronel Martins,SC,Santa Catarina,Oeste Catarinense,Sul,Xanxerê,Chapecó
4204509,Corupá,SC,Santa Catarina,Norte Catarinense,Sul,Joinville,Joinville
4204558,Correia Pinto,SC,Santa Catarina,Serrana,Sul,Lages,Lages
4204608,Criciúma,SC,Santa Catarina,Sul Catarinense,Sul,Criciúma,Criciúma
4204707,Cunha Porã,SC,Santa Catarina,Oeste Catarinense,Sul,Maravilha,Chapecó
4204756,Cunhataí,SC,Santa Catarina,Oeste Catarinense,Sul,Chapecó,Chapecó
4204806,Curitibanos,SC,Santa Catarina,Serrana,Sul,Curitibanos,Lages
4204905,Descanso,SC,Santa Catarina,Oeste Catarinense,Sul,São Miguel do Oeste,Chapecó
4205001,Dionísio Cerqueira,SC,Santa Catarina,Oeste Catarinense,Sul,São Miguel do Oeste,Chapecó
4205100,Dona Emma,SC,Santa Catarina,Vale do Itajaí,Sul,Ibirama - Presidente Getúlio,Blumenau
4205159,Doutor Pedrinho,SC,Santa Catarina,Vale do Itajaí,Sul,Blumenau,Blumenau
4205175,Entre Rios,SC,Santa Catarina,Oeste Catarinense,Sul,Xanxerê,Chapecó
4205191,Ermo,SC,Santa Catarina,Sul Catarinense,Sul,Araranguá,Criciúma
4205209,Erval Velho,SC,Santa Catarina,Oeste Catarinense,Sul,Joaçaba - Herval d'Oeste,Chapecó
4205308,Faxinal dos Guedes,SC,Santa Catarina,Oeste Catarinense,Sul,Xanxerê,Chapecó
4205357,Flor do Sertão,SC,Santa Catarina,Oeste Catarinense,Sul,São Miguel do Oeste,Chapecó
4205407,Florianópolis,SC,Santa Catarina,Grande Florianópolis,Sul,Florianópolis,Florianópolis
4205431,Formosa do Sul,SC,Santa Catarina,Oeste Catarinense,Sul,Chapecó,Chapecó
4205456,Forquilhinha,SC,Santa Catarina,Sul Catarinense,Sul,Criciúma,Criciúma
4205506,Fraiburgo,SC,Santa Catarina,Oeste Catarinense,Sul,Videira,Caçador
4205555,Frei Rogério,SC,Santa Catarina,Serrana,Sul,Curitibanos,Lages
4205605,Galvão,SC,Santa Catarina,Oeste Catarinense,Sul,São Lourenço do Oeste,Chapecó
4205704,Garopaba,SC,Santa Catarina,Sul Catarinense,Sul,Florianópolis,Florianópolis
4205803,Garuva,SC,Santa Catarina,Norte Catarinense,Sul,Joinville,Joinville
4205902,Gaspar,SC,Santa Catarina,Vale do Itajaí,Sul,Blumenau,Blumenau
4206009,Governador Celso Ramos,SC,Santa Catarina,Grande Florianópolis,Sul,Florianópolis,Florianópolis
4206108,Grão-Pará,SC,Santa Catarina,Sul Catarinense,Sul,Tubarão,Criciúma
4206207,Gravatal,SC,Santa Catarina,Sul Catarinense,Sul,Tubarão,Criciúma
4206306,Guabiruba,SC,Santa Catarina,Vale do Itajaí,Sul,Brusque,Blumenau
4206405,Guaraciaba,SC,Santa Catarina,Oeste Catarinense,Sul,São Miguel do Oeste,Chapecó
4206504,Guaramirim,SC,Santa Catarina,Norte Catarinense,Sul,Joinville,Joinville
4206603,Guarujá do Sul,SC,Santa Catarina,Oeste Catarinense,Sul,São Miguel do Oeste,Chapecó
4206652,Guatambú,SC,Santa Catarina,Oeste Catarinense,Sul,Chapecó,Chapecó
4206702,Herval d'Oeste,SC,Santa Catarina,Oeste Catarinense,Sul,Joaçaba - Herval d'Oeste,Chapecó
4206751,Ibiam,SC,Santa Catarina,Oeste Catarinense,Sul,Videira,Caçador
4206801,Ibicaré,SC,Santa Catarina,Oeste Catarinense,Sul,Joaçaba - Herval d'Oeste,Chapecó
4206900,Ibirama,SC,Santa Catarina,Vale do Itajaí,Sul,Ibirama - Presidente Getúlio,Blumenau
4207007,Içara,SC,Santa Catarina,Sul Catarinense,Sul,Criciúma,Criciúma
4207106,Ilhota,SC,Santa Catarina,Vale do Itajaí,Sul,Blumenau,Blumenau
4207205,Imaruí,SC,Santa Catarina,Sul Catarinense,Sul,Tubarão,Criciúma
4207304,Imbituba,SC,Santa Catarina,Sul Catarinense,Sul,Florianópolis,Florianópolis
4207403,Imbuia,SC,Santa Catarina,Vale do Itajaí,Sul,Ituporanga,Blumenau
4207502,Indaial,SC,Santa Catarina,Vale do Itajaí,Sul,Blumenau,Blumenau
4207577,Iomerê,SC,Santa Catarina,Oeste Catarinense,Sul,Videira,Caçador
4207601,Ipira,SC,Santa Catarina,Oeste Catarinense,Sul,Concórdia,Chapecó
4207650,Iporã do Oeste,SC,Santa Catarina,Oeste Catarinense,Sul,São Miguel do Oeste,Chapecó
4207684,Ipuaçu,SC,Santa Catarina,Oeste Catarinense,Sul,Xanxerê,Chapecó
4207700,Ipumirim,SC,Santa Catarina,Oeste Catarinense,Sul,Concórdia,Chapecó
4207759,Iraceminha,SC,Santa Catarina,Oeste Catarinense,Sul,Maravilha,Chapecó
4207809,Irani,SC,Santa Catarina,Oeste Catarinense,Sul,Concórdia,Chapecó
4207858,Irati,SC,Santa Catarina,Oeste Catarinense,Sul,Chapecó,Chapecó
4207908,Irineópolis,SC,Santa Catarina,Norte Catarinense,Sul,Mafra,Joinville
4208005,Itá,SC,Santa Catarina,Oeste Catarinense,Sul,Concórdia,Chapecó
4208104,Itaiópolis,SC,Santa Catarina,Norte Catarinense,Sul,Mafra,Joinville
4208203,Itajaí,SC,Santa Catarina,Vale do Itajaí,Sul,Itajaí,Blumenau
4208302,Itapema,SC,Santa Catarina,Vale do Itajaí,Sul,Itajaí,Blumenau
4208401,Itapiranga,SC,Santa Catarina,Oeste Catarinense,Sul,São Miguel do Oeste,Chapecó
4208450,Itapoá,SC,Santa Catarina,Norte Catarinense,Sul,Joinville,Joinville
4208500,Ituporanga,SC,Santa Catarina,Vale do Itajaí,Sul,Ituporanga,Blumenau
4208609,Jaborá,SC,Santa Catarina,Oeste Catarinense,Sul,Joaçaba - Herval d'Oeste,Chapecó
4208708,Jacinto Machado,SC,Santa Catarina,Sul Catarinense,Sul,Araranguá,Criciúma
4208807,Jaguaruna,SC,Santa Catarina,Sul Catarinense,Sul,Tubarão,Criciúma
4208906,Jaraguá do Sul,SC,Santa Catarina,Norte Catarinense,Sul,Joinville,Joinville
4208955,Jardinópolis,SC,Santa Catarina,Oeste Catarinense,Sul,Chapecó,Chapecó
4209003,Joaçaba,SC,Santa Catarina,Oeste Catarinense,Sul,Joaçaba - Herval d'Oeste,Chapecó
4209102,Joinville,SC,Santa Catarina,Norte Catarinense,Sul,Joinville,Joinville
4209151,José Boiteux,SC,Santa Catarina,Vale do Itajaí,Sul,Ibirama - Presidente Getúlio,Blumenau
4209177,Jupiá,SC,Santa Catarina,Oeste Catarinense,Sul,São Lourenço do Oeste,Chapecó
4209201,Lacerdópolis,SC,Santa Catarina,Oeste Catarinense,Sul,Joaçaba - Herval d'Oeste,Chapecó
4209300,Lages,SC,Santa Catarina,Serrana,Sul,Lages,Lages
4209409,Laguna,SC,Santa Catarina,Sul Catarinense,Sul,Tubarão,Criciúma
4209458,Lajeado Grande,SC,Santa Catarina,Oeste Catarinense,Sul,Chapecó,Chapecó
4209508,Laurentino,SC,Santa Catarina,Vale do Itajaí,Sul,Rio do Sul,Blumenau
4209607,Lauro Müller,SC,Santa Catarina,Sul Catarinense,Sul,Criciúma,Criciúma
4209706,Lebon Régis,SC,Santa Catarina,Oeste Catarinense,Sul,Caçador,Caçador
4209805,Leoberto Leal,SC,Santa Catarina,Grande Florianópolis,Sul,Ituporanga,Blumenau
4209854,Lindóia do Sul,SC,Santa Catarina,Oeste Catarinense,Sul,Concórdia,Chapecó
4209904,Lontras,SC,Santa Catarina,Vale do Itajaí,Sul,Rio do Sul,Blumenau
4210001,Luiz Alves,SC,Santa Catarina,Vale do Itajaí,Sul,Itajaí,Blumenau
4210035,Luzerna,SC,Santa Catarina,Oeste Catarinense,Sul,Joaçaba - Herval d'Oeste,Chapecó
4210050,Macieira,SC,Santa Catarina,Oeste Catarinense,Sul,Caçador,Caçador
4210100,Mafra,SC,Santa Catarina,Norte Catarinense,Sul,Mafra,Joinville
4210209,Major Gercino,SC,Santa Catarina,Grande Florianópolis,Sul,Brusque,Blumenau
4210308,Major Vieira,SC,Santa Catarina,Norte Catarinense,Sul,Mafra,Joinville
4210407,Maracajá,SC,Santa Catarina,Sul Catarinense,Sul,Araranguá,Criciúma
4210506,Maravilha,SC,Santa Catarina,Oeste Catarinense,Sul,Maravilha,Chapecó
4210555,Marema,SC,Santa Catarina,Oeste Catarinense,Sul,Chapecó,Chapecó
4210605,Massaranduba,SC,Santa Catarina,Norte Catarinense,Sul,Joinville,Joinville
4210704,Matos Costa,SC,Santa Catarina,Oeste Catarinense,Sul,Caçador,Caçador
4210803,Meleiro,SC,Santa Catarina,Sul Catarinense,Sul,Araranguá,Criciúma
4210852,Mirim Doce,SC,Santa Catarina,Vale do Itajaí,Sul,Rio do Sul,Blumenau
4210902,Modelo,SC,Santa Catarina,Oeste Catarinense,Sul,Chapecó,Chapecó
4211009,Mondaí,SC,Santa Catarina,Oeste Catarinense,Sul,Chapecó,Chapecó
4211058,Monte Carlo,SC,Santa Catarina,Serrana,Sul,Videira,Caçador
4211108,Monte Castelo,SC,Santa Catarina,Norte Catarinense,Sul,Mafra,Joinville
4211207,Morro da Fumaça,SC,Santa Catarina,Sul Catarinense,Sul,Criciúma,Criciúma
4211256,Morro Grande,SC,Santa Catarina,Sul Catarinense,Sul,Criciúma,Criciúma
4211306,Navegantes,SC,Santa Catarina,Vale do Itajaí,Sul,Itajaí,Blumenau
4211405,Nova Erechim,SC,Santa Catarina,Oeste Catarinense,Sul,Chapecó,Chapecó
4211454,Nova Itaberaba,SC,Santa Catarina,Oeste Catarinense,Sul,Chapecó,Chapecó
4211504,Nova Trento,SC,Santa Catarina,Grande Florianópolis,Sul,Brusque,Blumenau
4211603,Nova Veneza,SC,Santa Catarina,Sul Catarinense,Sul,Criciúma,Criciúma
4211652,Novo Horizonte,SC,Santa Catarina,Oeste Catarinense,Sul,São Lourenço do Oeste,Chapecó
4211702,Orleans,SC,Santa Catarina,Sul Catarinense,Sul,Criciúma,Criciúma
4211751,Otacílio Costa,SC,Santa Catarina,Serrana,Sul,Lages,Lages
4211801,Ouro,SC,Santa Catarina,Oeste Catarinense,Sul,Joaçaba - Herval d'Oeste,Chapecó
4211850,Ouro Verde,SC,Santa Catarina,Oeste Catarinense,Sul,Xanxerê,Chapecó
4211876,Paial,SC,Santa Catarina,Oeste Catarinense,Sul,Chapecó,Chapecó
4211892,Painel,SC,Santa Catarina,Serrana,Sul,Lages,Lages
4211900,Palhoça,SC,Santa Catarina,Grande Florianópolis,Sul,Florianópolis,Florianópolis
4212007,Palma Sola,SC,Santa Catarina,Oeste Catarinense,Sul,São Miguel do Oeste,Chapecó
4212056,Palmeira,SC,Santa Catarina,Serrana,Sul,Lages,Lages
4212106,Palmitos,SC,Santa Catarina,Oeste Catarinense,Sul,Chapecó,Chapecó
4212205,Papanduva,SC,Santa Catarina,Norte Catarinense,Sul,Mafra,Joinville
4212239,Paraíso,SC,Santa Catarina,Oeste Catarinense,Sul,São Miguel do Oeste,Chapecó
4212254,Passo de Torres,SC,Santa Catarina,Sul Catarinense,Sul,Araranguá,Criciúma
4212270,Passos Maia,SC,Santa Catarina,Oeste Catarinense,Sul,Xanxerê,Chapecó
4212304,Paulo Lopes,SC,Santa Catarina,Grande Florianópolis,Sul,Florianópolis,Florianópolis
4212403,Pedras Grandes,SC,Santa Catarina,Sul Catarinense,Sul,Tubarão,Criciúma
4212502,Penha,SC,Santa Catarina,Vale do Itajaí,Sul,Itajaí,Blumenau
4212601,Peritiba,SC,Santa Catarina,Oeste Catarinense,Sul,Concórdia,Chapecó
4212650,Pescaria Brava,SC,Santa Catarina,Sul Catarinense,Sul,Tubarão,Criciúma
4212700,Petrolândia,SC,Santa Catarina,Vale do Itajaí,Sul,Ituporanga,Blumenau
4212809,Balneário Piçarras,SC,Santa Catarina,Vale do Itajaí,Sul,Itajaí,Blumenau
4212908,Pinhalzinho,SC,Santa Catarina,Oeste Catarinense,Sul,Chapecó,Chapecó
4213005,Pinheiro Preto,SC,Santa Catarina,Oeste Catarinense,Sul,Videira,Caçador
4213104,Piratuba,SC,Santa Catarina,Oeste Catarinense,Sul,Concórdia,Chapecó
4213153,Planalto Alegre,SC,Santa Catarina,Oeste Catarinense,Sul,Chapecó,Chapecó
4213203,Pomerode,SC,Santa Catarina,Vale do Itajaí,Sul,Blumenau,Blumenau
4213302,Ponte Alta,SC,Santa Catarina,Serrana,Sul,Lages,Lages
4213351,Ponte Alta do Norte,SC,Santa Catarina,Serrana,Sul,Curitibanos,Lages
4213401,Ponte Serrada,SC,Santa Catarina,Oeste Catarinense,Sul,Xanxerê,Chapecó
4213500,Porto Belo,SC,Santa Catarina,Vale do Itajaí,Sul,Itajaí,Blumenau
4213609,Porto União,SC,Santa Catarina,Norte Catarinense,Sul,Mafra,Joinville
4213708,Pouso Redondo,SC,Santa Catarina,Vale do Itajaí,Sul,Rio do Sul,Blumenau
4213807,Praia Grande,SC,Santa Catarina,Sul Catarinense,Sul,Araranguá,Criciúma
4213906,Presidente Castello Branco,SC,Santa Catarina,Oeste Catarinense,Sul,Concórdia,Chapecó
4214003,Presidente Getúlio,SC,Santa Catarina,Vale do Itajaí,Sul,Ibirama - Presidente Getúlio,Blumenau
4214102,Presidente Nereu,SC,Santa Catarina,Vale do Itajaí,Sul,Rio do Sul,Blumenau
4214151,Princesa,SC,Santa Catarina,Oeste Catarinense,Sul,São Miguel do Oeste,Chapecó
4214201,Quilombo,SC,Santa Catarina,Oeste Catarinense,Sul,Chapecó,Chapecó
4214300,Rancho Queimado,SC,Santa Catarina,Grande Florianópolis,Sul,Florianópolis,Florianópolis
4214409,Rio das Antas,SC,Santa Catarina,Oeste Catarinense,Sul,Videira,Caçador
4214508,Rio do Campo,SC,Santa Catarina,Vale do Itajaí,Sul,Rio do Sul,Blumenau
4214607,Rio do Oeste,SC,Santa Catarina,Vale do Itajaí,Sul,Rio do Sul,Blumenau
4214706,Rio dos Cedros,SC,Santa Catarina,Vale do Itajaí,Sul,Blumenau,Blumenau
4214805,Rio do Sul,SC,Santa Catarina,Vale do Itajaí,Sul,Rio do Sul,Blumenau
4214904,Rio Fortuna,SC,Santa Catarina,Sul Catarinense,Sul,Tubarão,Criciúma
4215000,Rio Negrinho,SC,Santa Catarina,Norte Catarinense,Sul,São Bento do Sul - Rio Negrinho,Joinville
4215059,Rio Rufino,SC,Santa Catarina,Serrana,Sul,Lages,Lages
4215075,Riqueza,SC,Santa Catarina,Oeste Catarinense,Sul,Chapecó,Chapecó
4215109,Rodeio,SC,Santa Catarina,Vale do Itajaí,Sul,Blumenau,Blumenau
4215208,Romelândia,SC,Santa Catarina,Oeste Catarinense,Sul,São Miguel do Oeste,Chapecó
4215307,Salete,SC,Santa Catarina,Vale do Itajaí,Sul,Rio do Sul,Blumenau
4215356,Saltinho,SC,Santa Catarina,Oeste Catarinense,Sul,Maravilha,Chapecó
4215406,Salto Veloso,SC,Santa Catarina,Oeste Catarinense,Sul,Videira,Caçador
4215455,Sangão,SC,Santa Catarina,Sul Catarinense,Sul,Tubarão,Criciúma
4215505,Santa Cecília,SC,Santa Catarina,Serrana,Sul,Curitibanos,Lages
4215554,Santa Helena,SC,Santa Catarina,Oeste Catarinense,Sul,São Miguel do Oeste,Chapecó
4215604,Santa Rosa de Lima,SC,Santa Catarina,Sul Catarinense,Sul,Tubarão,Criciúma
4215653,Santa Rosa do Sul,SC,Santa Catarina,Sul Catarinense,Sul,Araranguá,Criciúma
4215679,Santa Terezinha,SC,Santa Catarina,Norte Catarinense,Sul,Rio do Sul,Blumenau
4215687,Santa Terezinha do Progresso,SC,Santa Catarina,Oeste Catarinense,Sul,Maravilha,Chapecó
4215695,Santiago do Sul,SC,Santa Catarina,Oeste Catarinense,Sul,Chapecó,Chapecó
4215703,Santo Amaro da Imperatriz,SC,Santa Catarina,Grande Florianópolis,Sul,Florianópolis,Florianópolis
4215752,São Bernardino,SC,Santa Catarina,Oeste Catarinense,Sul,São Lourenço do Oeste,Chapecó
4215802,São Bento do Sul,SC,Santa Catarina,Norte Catarinense,Sul,São Bento do Sul - Rio Negrinho,Joinville
4215901,São Bonifácio,SC,Santa Catarina,Grande Florianópolis,Sul,Florianópolis,Florianópolis
4216008,São Carlos,SC,Santa Catarina,Oeste Catarinense,Sul,Chapecó,Chapecó
4216057,São Cristóvão do Sul,SC,Santa Catarina,Serrana,Sul,Curitibanos,Lages
4216107,São Domingos,SC,Santa Catarina,Oeste Catarinense,Sul,Xanxerê,Chapecó
4216206,São Francisco do Sul,SC,Santa Catarina,Norte Catarinense,Sul,Joinville,Joinville
4216255,São João do Oeste,SC,Santa Catarina,Oeste Catarinense,Sul,São Miguel do Oeste,Chapecó
4216305,São João Batista,SC,Santa Catarina,Grande Florianópolis,Sul,Brusque,Blumenau
4216354,São João do Itaperiú,SC,Santa Catarina,Vale do Itajaí,Sul,Joinville,Joinville
4216404,São João do Sul,SC,Santa Catarina,Sul Catarinense,Sul,Araranguá,Criciúma
4216503,São Joaquim,SC,Santa Catarina,Serrana,Sul,Lages,Lages
4216602,São José,SC,Santa Catarina,Grande Florianópolis,Sul,Florianópolis,Florianópolis
4216701,São José do Cedro,SC,Santa Catarina,Oeste Catarinense,Sul,São Miguel do Oeste,Chapecó
4216800,São José do Cerrito,SC,Santa Catarina,Serrana,Sul,Lages,Lages
4216909,São Lourenço do Oeste,SC,Santa Catarina,Oeste Catarinense,Sul,São Lourenço do Oeste,Chapecó
4217006,São Ludgero,SC,Santa Catarina,Sul Catarinense,Sul,Tubarão,Criciúma
4217105,São Martinho,SC,Santa Catarina,Sul Catarinense,Sul,Tubarão,Criciúma
4217154,São Miguel da Boa Vista,SC,Santa Catarina,Oeste Catarinense,Sul,Maravilha,Chapecó
4217204,São Miguel do Oeste,SC,Santa Catarina,Oeste Catarinense,Sul,São Miguel do Oeste,Chapecó
4217253,São Pedro de Alcântara,SC,Santa Catarina,Grande Florianópolis,Sul,Florianópolis,Florianópolis
4217303,Saudades,SC,Santa Catarina,Oeste Catarinense,Sul,Chapecó,Chapecó
4217402,Schroeder,SC,Santa Catarina,Norte Catarinense,Sul,Joinville,Joinville
4217501,Seara,SC,Santa Catarina,Oeste Catarinense,Sul,Concórdia,Chapecó
4217550,Serra Alta,SC,Santa Catarina,Oeste Catarinense,Sul,Chapecó,Chapecó
4217600,Siderópolis,SC,Santa Catarina,Sul Catarinense,Sul,Criciúma,Criciúma
4217709,Sombrio,SC,Santa Catarina,Sul Catarinense,Sul,Araranguá,Criciúma
4217758,Sul Brasil,SC,Santa Catarina,Oeste Catarinense,Sul,Chapecó,Chapecó
4217808,Taió,SC,Santa Catarina,Vale do Itajaí,Sul,Rio do Sul,Blumenau
4217907,Tangará,SC,Santa Catarina,Oeste Catarinense,Sul,Videira,Caçador
4217956,Tigrinhos,SC,Santa Catarina,Oeste Catarinense,Sul,Maravilha,Chapecó
4218004,Tijucas,SC,Santa Catarina,Grande Florianópolis,Sul,Itajaí,Blumenau
4218103,Timbé do Sul,SC,Santa Catarina,Sul Catarinense,Sul,Araranguá,Criciúma
4218202,Timbó,SC,Santa Catarina,Vale do Itajaí,Sul,Blumenau,Blumenau
4218251,Timbó Grande,SC,Santa Catarina,Norte Catarinense,Sul,Caçador,Caçador
4218301,Três Barras,SC,Santa Catarina,Norte Catarinense,Sul,Mafra,Joinville
4218350,Treviso,SC,Santa Catarina,Sul Catarinense,Sul,Criciúma,Criciúma
4218400,Treze de Maio,SC,Santa Catarina,Sul Catarinense,Sul,Tubarão,Criciúma
4218509,Treze Tílias,SC,Santa Catarina,Oeste Catarinense,Sul,Joaçaba - Herval d'Oeste,Chapecó
4218608,Trombudo Central,SC,Santa Catarina,Vale do Itajaí,Sul,Rio do Sul,Blumenau
4218707,Tubarão,SC,Santa Catarina,Sul Catarinense,Sul,Tubarão,Criciúma
4218756,Tunápolis,SC,Santa Catarina,Oeste Catarinense,Sul,São Miguel do Oeste,Chapecó
4218806,Turvo,SC,Santa Catarina,Sul Catarinense,Sul,Araranguá,Criciúma
4218855,União do Oeste,SC,Santa Catarina,Oeste Catarinense,Sul,Chapecó,Chapecó
4218905,Urubici,SC,Santa Catarina,Serrana,Sul,Lages,Lages
4218954,Urupema,SC,Santa Catarina,Serrana,Sul,Lages,Lages
4219002,Urussanga,SC,Santa Catarina,Sul Catarinense,Sul,Criciúma,Criciúma
4219101,Vargeão,SC,Santa Catarina,Oeste Catarinense,Sul,Xanxerê,Chapecó
4219150,Vargem,SC,Santa Catarina,Serrana,Sul,Joaçaba - Herval d'Oeste,Chapecó
4219176,Vargem Bonita,SC,Santa Catarina,Oeste Catarinense,Sul,Joaçaba - Herval d'Oeste,Chapecó
4219200,Vidal Ramos,SC,Santa Catarina,Vale do Itajaí,Sul,Ituporanga,Blumenau
4219309,Videira,SC,Santa Catarina,Oeste Catarinense,Sul,Videira,Caçador
4219358,Vitor Meireles,SC,Santa Catarina,Vale do Itajaí,Sul,Ibirama - Presidente Getúlio,Blumenau
4219408,Witmarsum,SC,Santa Catarina,Vale do Itajaí,Sul,Ibirama - Presidente Getúlio,Blumenau
4219507,Xanxerê,SC,Santa Catarina,Oeste Catarinense,Sul,Xanxerê,Chapecó
4219606,Xavantina,SC,Santa Catarina,Oeste Catarinense,Sul,Xanxerê,Chapecó
4219705,Xaxim,SC,Santa Catarina,Oeste Catarinense,Sul,Chapecó,Chapecó
4219853,Zortéa,SC,Santa Catarina,Serrana,Sul,Joaçaba - Herval d'Oeste,Chapecó
4220000,Balneário Rincão,SC,Santa Catarina,Sul Catarinense,Sul,Criciúma,Criciúma
3500105,Adamantina,SP,São Paulo,Presidente Prudente,Sudeste,Adamantina - Lucélia,Presidente Prudente
3500204,Adolfo,SP,São Paulo,São José do Rio Preto,Sudeste,São José do Rio Preto,São José do Rio Preto
3500303,Aguaí,SP,São Paulo,Campinas,Sudeste,São João da Boa Vista,Campinas
3500402,Águas da Prata,SP,São Paulo,Campinas,Sudeste,São João da Boa Vista,Campinas
3500501,Águas de Lindóia,SP,São Paulo,Campinas,Sudeste,Amparo,Campinas
3500550,Águas de Santa Bárbara,SP,São Paulo,Bauru,Sudeste,Avaré,Sorocaba
3500600,Águas de São Pedro,SP,São Paulo,Piracicaba,Sudeste,Piracicaba,Campinas
3500709,Agudos,SP,São Paulo,Bauru,Sudeste,Bauru,Bauru
3500758,Alambari,SP,São Paulo,Itapetininga,Sudeste,Itapetininga,Sorocaba
3500808,Alfredo Marcondes,SP,São Paulo,Presidente Prudente,Sudeste,Presidente Prudente,Presidente Prudente
3500907,Altair,SP,São Paulo,São José do Rio Preto,Sudeste,São José do Rio Preto,São José do Rio Preto
3501004,Altinópolis,SP,São Paulo,Ribeirão Preto,Sudeste,Ribeirão Preto,Ribeirão Preto
3501103,Alto Alegre,SP,São Paulo,Araçatuba,Sudeste,Birigui - Penápolis,Araçatuba
3501152,Alumínio,SP,São Paulo,Macro Metropolitana Paulista,Sudeste,Sorocaba,Sorocaba
3501202,Álvares Florence,SP,São Paulo,São José do Rio Preto,Sudeste,Votuporanga,São José do Rio Preto
3501301,Álvares Machado,SP,São Paulo,Presidente Prudente,Sudeste,Presidente Prudente,Presidente Prudente
3501400,Álvaro de Carvalho,SP,São Paulo,Marília,Sudeste,Marília,Marília
3501509,Alvinlândia,SP,São Paulo,Marília,Sudeste,Marília,Marília
3501608,Americana,SP,São Paulo,Campinas,Sudeste,Campinas,Campinas
3501707,Américo Brasiliense,SP,São Paulo,Araraquara,Sudeste,Araraquara,Araraquara
3501806,Américo de Campos,SP,São Paulo,São José do Rio Preto,Sudeste,Votuporanga,São José do Rio Preto
3501905,Amparo,SP,São Paulo,Campinas,Sudeste,Amparo,Campinas
3502002,Analândia,SP,São Paulo,Araraquara,Sudeste,Rio Claro,Campinas
3502101,Andradina,SP,São Paulo,Araçatuba,Sudeste,Andradina,Araçatuba
3502200,Angatuba,SP,São Paulo,Itapetininga,Sudeste,Itapetininga,Sorocaba
3502309,Anhembi,SP,São Paulo,Bauru,Sudeste,Botucatu,Bauru
3502408,Anhumas,SP,São Paulo,Presidente Prudente,Sudeste,Presidente Prudente,Presidente Prudente
3502507,Aparecida,SP,São Paulo,Vale do Paraíba Paulista,Sudeste,Guaratinguetá,São José dos Campos
3502606,Aparecida d'Oeste,SP,São Paulo,São José do Rio Preto,Sudeste,Jales,São José do Rio Preto
3502705,Apiaí,SP,São Paulo,Itapetininga,Sudeste,Itapeva,Sorocaba
3502754,Araçariguama,SP,São Paulo,Macro Metropolitana Paulista,Sudeste,Sorocaba,Sorocaba
3502804,Araçatuba,SP,São Paulo,Araçatuba,Sudeste,Araçatuba,Araçatuba
3502903,Araçoiaba da Serra,SP,São Paulo,Macro Metropolitana Paulista,Sudeste,Sorocaba,Sorocaba
3503000,Aramina,SP,São Paulo,Ribeirão Preto,Sudeste,Ituverava,Ribeirão Preto
3503109,Arandu,SP,São Paulo,Bauru,Sudeste,Avaré,Sorocaba
3503158,Arapeí,SP,São Paulo,Vale do Paraíba Paulista,Sudeste,Cruzeiro,São José dos Campos
3503208,Araraquara,SP,São Paulo,Araraquara,Sudeste,Araraquara,Araraquara
3503307,Araras,SP,São Paulo,Piracicaba,Sudeste,Araras,Campinas
3503356,Arco-Íris,SP,São Paulo,Marília,Sudeste,Tupã,Marília
3503406,Arealva,SP,São Paulo,Bauru,Sudeste,Bauru,Bauru
3503505,Areias,SP,São Paulo,Vale do Paraíba Paulista,Sudeste,Cruzeiro,São José dos Campos
3503604,Areiópolis,SP,São Paulo,Bauru,Sudeste,Botucatu,Bauru
3503703,Ariranha,SP,São Paulo,São José do Rio Preto,Sudeste,Catanduva,São José do Rio Preto
3503802,Artur Nogueira,SP,São Paulo,Campinas,Sudeste,Campinas,Campinas
3503901,Arujá,SP,São Paulo,Metropolitana de São Paulo,Sudeste,São Paulo,São Paulo
3503950,Aspásia,SP,São Paulo,São José do Rio Preto,Sudeste,Jales,São José do Rio Preto
3504008,Assis,SP,São Paulo,Assis,Sudeste,Assis,Marília
3504107,Atibaia,SP,São Paulo,Macro Metropolitana Paulista,Sudeste,Bragança Paulista,Campinas
3504206,Auriflama,SP,São Paulo,São José do Rio Preto,Sudeste,Araçatuba,Araçatuba
3504305,Avaí,SP,São Paulo,Bauru,Sudeste,Bauru,Bauru
3504404,Avanhandava,SP,São Paulo,Araçatuba,Sudeste,Birigui - Penápolis,Araçatuba
3504503,Avaré,SP,São Paulo,Bauru,Sudeste,Avaré,Sorocaba
3504602,Bady Bassitt,SP,São Paulo,São José do Rio Preto,Sudeste,São José do Rio Preto,São José do Rio Preto
3504701,Balbinos,SP,São Paulo,Bauru,Sudeste,Bauru,Bauru
3504800,Bálsamo,SP,São Paulo,São José do Rio Preto,Sudeste,São José do Rio Preto,São José do Rio Preto
3504909,Bananal,SP,São Paulo,Vale do Paraíba Paulista,Sudeste,Cruzeiro,São José dos Campos
3505005,Barão de Antonina,SP,São Paulo,Itapetininga,Sudeste,Itapeva,Sorocaba
3505104,Barbosa,SP,São Paulo,Araçatuba,Sudeste,Birigui - Penápolis,Araçatuba
3505203,Bariri,SP,São Paulo,Bauru,Sudeste,Jaú,Bauru
3505302,Barra Bonita,SP,São Paulo,Bauru,Sudeste,Jaú,Bauru
3505351,Barra do Chapéu,SP,São Paulo,Itapetininga,Sudeste,Itapeva,Sorocaba
3505401,Barra do Turvo,SP,São Paulo,Litoral Sul Paulista,Sudeste,Registro,Sorocaba
3505500,Barretos,SP,São Paulo,Ribeirão Preto,Sudeste,Barretos,Ribeirão Preto
3505609,Barrinha,SP,São Paulo,Ribeirão Preto,Sudeste,Ribeirão Preto,Ribeirão Preto
3505708,Barueri,SP,São Paulo,Metropolitana de São Paulo,Sudeste,São Paulo,São Paulo
3505807,Bastos,SP,São Paulo,Marília,Sudeste,Tupã,Marília
3505906,Batatais,SP,São Paulo,Ribeirão Preto,Sudeste,Ribeirão Preto,Ribeirão Preto
3506003,Bauru,SP,São Paulo,Bauru,Sudeste,Bauru,Bauru
3506102,Bebedouro,SP,São Paulo,Ribeirão Preto,Sudeste,Barretos,Ribeirão Preto
3506201,Bento de Abreu,SP,São Paulo,Araçatuba,Sudeste,Araçatuba,Araçatuba
3506300,Bernardino de Campos,SP,São Paulo,Assis,Sudeste,Ourinhos,Marília
3506359,Bertioga,SP,São Paulo,Metropolitana de São Paulo,Sudeste,Santos,São Paulo
3506409,Bilac,SP,São Paulo,Araçatuba,Sudeste,Birigui - Penápolis,Araçatuba
3506508,Birigui,SP,São Paulo,Araçatuba,Sudeste,Birigui - Penápolis,Araçatuba
3506607,Biritiba Mirim,SP,São Paulo,Metropolitana de São Paulo,Sudeste,São Paulo,São Paulo
3506706,Boa Esperança do Sul,SP,São Paulo,Araraquara,Sudeste,Araraquara,Araraquara
3506805,Bocaina,SP,São Paulo,Bauru,Sudeste,Jaú,Bauru
3506904,Bofete,SP,São Paulo,Bauru,Sudeste,Botucatu,Bauru
3507001,Boituva,SP,São Paulo,Itapetininga,Sudeste,Sorocaba,Sorocaba
3507100,Bom Jesus dos Perdões,SP,São Paulo,Macro Metropolitana Paulista,Sudeste,Bragança Paulista,Campinas
3507159,Bom Sucesso de Itararé,SP,São Paulo,Itapetininga,Sudeste,Itapeva,Sorocaba
3507209,Borá,SP,São Paulo,Assis,Sudeste,Assis,Marília
3507308,Boracéia,SP,São Paulo,Bauru,Sudeste,Jaú,Bauru
3507407,Borborema,SP,São Paulo,Araraquara,Sudeste,Araraquara,Araraquara
3507456,Borebi,SP,São Paulo,Bauru,Sudeste,Bauru,Bauru
3507506,Botucatu,SP,São Paulo,Bauru,Sudeste,Botucatu,Bauru
3507605,Bragança Paulista,SP,São Paulo,Macro Metropolitana Paulista,Sudeste,Bragança Paulista,Campinas
3507704,Braúna,SP,São Paulo,Araçatuba,Sudeste,Birigui - Penápolis,Araçatuba
3507753,Brejo Alegre,SP,São Paulo,Araçatuba,Sudeste,Birigui - Penápolis,Araçatuba
3507803,Brodowski,SP,São Paulo,Ribeirão Preto,Sudeste,Ribeirão Preto,Ribeirão Preto
3507902,Brotas,SP,São Paulo,Piracicaba,Sudeste,Jaú,Bauru
3508009,Buri,SP,São Paulo,Itapetininga,Sudeste,Itapeva,Sorocaba
3508108,Buritama,SP,São Paulo,Araçatuba,Sudeste,Birigui - Penápolis,Araçatuba
3508207,Buritizal,SP,São Paulo,Ribeirão Preto,Sudeste,Ituverava,Ribeirão Preto
3508306,Cabrália Paulista,SP,São Paulo,Bauru,Sudeste,Bauru,Bauru
3508405,Cabreúva,SP,São Paulo,Macro Metropolitana Paulista,Sudeste,Jundiaí,Campinas
3508504,Caçapava,SP,São Paulo,Vale do Paraíba Paulista,Sudeste,São José dos Campos,São José dos Campos
3508603,Cachoeira Paulista,SP,São Paulo,Vale do Paraíba Paulista,Sudeste,Cruzeiro,São José dos Campos
3508702,Caconde,SP,São Paulo,Campinas,Sudeste,São José do Rio Pardo - Mococa,Campinas
3508801,Cafelândia,SP,São Paulo,Bauru,Sudeste,Lins,Bauru
3508900,Caiabu,SP,São Paulo,Presidente Prudente,Sudeste,Presidente Prudente,Presidente Prudente
3509007,Caieiras,SP,São Paulo,Metropolitana de São Paulo,Sudeste,São Paulo,São Paulo
3509106,Caiuá,SP,São Paulo,Presidente Prudente,Sudeste,Presidente Epitácio-Presidente Venceslau,Presidente Prudente
3509205,Cajamar,SP,São Paulo,Metropolitana de São Paulo,Sudeste,São Paulo,São Paulo
3509254,Cajati,SP,São Paulo,Litoral Sul Paulista,Sudeste,Registro,Sorocaba
3509304,Cajobi,SP,São Paulo,São José do Rio Preto,Sudeste,Barretos,Ribeirão Preto
3509403,Cajuru,SP,São Paulo,Ribeirão Preto,Sudeste,Ribeirão Preto,Ribeirão Preto
3509452,Campina do Monte Alegre,SP,São Paulo,Itapetininga,Sudeste,Itapetininga,Sorocaba
3509502,Campinas,SP,São Paulo,Campinas,Sudeste,Campinas,Campinas
3509601,Campo Limpo Paulista,SP,São Paulo,Macro Metropolitana Paulista,Sudeste,Jundiaí,Campinas
3509700,Campos do Jordão,SP,São Paulo,Vale do Paraíba Paulista,Sudeste,Taubaté - Pindamonhangaba,São José dos Campos
3509809,Campos Novos Paulista,SP,São Paulo,Assis,Sudeste,Marília,Marília
3509908,Cananéia,SP,São Paulo,Litoral Sul Paulista,Sudeste,Registro,Sorocaba
3509957,Canas,SP,São Paulo,Vale do Paraíba Paulista,Sudeste,Guaratinguetá,São José dos Campos
3510005,Cândido Mota,SP,São Paulo,Assis,Sudeste,Assis,Marília
3510104,Cândido Rodrigues,SP,São Paulo,Ribeirão Preto,Sudeste,Araraquara,Araraquara
3510153,Canitar,SP,São Paulo,Assis,Sudeste,Ourinhos,Marília
3510203,Capão Bonito,SP,São Paulo,Itapetininga,Sudeste,Itapeva,Sorocaba
3510302,Capela do Alto,SP,São Paulo,Macro Metropolitana Paulista,Sudeste,Sorocaba,Sorocaba
3510401,Capivari,SP,São Paulo,Piracicaba,Sudeste,Piracicaba,Campinas
3510500,Caraguatatuba,SP,São Paulo,Vale do Paraíba Paulista,Sudeste,Caraguatatuba - Ubatuba - São Sebastião,São José dos Campos
3510609,Carapicuíba,SP,São Paulo,Metropolitana de São Paulo,Sudeste,São Paulo,São Paulo
3510708,Cardoso,SP,São Paulo,São José do Rio Preto,Sudeste,Votuporanga,São José do Rio Preto
3510807,Casa Branca,SP,São Paulo,Campinas,Sudeste,São João da Boa Vista,Campinas
3510906,Cássia dos Coqueiros,SP,São Paulo,Ribeirão Preto,Sudeste,Ribeirão Preto,Ribeirão Preto
3511003,Castilho,SP,São Paulo,Araçatuba,Sudeste,Andradina,Araçatuba
3511102,Catanduva,SP,São Paulo,São José do Rio Preto,Sudeste,Catanduva,São José do Rio Preto
3511201,Catiguá,SP,São Paulo,São José do Rio Preto,Sudeste,Catanduva,São José do Rio Preto
3511300,Cedral,SP,São Paulo,São José do Rio Preto,Sudeste,São José do Rio Preto,São José do Rio Preto
3511409,Cerqueira César,SP,São Paulo,Bauru,Sudeste,Avaré,Sorocaba
3511508,Cerquilho,SP,São Paulo,Itapetininga,Sudeste,Sorocaba,Sorocaba
3511607,Cesário Lange,SP,São Paulo,Itapetininga,Sudeste,Tatuí,Sorocaba
3511706,Charqueada,SP,São Paulo,Piracicaba,Sudeste,Piracicaba,Campinas
3511904,Clementina,SP,São Paulo,Araçatuba,Sudeste,Birigui - Penápolis,Araçatuba
3512001,Colina,SP,São Paulo,Ribeirão Preto,Sudeste,Barretos,Ribeirão Preto
3512100,Colômbia,SP,São Paulo,Ribeirão Preto,Sudeste,Barretos,Ribeirão Preto
3512209,Conchal,SP,São Paulo,Piracicaba,Sudeste,Araras,Campinas
3512308,Conchas,SP,São Paulo,Bauru,Sudeste,Botucatu,Bauru
3512407,Cordeirópolis,SP,São Paulo,Piracicaba,Sudeste,Limeira,Campinas
3512506,Coroados,SP,São Paulo,Araçatuba,Sudeste,Birigui - Penápolis,Araçatuba
3512605,Coronel Macedo,SP,São Paulo,Itapetininga,Sudeste,Avaré,Sorocaba
3512704,Corumbataí,SP,São Paulo,Piracicaba,Sudeste,Rio Claro,Campinas
3512803,Cosmópolis,SP,São Paulo,Campinas,Sudeste,Campinas,Campinas
3512902,Cosmorama,SP,São Paulo,São José do Rio Preto,Sudeste,Votuporanga,São José do Rio Preto
3513009,Cotia,SP,São Paulo,Metropolitana de São Paulo,Sudeste,São Paulo,São Paulo
3513108,Cravinhos,SP,São Paulo,Ribeirão Preto,Sudeste,Ribeirão Preto,Ribeirão Preto
3513207,Cristais Paulista,SP,São Paulo,Ribeirão Preto,Sudeste,Franca,Ribeirão Preto
3513306,Cruzália,SP,São Paulo,Assis,Sudeste,Assis,Marília
3513405,Cruzeiro,SP,São Paulo,Vale do Paraíba Paulista,Sudeste,Cruzeiro,São José dos Campos
3513504,Cubatão,SP,São Paulo,Metropolitana de São Paulo,Sudeste,Santos,São Paulo
3513603,Cunha,SP,São Paulo,Vale do Paraíba Paulista,Sudeste,Guaratinguetá,São José dos Campos
3513702,Descalvado,SP,São Paulo,Araraquara,Sudeste,São Carlos,Araraquara
3513801,Diadema,SP,São Paulo,Metropolitana de São Paulo,Sudeste,São Paulo,São Paulo
3513850,Dirce Reis,SP,São Paulo,São José do Rio Preto,Sudeste,Jales,São José do Rio Preto
3513900,Divinolândia,SP,São Paulo,Campinas,Sudeste,São José do Rio Pardo - Mococa,Campinas
3514007,Dobrada,SP,São Paulo,Araraquara,Sudeste,Araraquara,Araraquara
3514106,Dois Córregos,SP,São Paulo,Bauru,Sudeste,Jaú,Bauru
3514205,Dolcinópolis,SP,São Paulo,São José do Rio Preto,Sudeste,Jales,São José do Rio Preto
3514304,Dourado,SP,São Paulo,Araraquara,Sudeste,São Carlos,Araraquara
3514403,Dracena,SP,São Paulo,Presidente Prudente,Sudeste,Dracena,Presidente Prudente
3514502,Duartina,SP,São Paulo,Bauru,Sudeste,Bauru,Bauru
3514601,Dumont,SP,São Paulo,Ribeirão Preto,Sudeste,Ribeirão Preto,Ribeirão Preto
3514700,Echaporã,SP,São Paulo,Marília,Sudeste,Marília,Marília
3514809,Eldorado,SP,São Paulo,Litoral Sul Paulista,Sudeste,Registro,Sorocaba
3514908,Elias Fausto,SP,São Paulo,Campinas,Sudeste,Campinas,Campinas
3514924,Elisiário,SP,São Paulo,São José do Rio Preto,Sudeste,Catanduva,São José do Rio Preto
3514957,Embaúba,SP,São Paulo,São José do Rio Preto,Sudeste,Catanduva,São José do Rio Preto
3515004,Embu das Artes,SP,São Paulo,Metropolitana de São Paulo,Sudeste,São Paulo,São Paulo
3515103,Embu-Guaçu,SP,São Paulo,Metropolitana de São Paulo,Sudeste,São Paulo,São Paulo
3515129,Emilianópolis,SP,São Paulo,Presidente Prudente,Sudeste,Presidente Prudente,Presidente Prudente
3515152,Engenheiro Coelho,SP,São Paulo,Campinas,Sudeste,Limeira,Campinas
3515186,Espírito Santo do Pinhal,SP,São Paulo,Campinas,Sudeste,São João da Boa Vista,Campinas
3515194,Espírito Santo do Turvo,SP,São Paulo,Assis,Sudeste,Ourinhos,Marília
3515202,Estrela d'Oeste,SP,São Paulo,São José do Rio Preto,Sudeste,Fernandópolis,São José do Rio Preto
3515301,Estrela do Norte,SP,São Paulo,Presidente Prudente,Sudeste,Presidente Prudente,Presidente Prudente
3515350,Euclides da Cunha Paulista,SP,São Paulo,Presidente Prudente,Sudeste,Presidente Prudente,Presidente Prudente
3515400,Fartura,SP,São Paulo,Assis,Sudeste,Piraju,Marília
3515509,Fernandópolis,SP,São Paulo,São José do Rio Preto,Sudeste,Fernandópolis,São José do Rio Preto
3515608,Fernando Prestes,SP,São Paulo,Ribeirão Preto,Sudeste,Catanduva,São José do Rio Preto
3515657,Fernão,SP,São Paulo,Marília,Sudeste,Marília,Marília
3515707,Ferraz de Vasconcelos,SP,São Paulo,Metropolitana de São Paulo,Sudeste,São Paulo,São Paulo
3515806,Flora Rica,SP,São Paulo,Presidente Prudente,Sudeste,Dracena,Presidente Prudente
3515905,Floreal,SP,São Paulo,São José do Rio Preto,Sudeste,Votuporanga,São José do Rio Preto
3516002,Flórida Paulista,SP,São Paulo,Presidente Prudente,Sudeste,Adamantina - Lucélia,Presidente Prudente
3516101,Florínea,SP,São Paulo,Assis,Sudeste,Assis,Marília
3516200,Franca,SP,São Paulo,Ribeirão Preto,Sudeste,Franca,Ribeirão Preto
3516309,Francisco Morato,SP,São Paulo,Metropolitana de São Paulo,Sudeste,São Paulo,São Paulo
3516408,Franco da Rocha,SP,São Paulo,Metropolitana de São Paulo,Sudeste,São Paulo,São Paulo
3516507,Gabriel Monteiro,SP,São Paulo,Araçatuba,Sudeste,Birigui - Penápolis,Araçatuba
3516606,Gália,SP,São Paulo,Marília,Sudeste,Marília,Marília
3516705,Garça,SP,São Paulo,Marília,Sudeste,Marília,Marília
3516804,Gastão Vidigal,SP,São Paulo,São José do Rio Preto,Sudeste,Araçatuba,Araçatuba
3516853,Gavião Peixoto,SP,São Paulo,Araraquara,Sudeste,Araraquara,Araraquara
3516903,General Salgado,SP,São Paulo,São José do Rio Preto,Sudeste,Araçatuba,Araçatuba
3517000,Getulina,SP,São Paulo,Bauru,Sudeste,Marília,Marília
3517109,Glicério,SP,São Paulo,Araçatuba,Sudeste,Birigui - Penápolis,Araçatuba
3517208,Guaiçara,SP,São Paulo,Bauru,Sudeste,Lins,Bauru
3517307,Guaimbê,SP,São Paulo,Bauru,Sudeste,Marília,Marília
3517406,Guaíra,SP,São Paulo,Ribeirão Preto,Sudeste,Barretos,Ribeirão Preto
3517505,Guapiaçu,SP,São Paulo,São José do Rio Preto,Sudeste,São José do Rio Preto,São José do Rio Preto
3517604,Guapiara,SP,São Paulo,Itapetininga,Sudeste,Itapeva,Sorocaba
3517703,Guará,SP,São Paulo,Ribeirão Preto,Sudeste,Ituverava,Ribeirão Preto
3517802,Guaraçaí,SP,São Paulo,Araçatuba,Sudeste,Andradina,Araçatuba
3517901,Guaraci,SP,São Paulo,São José do Rio Preto,Sudeste,Barretos,Ribeirão Preto
3518008,Guarani d'Oeste,SP,São Paulo,São José do Rio Preto,Sudeste,Fernandópolis,São José do Rio Preto
3518107,Guarantã,SP,São Paulo,Bauru,Sudeste,Lins,Bauru
3518206,Guararapes,SP,São Paulo,Araçatuba,Sudeste,Araçatuba,Araçatuba
3518305,Guararema,SP,São Paulo,Metropolitana de São Paulo,Sudeste,São Paulo,São Paulo
3518404,Guaratinguetá,SP,São Paulo,Vale do Paraíba Paulista,Sudeste,Guaratinguetá,São José dos Campos
3518503,Guareí,SP,São Paulo,Itapetininga,Sudeste,Itapetininga,Sorocaba
3518602,Guariba,SP,São Paulo,Ribeirão Preto,Sudeste,Ribeirão Preto,Ribeirão Preto
3518701,Guarujá,SP,São Paulo,Metropolitana de São Paulo,Sudeste,Santos,São Paulo
3518800,Guarulhos,SP,São Paulo,Metropolitana de São Paulo,Sudeste,São Paulo,São Paulo
3518859,Guatapará,SP,São Paulo,Ribeirão Preto,Sudeste,Ribeirão Preto,Ribeirão Preto
3518909,Guzolândia,SP,São Paulo,São José do Rio Preto,Sudeste,Araçatuba,Araçatuba
3519006,Herculândia,SP,São Paulo,Marília,Sudeste,Tupã,Marília
3519055,Holambra,SP,São Paulo,Campinas,Sudeste,Campinas,Campinas
3519071,Hortolândia,SP,São Paulo,Campinas,Sudeste,Campinas,Campinas
3519105,Iacanga,SP,São Paulo,Bauru,Sudeste,Bauru,Bauru
3519204,Iacri,SP,São Paulo,Marília,Sudeste,Tupã,Marília
3519253,Iaras,SP,São Paulo,Bauru,Sudeste,Avaré,Sorocaba
3519303,Ibaté,SP,São Paulo,Araraquara,Sudeste,São Carlos,Araraquara
3519402,Ibirá,SP,São Paulo,São José do Rio Preto,Sudeste,São José do Rio Preto,São José do Rio Preto
3519501,Ibirarema,SP,São Paulo,Assis,Sudeste,Ourinhos,Marília
3519600,Ibitinga,SP,São Paulo,Araraquara,Sudeste,Araraquara,Araraquara
3519709,Ibiúna,SP,São Paulo,Macro Metropolitana Paulista,Sudeste,Sorocaba,Sorocaba
3519808,Icém,SP,São Paulo,São José do Rio Preto,Sudeste,São José do Rio Preto,São José do Rio Preto
3519907,Iepê,SP,São Paulo,Assis,Sudeste,Presidente Prudente,Presidente Prudente
3520004,Igaraçu do Tietê,SP,São Paulo,Bauru,Sudeste,Jaú,Bauru
3520103,Igarapava,SP,São Paulo,Ribeirão Preto,Sudeste,Ituverava,Ribeirão Preto
3520202,Igaratá,SP,São Paulo,Vale do Paraíba Paulista,Sudeste,São José dos Campos,São José dos Campos
3520301,Iguape,SP,São Paulo,Litoral Sul Paulista,Sudeste,Registro,Sorocaba
3520400,Ilhabela,SP,São Paulo,Vale do Paraíba Paulista,Sudeste,Caraguatatuba - Ubatuba - São Sebastião,São José dos Campos
3520426,Ilha Comprida,SP,São Paulo,Litoral Sul Paulista,Sudeste,Registro,Sorocaba
3520442,Ilha Solteira,SP,São Paulo,Araçatuba,Sudeste,Andradina,Araçatuba
3520509,Indaiatuba,SP,São Paulo,Campinas,Sudeste,Campinas,Campinas
3520608,Indiana,SP,São Paulo,Presidente Prudente,Sudeste,Presidente Prudente,Presidente Prudente
3520707,Indiaporã,SP,São Paulo,São José do Rio Preto,Sudeste,Fernandópolis,São José do Rio Preto
3520806,Inúbia Paulista,SP,São Paulo,Presidente Prudente,Sudeste,Adamantina - Lucélia,Presidente Prudente
3520905,Ipaussu,SP,São Paulo,Assis,Sudeste,Ourinhos,Marília
3521002,Iperó,SP,São Paulo,Macro Metropolitana Paulista,Sudeste,Sorocaba,Sorocaba
3521101,Ipeúna,SP,São Paulo,Piracicaba,Sudeste,Rio Claro,Campinas
3521150,Ipiguá,SP,São Paulo,São José do Rio Preto,Sudeste,São José do Rio Preto,São José do Rio Preto
3521200,Iporanga,SP,São Paulo,Itapetininga,Sudeste,Registro,Sorocaba
3521309,Ipuã,SP,São Paulo,Ribeirão Preto,Sudeste,São Joaquim da Barra ¿ Orlândia,Ribeirão Preto
3521408,Iracemápolis,SP,São Paulo,Piracicaba,Sudeste,Limeira,Campinas
3521507,Irapuã,SP,São Paulo,São José do Rio Preto,Sudeste,São José do Rio Preto,São José do Rio Preto
3521606,Irapuru,SP,São Paulo,Presidente Prudente,Sudeste,Dracena,Presidente Prudente
3521705,Itaberá,SP,São Paulo,Itapetininga,Sudeste,Itapeva,Sorocaba
3521804,Itaí,SP,São Paulo,Bauru,Sudeste,Avaré,Sorocaba
3521903,Itajobi,SP,São Paulo,São José do Rio Preto,Sudeste,Catanduva,São José do Rio Preto
3522000,Itaju,SP,São Paulo,Bauru,Sudeste,Jaú,Bauru
3522109,Itanhaém,SP,São Paulo,Litoral Sul Paulista,Sudeste,Santos,São Paulo
3522158,Itaoca,SP,São Paulo,Itapetininga,Sudeste,Itapeva,Sorocaba
3522208,Itapecerica da Serra,SP,São Paulo,Metropolitana de São Paulo,Sudeste,São Paulo,São Paulo
3522307,Itapetininga,SP,São Paulo,Itapetininga,Sudeste,Itapetininga,Sorocaba
3522406,Itapeva,SP,São Paulo,Itapetininga,Sudeste,Itapeva,Sorocaba
3522505,Itapevi,SP,São Paulo,Metropolitana de São Paulo,Sudeste,São Paulo,São Paulo
3522604,Itapira,SP,São Paulo,Campinas,Sudeste,Mogi Guaçu,Campinas
3522653,Itapirapuã Paulista,SP,São Paulo,Itapetininga,Sudeste,Itapeva,Sorocaba
3522703,Itápolis,SP,São Paulo,Araraquara,Sudeste,Araraquara,Araraquara
3522802,Itaporanga,SP,São Paulo,Itapetininga,Sudeste,Itapeva,Sorocaba
3522901,Itapuí,SP,São Paulo,Bauru,Sudeste,Jaú,Bauru
3523008,Itapura,SP,São Paulo,Araçatuba,Sudeste,Andradina,Araçatuba
3523107,Itaquaquecetuba,SP,São Paulo,Metropolitana de São Paulo,Sudeste,São Paulo,São Paulo
3523206,Itararé,SP,São Paulo,Itapetininga,Sudeste,Itapeva,Sorocaba
3523305,Itariri,SP,São Paulo,Litoral Sul Paulista,Sudeste,Santos,São Paulo
3523404,Itatiba,SP,São Paulo,Macro Metropolitana Paulista,Sudeste,Jundiaí,Campinas
3523503,Itatinga,SP,São Paulo,Bauru,Sudeste,Botucatu,Bauru
3523602,Itirapina,SP,São Paulo,Piracicaba,Sudeste,São Carlos,Araraquara
3523701,Itirapuã,SP,São Paulo,Ribeirão Preto,Sudeste,Franca,Ribeirão Preto
3523800,Itobi,SP,São Paulo,Campinas,Sudeste,São José do Rio Pardo - Mococa,Campinas
3523909,Itu,SP,São Paulo,Macro Metropolitana Paulista,Sudeste,Sorocaba,Sorocaba
3524006,Itupeva,SP,São Paulo,Macro Metropolitana Paulista,Sudeste,Jundiaí,Campinas
3524105,Ituverava,SP,São Paulo,Ribeirão Preto,Sudeste,Ituverava,Ribeirão Preto
3524204,Jaborandi,SP,São Paulo,Ribeirão Preto,Sudeste,Barretos,Ribeirão Preto
3524303,Jaboticabal,SP,São Paulo,Ribeirão Preto,Sudeste,Ribeirão Preto,Ribeirão Preto
3524402,Jacareí,SP,São Paulo,Vale do Paraíba Paulista,Sudeste,São José dos Campos,São José dos Campos
3524501,Jaci,SP,São Paulo,São José do Rio Preto,Sudeste,São José do Rio Preto,São José do Rio Preto
3524600,Jacupiranga,SP,São Paulo,Litoral Sul Paulista,Sudeste,Registro,Sorocaba
3524709,Jaguariúna,SP,São Paulo,Campinas,Sudeste,Campinas,Campinas
3524808,Jales,SP,São Paulo,São José do Rio Preto,Sudeste,Jales,São José do Rio Preto
3524907,Jambeiro,SP,São Paulo,Vale do Paraíba Paulista,Sudeste,São José dos Campos,São José dos Campos
3525003,Jandira,SP,São Paulo,Metropolitana de São Paulo,Sudeste,São Paulo,São Paulo
3525102,Jardinópolis,SP,São Paulo,Ribeirão Preto,Sudeste,Ribeirão Preto,Ribeirão Preto
3525201,Jarinu,SP,São Paulo,Macro Metropolitana Paulista,Sudeste,Jundiaí,Campinas
3525300,Jaú,SP,São Paulo,Bauru,Sudeste,Jaú,Bauru
3525409,Jeriquara,SP,São Paulo,Ribeirão Preto,Sudeste,Franca,Ribeirão Preto
3525508,Joanópolis,SP,São Paulo,Macro Metropolitana Paulista,Sudeste,Bragança Paulista,Campinas
3525607,João Ramalho,SP,São Paulo,Presidente Prudente,Sudeste,Presidente Prudente,Presidente Prudente
3525706,José Bonifácio,SP,São Paulo,São José do Rio Preto,Sudeste,São José do Rio Preto,São José do Rio Preto
3525805,Júlio Mesquita,SP,São Paulo,Bauru,Sudeste,Marília,Marília
3525854,Jumirim,SP,São Paulo,Piracicaba,Sudeste,Sorocaba,Sorocaba
3525904,Jundiaí,SP,São Paulo,Macro Metropolitana Paulista,Sudeste,Jundiaí,Campinas
3526001,Junqueirópolis,SP,São Paulo,Presidente Prudente,Sudeste,Dracena,Presidente Prudente
3526100,Juquiá,SP,São Paulo,Litoral Sul Paulista,Sudeste,Registro,Sorocaba
3526209,Juquitiba,SP,São Paulo,Metropolitana de São Paulo,Sudeste,São Paulo,São Paulo
3526308,Lagoinha,SP,São Paulo,Vale do Paraíba Paulista,Sudeste,Taubaté - Pindamonhangaba,São José dos Campos
3526407,Laranjal Paulista,SP,São Paulo,Itapetininga,Sudeste,Piracicaba,Campinas
3526506,Lavínia,SP,São Paulo,Araçatuba,Sudeste,Andradina,Araçatuba
3526605,Lavrinhas,SP,São Paulo,Vale do Paraíba Paulista,Sudeste,Cruzeiro,São José dos Campos
3526704,Leme,SP,São Paulo,Piracicaba,Sudeste,Araras,Campinas
3526803,Lençóis Paulista,SP,São Paulo,Bauru,Sudeste,Bauru,Bauru
3526902,Limeira,SP,São Paulo,Piracicaba,Sudeste,Limeira,Campinas
3527009,Lindóia,SP,São Paulo,Campinas,Sudeste,Amparo,Campinas
3527108,Lins,SP,São Paulo,Bauru,Sudeste,Lins,Bauru
3527207,Lorena,SP,São Paulo,Vale do Paraíba Paulista,Sudeste,Guaratinguetá,São José dos Campos
3527256,Lourdes,SP,São Paulo,Araçatuba,Sudeste,Birigui - Penápolis,Araçatuba
3527306,Louveira,SP,São Paulo,Macro Metropolitana Paulista,Sudeste,Jundiaí,Campinas
3527405,Lucélia,SP,São Paulo,Presidente Prudente,Sudeste,Adamantina - Lucélia,Presidente Prudente
3527504,Lucianópolis,SP,São Paulo,Bauru,Sudeste,Bauru,Bauru
3527603,Luís Antônio,SP,São Paulo,Ribeirão Preto,Sudeste,Ribeirão Preto,Ribeirão Preto
3527702,Luiziânia,SP,São Paulo,Araçatuba,Sudeste,Birigui - Penápolis,Araçatuba
3527801,Lupércio,SP,São Paulo,Marília,Sudeste,Marília,Marília
3527900,Lutécia,SP,São Paulo,Assis,Sudeste,Assis,Marília
3528007,Macatuba,SP,São Paulo,Bauru,Sudeste,Bauru,Bauru
3528106,Macaubal,SP,São Paulo,São José do Rio Preto,Sudeste,São José do Rio Preto,São José do Rio Preto
3528205,Macedônia,SP,São Paulo,São José do Rio Preto,Sudeste,Fernandópolis,São José do Rio Preto
3528304,Magda,SP,São Paulo,São José do Rio Preto,Sudeste,Araçatuba,Araçatuba
3528403,Mairinque,SP,São Paulo,Macro Metropolitana Paulista,Sudeste,Sorocaba,Sorocaba
3528502,Mairiporã,SP,São Paulo,Metropolitana de São Paulo,Sudeste,São Paulo,São Paulo
3528601,Manduri,SP,São Paulo,Assis,Sudeste,Avaré,Sorocaba
3528700,Marabá Paulista,SP,São Paulo,Presidente Prudente,Sudeste,Presidente Epitácio-Presidente Venceslau,Presidente Prudente
3528809,Maracaí,SP,São Paulo,Assis,Sudeste,Assis,Marília
3528858,Marapoama,SP,São Paulo,São José do Rio Preto,Sudeste,Catanduva,São José do Rio Preto
3528908,Mariápolis,SP,São Paulo,Presidente Prudente,Sudeste,Adamantina - Lucélia,Presidente Prudente
3529005,Marília,SP,São Paulo,Marília,Sudeste,Marília,Marília
3529104,Marinópolis,SP,São Paulo,São José do Rio Preto,Sudeste,Jales,São José do Rio Preto
3529203,Martinópolis,SP,São Paulo,Presidente Prudente,Sudeste,Presidente Prudente,Presidente Prudente
3529302,Matão,SP,São Paulo,Araraquara,Sudeste,Araraquara,Araraquara
3529401,Mauá,SP,São Paulo,Metropolitana de São Paulo,Sudeste,São Paulo,São Paulo
3529500,Mendonça,SP,São Paulo,São José do Rio Preto,Sudeste,São José do Rio Preto,São José do Rio Preto
3529609,Meridiano,SP,São Paulo,São José do Rio Preto,Sudeste,Fernandópolis,São José do Rio Preto
3529658,Mesópolis,SP,São Paulo,São José do Rio Preto,Sudeste,Jales,São José do Rio Preto
3529708,Miguelópolis,SP,São Paulo,Ribeirão Preto,Sudeste,Ituverava,Ribeirão Preto
3529807,Mineiros do Tietê,SP,São Paulo,Bauru,Sudeste,Jaú,Bauru
3529906,Miracatu,SP,São Paulo,Litoral Sul Paulista,Sudeste,Registro,Sorocaba
3530003,Mira Estrela,SP,São Paulo,São José do Rio Preto,Sudeste,Fernandópolis,São José do Rio Preto
3530102,Mirandópolis,SP,São Paulo,Araçatuba,Sudeste,Andradina,Araçatuba
3530201,Mirante do Paranapanema,SP,São Paulo,Presidente Prudente,Sudeste,Presidente Prudente,Presidente Prudente
3530300,Mirassol,SP,São Paulo,São José do Rio Preto,Sudeste,São José do Rio Preto,São José do Rio Preto
3530409,Mirassolândia,SP,São Paulo,São José do Rio Preto,Sudeste,São José do Rio Preto,São José do Rio Preto
3530508,Mococa,SP,São Paulo,Campinas,Sudeste,São José do Rio Pardo - Mococa,Campinas
3530607,Mogi das Cruzes,SP,São Paulo,Metropolitana de São Paulo,Sudeste,São Paulo,São Paulo
3530706,Mogi Guaçu,SP,São Paulo,Campinas,Sudeste,Mogi Guaçu,Campinas
3530805,Mogi Mirim,SP,São Paulo,Campinas,Sudeste,Mogi Guaçu,Campinas
3530904,Mombuca,SP,São Paulo,Piracicaba,Sudeste,Piracicaba,Campinas
3531001,Monções,SP,São Paulo,São José do Rio Preto,Sudeste,Araçatuba,Araçatuba
3531100,Mongaguá,SP,São Paulo,Litoral Sul Paulista,Sudeste,Santos,São Paulo
3531209,Monte Alegre do Sul,SP,São Paulo,Campinas,Sudeste,Amparo,Campinas
3531308,Monte Alto,SP,São Paulo,Ribeirão Preto,Sudeste,Ribeirão Preto,Ribeirão Preto
3531407,Monte Aprazível,SP,São Paulo,São José do Rio Preto,Sudeste,São José do Rio Preto,São José do Rio Preto
3531506,Monte Azul Paulista,SP,São Paulo,Ribeirão Preto,Sudeste,Barretos,Ribeirão Preto
3531605,Monte Castelo,SP,São Paulo,Presidente Prudente,Sudeste,Dracena,Presidente Prudente
3531704,Monteiro Lobato,SP,São Paulo,Vale do Paraíba Paulista,Sudeste,São José dos Campos,São José dos Campos
3531803,Monte Mor,SP,São Paulo,Campinas,Sudeste,Campinas,Campinas
3531902,Morro Agudo,SP,São Paulo,Ribeirão Preto,Sudeste,São Joaquim da Barra ¿ Orlândia,Ribeirão Preto
3532009,Morungaba,SP,São Paulo,Macro Metropolitana Paulista,Sudeste,Jundiaí,Campinas
3532058,Motuca,SP,São Paulo,Araraquara,Sudeste,Araraquara,Araraquara
3532108,Murutinga do Sul,SP,São Paulo,Araçatuba,Sudeste,Andradina,Araçatuba
3532157,Nantes,SP,São Paulo,Assis,Sudeste,Presidente Prudente,Presidente Prudente
3532207,Narandiba,SP,São Paulo,Presidente Prudente,Sudeste,Presidente Prudente,Presidente Prudente
3532306,Natividade da Serra,SP,São Paulo,Vale do Paraíba Paulista,Sudeste,Taubaté - Pindamonhangaba,São José dos Campos
3532405,Nazaré Paulista,SP,São Paulo,Macro Metropolitana Paulista,Sudeste,Bragança Paulista,Campinas
3532504,Neves Paulista,SP,São Paulo,São José do Rio Preto,Sudeste,São José do Rio Preto,São José do Rio Preto
3532603,Nhandeara,SP,São Paulo,São José do Rio Preto,Sudeste,Votuporanga,São José do Rio Preto
3532702,Nipoã,SP,São Paulo,São José do Rio Preto,Sudeste,São José do Rio Preto,São José do Rio Preto
3532801,Nova Aliança,SP,São Paulo,São José do Rio Preto,Sudeste,São José do Rio Preto,São José do Rio Preto
3532827,Nova Campina,SP,São Paulo,Itapetininga,Sudeste,Itapeva,Sorocaba
3532843,Nova Canaã Paulista,SP,São Paulo,São José do Rio Preto,Sudeste,Santa Fé do Sul,São José do Rio Preto
3532868,Nova Castilho,SP,São Paulo,São José do Rio Preto,Sudeste,Araçatuba,Araçatuba
3532900,Nova Europa,SP,São Paulo,Araraquara,Sudeste,Araraquara,Araraquara
3533007,Nova Granada,SP,São Paulo,São José do Rio Preto,Sudeste,São José do Rio Preto,São José do Rio Preto
3533106,Nova Guataporanga,SP,São Paulo,Presidente Prudente,Sudeste,Dracena,Presidente Prudente
3533205,Nova Independência,SP,São Paulo,Araçatuba,Sudeste,Andradina,Araçatuba
3533254,Novais,SP,São Paulo,São José do Rio Preto,Sudeste,Catanduva,São José do Rio Preto
3533304,Nova Luzitânia,SP,São Paulo,São José do Rio Preto,Sudeste,Araçatuba,Araçatuba
3533403,Nova Odessa,SP,São Paulo,Campinas,Sudeste,Campinas,Campinas
3533502,Novo Horizonte,SP,São Paulo,São José do Rio Preto,Sudeste,São José do Rio Preto,São José do Rio Preto
3533601,Nuporanga,SP,São Paulo,Ribeirão Preto,Sudeste,São Joaquim da Barra ¿ Orlândia,Ribeirão Preto
3533700,Ocauçu,SP,São Paulo,Marília,Sudeste,Marília,Marília
3533809,Óleo,SP,São Paulo,Assis,Sudeste,Avaré,Sorocaba
3533908,Olímpia,SP,São Paulo,São José do Rio Preto,Sudeste,Barretos,Ribeirão Preto
3534005,Onda Verde,SP,São Paulo,São José do Rio Preto,Sudeste,São José do Rio Preto,São José do Rio Preto
3534104,Oriente,SP,São Paulo,Marília,Sudeste,Marília,Marília
3534203,Orindiúva,SP,São Paulo,São José do Rio Preto,Sudeste,São José do Rio Preto,São José do Rio Preto
3534302,Orlândia,SP,São Paulo,Ribeirão Preto,Sudeste,São Joaquim da Barra ¿ Orlândia,Ribeirão Preto
3534401,Osasco,SP,São Paulo,Metropolitana de São Paulo,Sudeste,São Paulo,São Paulo
3534500,Oscar Bressane,SP,São Paulo,Marília,Sudeste,Marília,Marília
3534609,Osvaldo Cruz,SP,São Paulo,Presidente Prudente,Sudeste,Adamantina - Lucélia,Presidente Prudente
3534708,Ourinhos,SP,São Paulo,Assis,Sudeste,Ourinhos,Marília
3534757,Ouroeste,SP,São Paulo,São José do Rio Preto,Sudeste,Fernandópolis,São José do Rio Preto
3534807,Ouro Verde,SP,São Paulo,Presidente Prudente,Sudeste,Dracena,Presidente Prudente
3534906,Pacaembu,SP,São Paulo,Presidente Prudente,Sudeste,Adamantina - Lucélia,Presidente Prudente
3535002,Palestina,SP,São Paulo,São José do Rio Preto,Sudeste,São José do Rio Preto,São José do Rio Preto
3535101,Palmares Paulista,SP,São Paulo,São José do Rio Preto,Sudeste,Catanduva,São José do Rio Preto
3535200,Palmeira d'Oeste,SP,São Paulo,São José do Rio Preto,Sudeste,Jales,São José do Rio Preto
3535309,Palmital,SP,São Paulo,Assis,Sudeste,Assis,Marília
3535408,Panorama,SP,São Paulo,Presidente Prudente,Sudeste,Dracena,Presidente Prudente
3535507,Paraguaçu Paulista,SP,São Paulo,Assis,Sudeste,Assis,Marília
3535606,Paraibuna,SP,São Paulo,Vale do Paraíba Paulista,Sudeste,São José dos Campos,São José dos Campos
3535705,Paraíso,SP,São Paulo,São José do Rio Preto,Sudeste,Catanduva,São José do Rio Preto
3535804,Paranapanema,SP,São Paulo,Bauru,Sudeste,Avaré,Sorocaba
3535903,Paranapuã,SP,São Paulo,São José do Rio Preto,Sudeste,Jales,São José do Rio Preto
3536000,Parapuã,SP,São Paulo,Presidente Prudente,Sudeste,Tupã,Marília
3536109,Pardinho,SP,São Paulo,Bauru,Sudeste,Botucatu,Bauru
3536208,Pariquera-Açu,SP,São Paulo,Litoral Sul Paulista,Sudeste,Registro,Sorocaba
3536257,Parisi,SP,São Paulo,São José do Rio Preto,Sudeste,Votuporanga,São José do Rio Preto
3536307,Patrocínio Paulista,SP,São Paulo,Ribeirão Preto,Sudeste,Franca,Ribeirão Preto
3536406,Paulicéia,SP,São Paulo,Presidente Prudente,Sudeste,Dracena,Presidente Prudente
3536505,Paulínia,SP,São Paulo,Campinas,Sudeste,Campinas,Campinas
3536570,Paulistânia,SP,São Paulo,Bauru,Sudeste,Bauru,Bauru
3536604,Paulo de Faria,SP,São Paulo,São José do Rio Preto,Sudeste,São José do Rio Preto,São José do Rio Preto
3536703,Pederneiras,SP,São Paulo,Bauru,Sudeste,Bauru,Bauru
3536802,Pedra Bela,SP,São Paulo,Campinas,Sudeste,Bragança Paulista,Campinas
3536901,Pedranópolis,SP,São Paulo,São José do Rio Preto,Sudeste,Fernandópolis,São José do Rio Preto
3537008,Pedregulho,SP,São Paulo,Ribeirão Preto,Sudeste,Franca,Ribeirão Preto
3537107,Pedreira,SP,São Paulo,Campinas,Sudeste,Campinas,Campinas
3537156,Pedrinhas Paulista,SP,São Paulo,Assis,Sudeste,Assis,Marília
3537206,Pedro de Toledo,SP,São Paulo,Litoral Sul Paulista,Sudeste,Santos,São Paulo
3537305,Penápolis,SP,São Paulo,Araçatuba,Sudeste,Birigui - Penápolis,Araçatuba
3537404,Pereira Barreto,SP,São Paulo,Araçatuba,Sudeste,Andradina,Araçatuba
3537503,Pereiras,SP,São Paulo,Itapetininga,Sudeste,Tatuí,Sorocaba
3537602,Peruíbe,SP,São Paulo,Litoral Sul Paulista,Sudeste,Santos,São Paulo
3537701,Piacatu,SP,São Paulo,Araçatuba,Sudeste,Birigui - Penápolis,Araçatuba
3537800,Piedade,SP,São Paulo,Macro Metropolitana Paulista,Sudeste,Sorocaba,Sorocaba
3537909,Pilar do Sul,SP,São Paulo,Macro Metropolitana Paulista,Sudeste,Sorocaba,Sorocaba
3538006,Pindamonhangaba,SP,São Paulo,Vale do Paraíba Paulista,Sudeste,Taubaté - Pindamonhangaba,São José dos Campos
3538105,Pindorama,SP,São Paulo,São José do Rio Preto,Sudeste,Catanduva,São José do Rio Preto
3538204,Pinhalzinho,SP,São Paulo,Campinas,Sudeste,Bragança Paulista,Campinas
3538303,Piquerobi,SP,São Paulo,Presidente Prudente,Sudeste,Presidente Epitácio-Presidente Venceslau,Presidente Prudente
3538501,Piquete,SP,São Paulo,Vale do Paraíba Paulista,Sudeste,Guaratinguetá,São José dos Campos
3538600,Piracaia,SP,São Paulo,Macro Metropolitana Paulista,Sudeste,Bragança Paulista,Campinas
3538709,Piracicaba,SP,São Paulo,Piracicaba,Sudeste,Piracicaba,Campinas
3538808,Piraju,SP,São Paulo,Assis,Sudeste,Piraju,Marília
3538907,Pirajuí,SP,São Paulo,Bauru,Sudeste,Bauru,Bauru
3539004,Pirangi,SP,São Paulo,Ribeirão Preto,Sudeste,Catanduva,São José do Rio Preto
3539103,Pirapora do Bom Jesus,SP,São Paulo,Metropolitana de São Paulo,Sudeste,São Paulo,São Paulo
3539202,Pirapozinho,SP,São Paulo,Presidente Prudente,Sudeste,Presidente Prudente,Presidente Prudente
3539301,Pirassununga,SP,São Paulo,Campinas,Sudeste,São Carlos,Araraquara
3539400,Piratininga,SP,São Paulo,Bauru,Sudeste,Bauru,Bauru
3539509,Pitangueiras,SP,São Paulo,Ribeirão Preto,Sudeste,Ribeirão Preto,Ribeirão Preto
3539608,Planalto,SP,São Paulo,São José do Rio Preto,Sudeste,São José do Rio Preto,São José do Rio Preto
3539707,Platina,SP,São Paulo,Assis,Sudeste,Assis,Marília
3539806,Poá,SP,São Paulo,Metropolitana de São Paulo,Sudeste,São Paulo,São Paulo
3539905,Poloni,SP,São Paulo,São José do Rio Preto,Sudeste,São José do Rio Preto,São José do Rio Preto
3540002,Pompéia,SP,São Paulo,Marília,Sudeste,Marília,Marília
3540101,Pongaí,SP,São Paulo,Bauru,Sudeste,Lins,Bauru
3540200,Pontal,SP,São Paulo,Ribeirão Preto,Sudeste,Ribeirão Preto,Ribeirão Preto
3540259,Pontalinda,SP,São Paulo,São José do Rio Preto,Sudeste,Jales,São José do Rio Preto
3540309,Pontes Gestal,SP,São Paulo,São José do Rio Preto,Sudeste,Votuporanga,São José do Rio Preto
3540408,Populina,SP,São Paulo,São José do Rio Preto,Sudeste,Jales,São José do Rio Preto
3540507,Porangaba,SP,São Paulo,Itapetininga,Sudeste,Tatuí,Sorocaba
3540606,Porto Feliz,SP,São Paulo,Macro Metropolitana Paulista,Sudeste,Sorocaba,Sorocaba
3540705,Porto Ferreira,SP,São Paulo,Campinas,Sudeste,São Carlos,Araraquara
3540754,Potim,SP,São Paulo,Vale do Paraíba Paulista,Sudeste,Guaratinguetá,São José dos Campos
3540804,Potirendaba,SP,São Paulo,São José do Rio Preto,Sudeste,São José do Rio Preto,São José do Rio Preto
3540853,Pracinha,SP,São Paulo,Presidente Prudente,Sudeste,Adamantina - Lucélia,Presidente Prudente
3540903,Pradópolis,SP,São Paulo,Ribeirão Preto,Sudeste,Ribeirão Preto,Ribeirão Preto
3541000,Praia Grande,SP,São Paulo,Metropolitana de São Paulo,Sudeste,Santos,São Paulo
3541059,Pratânia,SP,São Paulo,Bauru,Sudeste,Botucatu,Bauru
3541109,Presidente Alves,SP,São Paulo,Bauru,Sudeste,Bauru,Bauru
3541208,Presidente Bernardes,SP,São Paulo,Presidente Prudente,Sudeste,Presidente Prudente,Presidente Prudente
3541307,Presidente Epitácio,SP,São Paulo,Presidente Prudente,Sudeste,Presidente Epitácio-Presidente Venceslau,Presidente Prudente
3541406,Presidente Prudente,SP,São Paulo,Presidente Prudente,Sudeste,Presidente Prudente,Presidente Prudente
3541505,Presidente Venceslau,SP,São Paulo,Presidente Prudente,Sudeste,Presidente Epitácio-Presidente Venceslau,Presidente Prudente
3541604,Promissão,SP,São Paulo,Bauru,Sudeste,Lins,Bauru
3541653,Quadra,SP,São Paulo,Itapetininga,Sudeste,Tatuí,Sorocaba
3541703,Quatá,SP,São Paulo,Assis,Sudeste,Presidente Prudente,Presidente Prudente
3541802,Queiroz,SP,São Paulo,Marília,Sudeste,Tupã,Marília
3541901,Queluz,SP,São Paulo,Vale do Paraíba Paulista,Sudeste,Cruzeiro,São José dos Campos
3542008,Quintana,SP,São Paulo,Marília,Sudeste,Marília,Marília
3542107,Rafard,SP,São Paulo,Piracicaba,Sudeste,Piracicaba,Campinas
3542206,Rancharia,SP,São Paulo,Presidente Prudente,Sudeste,Presidente Prudente,Presidente Prudente
3542305,Redenção da Serra,SP,São Paulo,Vale do Paraíba Paulista,Sudeste,Taubaté - Pindamonhangaba,São José dos Campos
3542404,Regente Feijó,SP,São Paulo,Presidente Prudente,Sudeste,Presidente Prudente,Presidente Prudente
3542503,Reginópolis,SP,São Paulo,Bauru,Sudeste,Bauru,Bauru
3542602,Registro,SP,São Paulo,Litoral Sul Paulista,Sudeste,Registro,Sorocaba
3542701,Restinga,SP,São Paulo,Ribeirão Preto,Sudeste,Franca,Ribeirão Preto
3542800,Ribeira,SP,São Paulo,Itapetininga,Sudeste,Itapeva,Sorocaba
3542909,Ribeirão Bonito,SP,São Paulo,Araraquara,Sudeste,São Carlos,Araraquara
3543006,Ribeirão Branco,SP,São Paulo,Itapetininga,Sudeste,Itapeva,Sorocaba
3543105,Ribeirão Corrente,SP,São Paulo,Ribeirão Preto,Sudeste,Franca,Ribeirão Preto
3543204,Ribeirão do Sul,SP,São Paulo,Assis,Sudeste,Ourinhos,Marília
3543238,Ribeirão dos Índios,SP,São Paulo,Presidente Prudente,Sudeste,Presidente Prudente,Presidente Prudente
3543253,Ribeirão Grande,SP,São Paulo,Itapetininga,Sudeste,Itapeva,Sorocaba
3543303,Ribeirão Pires,SP,São Paulo,Metropolitana de São Paulo,Sudeste,São Paulo,São Paulo
3543402,Ribeirão Preto,SP,São Paulo,Ribeirão Preto,Sudeste,Ribeirão Preto,Ribeirão Preto
3543501,Riversul,SP,São Paulo,Itapetininga,Sudeste,Itapeva,Sorocaba
3543600,Rifaina,SP,São Paulo,Ribeirão Preto,Sudeste,Franca,Ribeirão Preto
3543709,Rincão,SP,São Paulo,Araraquara,Sudeste,Araraquara,Araraquara
3543808,Rinópolis,SP,São Paulo,Presidente Prudente,Sudeste,Tupã,Marília
3543907,Rio Claro,SP,São Paulo,Piracicaba,Sudeste,Rio Claro,Campinas
3544004,Rio das Pedras,SP,São Paulo,Piracicaba,Sudeste,Piracicaba,Campinas
3544103,Rio Grande da Serra,SP,São Paulo,Metropolitana de São Paulo,Sudeste,São Paulo,São Paulo
3544202,Riolândia,SP,São Paulo,São José do Rio Preto,Sudeste,Votuporanga,São José do Rio Preto
3544251,Rosana,SP,São Paulo,Presidente Prudente,Sudeste,Presidente Prudente,Presidente Prudente
3544301,Roseira,SP,São Paulo,Vale do Paraíba Paulista,Sudeste,Guaratinguetá,São José dos Campos
3544400,Rubiácea,SP,São Paulo,Araçatuba,Sudeste,Araçatuba,Araçatuba
3544509,Rubinéia,SP,São Paulo,São José do Rio Preto,Sudeste,Santa Fé do Sul,São José do Rio Preto
3544608,Sabino,SP,São Paulo,Bauru,Sudeste,Lins,Bauru
3544707,Sagres,SP,São Paulo,Presidente Prudente,Sudeste,Adamantina - Lucélia,Presidente Prudente
3544806,Sales,SP,São Paulo,São José do Rio Preto,Sudeste,São José do Rio Preto,São José do Rio Preto
3544905,Sales Oliveira,SP,São Paulo,Ribeirão Preto,Sudeste,São Joaquim da Barra ¿ Orlândia,Ribeirão Preto
3545001,Salesópolis,SP,São Paulo,Metropolitana de São Paulo,Sudeste,São Paulo,São Paulo
3545100,Salmourão,SP,São Paulo,Presidente Prudente,Sudeste,Adamantina - Lucélia,Presidente Prudente
3545159,Saltinho,SP,São Paulo,Piracicaba,Sudeste,Piracicaba,Campinas
3545209,Salto,SP,São Paulo,Macro Metropolitana Paulista,Sudeste,Sorocaba,Sorocaba
3545308,Salto de Pirapora,SP,São Paulo,Macro Metropolitana Paulista,Sudeste,Sorocaba,Sorocaba
3545407,Salto Grande,SP,São Paulo,Assis,Sudeste,Ourinhos,Marília
3545506,Sandovalina,SP,São Paulo,Presidente Prudente,Sudeste,Presidente Prudente,Presidente Prudente
3545605,Santa Adélia,SP,São Paulo,São José do Rio Preto,Sudeste,Catanduva,São José do Rio Preto
3545704,Santa Albertina,SP,São Paulo,São José do Rio Preto,Sudeste,Jales,São José do Rio Preto
3545803,Santa Bárbara d'Oeste,SP,São Paulo,Campinas,Sudeste,Campinas,Campinas
3546009,Santa Branca,SP,São Paulo,Vale do Paraíba Paulista,Sudeste,São José dos Campos,São José dos Campos
3546108,Santa Clara d'Oeste,SP,São Paulo,São José do Rio Preto,Sudeste,Santa Fé do Sul,São José do Rio Preto
3546207,Santa Cruz da Conceição,SP,São Paulo,Piracicaba,Sudeste,Araras,Campinas
3546256,Santa Cruz da Esperança,SP,São Paulo,Ribeirão Preto,Sudeste,Ribeirão Preto,Ribeirão Preto
3546306,Santa Cruz das Palmeiras,SP,São Paulo,Campinas,Sudeste,São João da Boa Vista,Campinas
3546405,Santa Cruz do Rio Pardo,SP,São Paulo,Assis,Sudeste,Ourinhos,Marília
3546504,Santa Ernestina,SP,São Paulo,Ribeirão Preto,Sudeste,Ribeirão Preto,Ribeirão Preto
3546603,Santa Fé do Sul,SP,São Paulo,São José do Rio Preto,Sudeste,Santa Fé do Sul,São José do Rio Preto
3546702,Santa Gertrudes,SP,São Paulo,Piracicaba,Sudeste,Rio Claro,Campinas
3546801,Santa Isabel,SP,São Paulo,Metropolitana de São Paulo,Sudeste,São Paulo,São Paulo
3546900,Santa Lúcia,SP,São Paulo,Araraquara,Sudeste,Araraquara,Araraquara
3547007,Santa Maria da Serra,SP,São Paulo,Piracicaba,Sudeste,Piracicaba,Campinas
3547106,Santa Mercedes,SP,São Paulo,Presidente Prudente,Sudeste,Dracena,Presidente Prudente
3547205,Santana da Ponte Pensa,SP,São Paulo,São José do Rio Preto,Sudeste,Santa Fé do Sul,São José do Rio Preto
3547304,Santana de Parnaíba,SP,São Paulo,Metropolitana de São Paulo,Sudeste,São Paulo,São Paulo
3547403,Santa Rita d'Oeste,SP,São Paulo,São José do Rio Preto,Sudeste,Santa Fé do Sul,São José do Rio Preto
3547502,Santa Rita do Passa Quatro,SP,São Paulo,Ribeirão Preto,Sudeste,São Carlos,Araraquara
3547601,Santa Rosa de Viterbo,SP,São Paulo,Ribeirão Preto,Sudeste,Ribeirão Preto,Ribeirão Preto
3547650,Santa Salete,SP,São Paulo,São José do Rio Preto,Sudeste,Jales,São José do Rio Preto
3547700,Santo Anastácio,SP,São Paulo,Presidente Prudente,Sudeste,Presidente Prudente,Presidente Prudente
3547809,Santo André,SP,São Paulo,Metropolitana de São Paulo,Sudeste,São Paulo,São Paulo
3547908,Santo Antônio da Alegria,SP,São Paulo,Ribeirão Preto,Sudeste,Ribeirão Preto,Ribeirão Preto
3548005,Santo Antônio de Posse,SP,São Paulo,Campinas,Sudeste,Campinas,Campinas
3548054,Santo Antônio do Aracanguá,SP,São Paulo,Araçatuba,Sudeste,Araçatuba,Araçatuba
3548104,Santo Antônio do Jardim,SP,São Paulo,Campinas,Sudeste,São João da Boa Vista,Campinas
3548203,Santo Antônio do Pinhal,SP,São Paulo,Vale do Paraíba Paulista,Sudeste,Taubaté - Pindamonhangaba,São José dos Campos
3548302,Santo Expedito,SP,São Paulo,Presidente Prudente,Sudeste,Presidente Prudente,Presidente Prudente
3548401,Santópolis do Aguapeí,SP,São Paulo,Araçatuba,Sudeste,Birigui - Penápolis,Araçatuba
3548500,Santos,SP,São Paulo,Metropolitana de São Paulo,Sudeste,Santos,São Paulo
3548609,São Bento do Sapucaí,SP,São Paulo,Vale do Paraíba Paulista,Sudeste,Taubaté - Pindamonhangaba,São José dos Campos
3548708,São Bernardo do Campo,SP,São Paulo,Metropolitana de São Paulo,Sudeste,São Paulo,São Paulo
3548807,São Caetano do Sul,SP,São Paulo,Metropolitana de São Paulo,Sudeste,São Paulo,São Paulo
3548906,São Carlos,SP,São Paulo,Araraquara,Sudeste,São Carlos,Araraquara
3549003,São Francisco,SP,São Paulo,São José do Rio Preto,Sudeste,Jales,São José do Rio Preto
3549102,São João da Boa Vista,SP,São Paulo,Campinas,Sudeste,São João da Boa Vista,Campinas
3549201,São João das Duas Pontes,SP,São Paulo,São José do Rio Preto,Sudeste,Fernandópolis,São José do Rio Preto
3549250,São João de Iracema,SP,São Paulo,São José do Rio Preto,Sudeste,Fernandópolis,São José do Rio Preto
3549300,São João do Pau d'Alho,SP,São Paulo,Presidente Prudente,Sudeste,Dracena,Presidente Prudente
3549409,São Joaquim da Barra,SP,São Paulo,Ribeirão Preto,Sudeste,São Joaquim da Barra ¿ Orlândia,Ribeirão Preto
3549508,São José da Bela Vista,SP,São Paulo,Ribeirão Preto,Sudeste,Franca,Ribeirão Preto
3549607,São José do Barreiro,SP,São Paulo,Vale do Paraíba Paulista,Sudeste,Cruzeiro,São José dos Campos
3549706,São José do Rio Pardo,SP,São Paulo,Campinas,Sudeste,São José do Rio Pardo - Mococa,Campinas
3549805,São José do Rio Preto,SP,São Paulo,São José do Rio Preto,Sudeste,São José do Rio Preto,São José do Rio Preto
3549904,São José dos Campos,SP,São Paulo,Vale do Paraíba Paulista,Sudeste,São José dos Campos,São José dos Campos
3549953,São Lourenço da Serra,SP,São Paulo,Metropolitana de São Paulo,Sudeste,São Paulo,São Paulo
3550001,São Luiz do Paraitinga,SP,São Paulo,Vale do Paraíba Paulista,Sudeste,Taubaté - Pindamonhangaba,São José dos Campos
3550100,São Manuel,SP,São Paulo,Bauru,Sudeste,Botucatu,Bauru
3550209,São Miguel Arcanjo,SP,São Paulo,Macro Metropolitana Paulista,Sudeste,Itapetininga,Sorocaba
3550308,São Paulo,SP,São Paulo,Metropolitana de São Paulo,Sudeste,São Paulo,São Paulo
3550407,São Pedro,SP,São Paulo,Piracicaba,Sudeste,Piracicaba,Campinas
3550506,São Pedro do Turvo,SP,São Paulo,Assis,Sudeste,Ourinhos,Marília
3550605,São Roque,SP,São Paulo,Macro Metropolitana Paulista,Sudeste,Sorocaba,Sorocaba
3550704,São Sebastião,SP,São Paulo,Vale do Paraíba Paulista,Sudeste,Caraguatatuba - Ubatuba - São Sebastião,São José dos Campos
3550803,São Sebastião da Grama,SP,São Paulo,Campinas,Sudeste,São José do Rio Pardo - Mococa,Campinas
3550902,São Simão,SP,São Paulo,Ribeirão Preto,Sudeste,Ribeirão Preto,Ribeirão Preto
3551009,São Vicente,SP,São Paulo,Metropolitana de São Paulo,Sudeste,Santos,São Paulo
3551108,Sarapuí,SP,São Paulo,Macro Metropolitana Paulista,Sudeste,Sorocaba,Sorocaba
3551207,Sarutaiá,SP,São Paulo,Assis,Sudeste,Piraju,Marília
3551306,Sebastianópolis do Sul,SP,São Paulo,São José do Rio Preto,Sudeste,Votuporanga,São José do Rio Preto
3551405,Serra Azul,SP,São Paulo,Ribeirão Preto,Sudeste,Ribeirão Preto,Ribeirão Preto
3551504,Serrana,SP,São Paulo,Ribeirão Preto,Sudeste,Ribeirão Preto,Ribeirão Preto
3551603,Serra Negra,SP,São Paulo,Campinas,Sudeste,Amparo,Campinas
3551702,Sertãozinho,SP,São Paulo,Ribeirão Preto,Sudeste,Ribeirão Preto,Ribeirão Preto
3551801,Sete Barras,SP,São Paulo,Litoral Sul Paulista,Sudeste,Registro,Sorocaba
3551900,Severínia,SP,São Paulo,São José do Rio Preto,Sudeste,Barretos,Ribeirão Preto
3552007,Silveiras,SP,São Paulo,Vale do Paraíba Paulista,Sudeste,Cruzeiro,São José dos Campos
3552106,Socorro,SP,São Paulo,Campinas,Sudeste,Bragança Paulista,Campinas
3552205,Sorocaba,SP,São Paulo,Macro Metropolitana Paulista,Sudeste,Sorocaba,Sorocaba
3552304,Sud Mennucci,SP,São Paulo,Araçatuba,Sudeste,Andradina,Araçatuba
3552403,Sumaré,SP,São Paulo,Campinas,Sudeste,Campinas,Campinas
3552502,Suzano,SP,São Paulo,Metropolitana de São Paulo,Sudeste,São Paulo,São Paulo
3552551,Suzanápolis,SP,São Paulo,Araçatuba,Sudeste,Jales,São José do Rio Preto
3552601,Tabapuã,SP,São Paulo,São José do Rio Preto,Sudeste,Catanduva,São José do Rio Preto
3552700,Tabatinga,SP,São Paulo,Araraquara,Sudeste,Araraquara,Araraquara
3552809,Taboão da Serra,SP,São Paulo,Metropolitana de São Paulo,Sudeste,São Paulo,São Paulo
3552908,Taciba,SP,São Paulo,Presidente Prudente,Sudeste,Presidente Prudente,Presidente Prudente
3553005,Taguaí,SP,São Paulo,Assis,Sudeste,Avaré,Sorocaba
3553104,Taiaçu,SP,São Paulo,Ribeirão Preto,Sudeste,Barretos,Ribeirão Preto
3553203,Taiúva,SP,São Paulo,Ribeirão Preto,Sudeste,Barretos,Ribeirão Preto
3553302,Tambaú,SP,São Paulo,Campinas,Sudeste,São João da Boa Vista,Campinas
3553401,Tanabi,SP,São Paulo,São José do Rio Preto,Sudeste,São José do Rio Preto,São José do Rio Preto
3553500,Tapiraí,SP,São Paulo,Macro Metropolitana Paulista,Sudeste,Sorocaba,Sorocaba
3553609,Tapiratiba,SP,São Paulo,Campinas,Sudeste,São José do Rio Pardo - Mococa,Campinas
3553658,Taquaral,SP,São Paulo,Ribeirão Preto,Sudeste,Barretos,Ribeirão Preto
3553708,Taquaritinga,SP,São Paulo,Ribeirão Preto,Sudeste,Araraquara,Araraquara
3553807,Taquarituba,SP,São Paulo,Itapetininga,Sudeste,Avaré,Sorocaba
3553856,Taquarivaí,SP,São Paulo,Itapetininga,Sudeste,Itapeva,Sorocaba
3553906,Tarabai,SP,São Paulo,Presidente Prudente,Sudeste,Presidente Prudente,Presidente Prudente
3553955,Tarumã,SP,São Paulo,Assis,Sudeste,Assis,Marília
3554003,Tatuí,SP,São Paulo,Itapetininga,Sudeste,Tatuí,Sorocaba
3554102,Taubaté,SP,São Paulo,Vale do Paraíba Paulista,Sudeste,Taubaté - Pindamonhangaba,São José dos Campos
3554201,Tejupá,SP,São Paulo,Assis,Sudeste,Piraju,Marília
3554300,Teodoro Sampaio,SP,São Paulo,Presidente Prudente,Sudeste,Presidente Prudente,Presidente Prudente
3554409,Terra Roxa,SP,São Paulo,Ribeirão Preto,Sudeste,Barretos,Ribeirão Preto
3554508,Tietê,SP,São Paulo,Piracicaba,Sudeste,Sorocaba,Sorocaba
3554607,Timburi,SP,São Paulo,Assis,Sudeste,Piraju,Marília
3554656,Torre de Pedra,SP,São Paulo,Itapetininga,Sudeste,Tatuí,Sorocaba
3554706,Torrinha,SP,São Paulo,Piracicaba,Sudeste,Jaú,Bauru
3554755,Trabiju,SP,São Paulo,Araraquara,Sudeste,Araraquara,Araraquara
3554805,Tremembé,SP,São Paulo,Vale do Paraíba Paulista,Sudeste,Taubaté - Pindamonhangaba,São José dos Campos
3554904,Três Fronteiras,SP,São Paulo,São José do Rio Preto,Sudeste,Santa Fé do Sul,São José do Rio Preto
3554953,Tuiuti,SP,São Paulo,Macro Metropolitana Paulista,Sudeste,Bragança Paulista,Campinas
3555000,Tupã,SP,São Paulo,Marília,Sudeste,Tupã,Marília
3555109,Tupi Paulista,SP,São Paulo,Presidente Prudente,Sudeste,Dracena,Presidente Prudente
3555208,Turiúba,SP,São Paulo,Araçatuba,Sudeste,Birigui - Penápolis,Araçatuba
3555307,Turmalina,SP,São Paulo,São José do Rio Preto,Sudeste,Jales,São José do Rio Preto
3555356,Ubarana,SP,São Paulo,São José do Rio Preto,Sudeste,São José do Rio Preto,São José do Rio Preto
3555406,Ubatuba,SP,São Paulo,Vale do Paraíba Paulista,Sudeste,Caraguatatuba - Ubatuba - São Sebastião,São José dos Campos
3555505,Ubirajara,SP,São Paulo,Bauru,Sudeste,Bauru,Bauru
3555604,Uchoa,SP,São Paulo,São José do Rio Preto,Sudeste,São José do Rio Preto,São José do Rio Preto
3555703,União Paulista,SP,São Paulo,São José do Rio Preto,Sudeste,São José do Rio Preto,São José do Rio Preto
3555802,Urânia,SP,São Paulo,São José do Rio Preto,Sudeste,Jales,São José do Rio Preto
3555901,Uru,SP,São Paulo,Bauru,Sudeste,Lins,Bauru
3556008,Urupês,SP,São Paulo,São José do Rio Preto,Sudeste,São José do Rio Preto,São José do Rio Preto
3556107,Valentim Gentil,SP,São Paulo,São José do Rio Preto,Sudeste,Votuporanga,São José do Rio Preto
3556206,Valinhos,SP,São Paulo,Campinas,Sudeste,Campinas,Campinas
3556305,Valparaíso,SP,São Paulo,Araçatuba,Sudeste,Araçatuba,Araçatuba
3556354,Vargem,SP,São Paulo,Macro Metropolitana Paulista,Sudeste,Bragança Paulista,Campinas
3556404,Vargem Grande do Sul,SP,São Paulo,Campinas,Sudeste,São João da Boa Vista,Campinas
3556453,Vargem Grande Paulista,SP,São Paulo,Metropolitana de São Paulo,Sudeste,São Paulo,São Paulo
3556503,Várzea Paulista,SP,São Paulo,Macro Metropolitana Paulista,Sudeste,Jundiaí,Campinas
3556602,Vera Cruz,SP,São Paulo,Marília,Sudeste,Marília,Marília
3556701,Vinhedo,SP,São Paulo,Campinas,Sudeste,Campinas,Campinas
3556800,Viradouro,SP,São Paulo,Ribeirão Preto,Sudeste,Barretos,Ribeirão Preto
3556909,Vista Alegre do Alto,SP,São Paulo,Ribeirão Preto,Sudeste,Catanduva,São José do Rio Preto
3556958,Vitória Brasil,SP,São Paulo,São José do Rio Preto,Sudeste,Jales,São José do Rio Preto
3557006,Votorantim,SP,São Paulo,Macro Metropolitana Paulista,Sudeste,Sorocaba,Sorocaba
3557105,Votuporanga,SP,São Paulo,São José do Rio Preto,Sudeste,Votuporanga,São José do Rio Preto
3557154,Zacarias,SP,São Paulo,São José do Rio Preto,Sudeste,Birigui - Penápolis,Araçatuba
3557204,Chavantes,SP,São Paulo,Assis,Sudeste,Ourinhos,Marília
3557303,Estiva Gerbi,SP,São Paulo,Campinas,Sudeste,Mogi Guaçu,Campinas
2800100,Amparo do São Francisco,SE,Sergipe,Leste Sergipano,Nordeste,Propriá,Aracaju
2800209,Aquidabã,SE,Sergipe,Agreste Sergipano,Nordeste,Propriá,Aracaju
2800308,Aracaju,SE,Sergipe,Leste Sergipano,Nordeste,Aracaju,Aracaju
2800407,Arauá,SE,Sergipe,Leste Sergipano,Nordeste,Estância,Aracaju
2800506,Areia Branca,SE,Sergipe,Agreste Sergipano,Nordeste,Itabaiana,Itabaiana
2800605,Barra dos Coqueiros,SE,Sergipe,Leste Sergipano,Nordeste,Aracaju,Aracaju
2800670,Boquim,SE,Sergipe,Leste Sergipano,Nordeste,Estância,Aracaju
2800704,Brejo Grande,SE,Sergipe,Leste Sergipano,Nordeste,Propriá,Aracaju
2801009,Campo do Brito,SE,Sergipe,Agreste Sergipano,Nordeste,Itabaiana,Itabaiana
2801108,Canhoba,SE,Sergipe,Leste Sergipano,Nordeste,Propriá,Aracaju
2801207,Canindé de São Francisco,SE,Sergipe,Sertão Sergipano,Nordeste,Nossa Senhora da Glória,Itabaiana
2801306,Capela,SE,Sergipe,Leste Sergipano,Nordeste,Aracaju,Aracaju
2801405,Carira,SE,Sergipe,Sertão Sergipano,Nordeste,Itabaiana,Itabaiana
2801504,Carmópolis,SE,Sergipe,Leste Sergipano,Nordeste,Aracaju,Aracaju
2801603,Cedro de São João,SE,Sergipe,Leste Sergipano,Nordeste,Propriá,Aracaju
2801702,Cristinápolis,SE,Sergipe,Leste Sergipano,Nordeste,Estância,Aracaju
2801900,Cumbe,SE,Sergipe,Agreste Sergipano,Nordeste,Aracaju,Aracaju
2802007,Divina Pastora,SE,Sergipe,Leste Sergipano,Nordeste,Aracaju,Aracaju
2802106,Estância,SE,Sergipe,Leste Sergipano,Nordeste,Estância,Aracaju
2802205,Feira Nova,SE,Sergipe,Sertão Sergipano,Nordeste,Nossa Senhora da Glória,Itabaiana
2802304,Frei Paulo,SE,Sergipe,Sertão Sergipano,Nordeste,Itabaiana,Itabaiana
2802403,Gararu,SE,Sergipe,Sertão Sergipano,Nordeste,Nossa Senhora da Glória,Itabaiana
2802502,General Maynard,SE,Sergipe,Leste Sergipano,Nordeste,Aracaju,Aracaju
2802601,Graccho Cardoso,SE,Sergipe,Sertão Sergipano,Nordeste,Nossa Senhora da Glória,Itabaiana
2802700,Ilha das Flores,SE,Sergipe,Leste Sergipano,Nordeste,Propriá,Aracaju
2802809,Indiaroba,SE,Sergipe,Leste Sergipano,Nordeste,Estância,Aracaju
2802908,Itabaiana,SE,Sergipe,Agreste Sergipano,Nordeste,Itabaiana,Itabaiana
2803005,Itabaianinha,SE,Sergipe,Leste Sergipano,Nordeste,Estância,Aracaju
2803104,Itabi,SE,Sergipe,Sertão Sergipano,Nordeste,Nossa Senhora da Glória,Itabaiana
2803203,Itaporanga d'Ajuda,SE,Sergipe,Leste Sergipano,Nordeste,Aracaju,Aracaju
2803302,Japaratuba,SE,Sergipe,Leste Sergipano,Nordeste,Aracaju,Aracaju
2803401,Japoatã,SE,Sergipe,Leste Sergipano,Nordeste,Propriá,Aracaju
2803500,Lagarto,SE,Sergipe,Agreste Sergipano,Nordeste,Lagarto,Itabaiana
2803609,Laranjeiras,SE,Sergipe,Leste Sergipano,Nordeste,Aracaju,Aracaju
2803708,Macambira,SE,Sergipe,Agreste Sergipano,Nordeste,Itabaiana,Itabaiana
2803807,Malhada dos Bois,SE,Sergipe,Agreste Sergipano,Nordeste,Propriá,Aracaju
2803906,Malhador,SE,Sergipe,Agreste Sergipano,Nordeste,Itabaiana,Itabaiana
2804003,Maruim,SE,Sergipe,Leste Sergipano,Nordeste,Aracaju,Aracaju
2804102,Moita Bonita,SE,Sergipe,Agreste Sergipano,Nordeste,Itabaiana,Itabaiana
2804201,Monte Alegre de Sergipe,SE,Sergipe,Sertão Sergipano,Nordeste,Nossa Senhora da Glória,Itabaiana
2804300,Muribeca,SE,Sergipe,Agreste Sergipano,Nordeste,Propriá,Aracaju
2804409,Neópolis,SE,Sergipe,Leste Sergipano,Nordeste,Propriá,Aracaju
2804458,Nossa Senhora Aparecida,SE,Sergipe,Sertão Sergipano,Nordeste,Itabaiana,Itabaiana
2804508,Nossa Senhora da Glória,SE,Sergipe,Sertão Sergipano,Nordeste,Nossa Senhora da Glória,Itabaiana
2804607,Nossa Senhora das Dores,SE,Sergipe,Agreste Sergipano,Nordeste,Aracaju,Aracaju
2804706,Nossa Senhora de Lourdes,SE,Sergipe,Leste Sergipano,Nordeste,Propriá,Aracaju
2804805,Nossa Senhora do Socorro,SE,Sergipe,Leste Sergipano,Nordeste,Aracaju,Aracaju
2804904,Pacatuba,SE,Sergipe,Leste Sergipano,Nordeste,Propriá,Aracaju
2805000,Pedra Mole,SE,Sergipe,Sertão Sergipano,Nordeste,Itabaiana,Itabaiana
2805109,Pedrinhas,SE,Sergipe,Leste Sergipano,Nordeste,Estância,Aracaju
2805208,Pinhão,SE,Sergipe,Sertão Sergipano,Nordeste,Itabaiana,Itabaiana
2805307,Pirambu,SE,Sergipe,Leste Sergipano,Nordeste,Aracaju,Aracaju
2805406,Poço Redondo,SE,Sergipe,Sertão Sergipano,Nordeste,Nossa Senhora da Glória,Itabaiana
2805505,Poço Verde,SE,Sergipe,Agreste Sergipano,Nordeste,Lagarto,Itabaiana
2805604,Porto da Folha,SE,Sergipe,Sertão Sergipano,Nordeste,Nossa Senhora da Glória,Itabaiana
2805703,Propriá,SE,Sergipe,Leste Sergipano,Nordeste,Propriá,Aracaju
2805802,Riachão do Dantas,SE,Sergipe,Agreste Sergipano,Nordeste,Lagarto,Itabaiana
2805901,Riachuelo,SE,Sergipe,Leste Sergipano,Nordeste,Aracaju,Aracaju
2806008,Ribeirópolis,SE,Sergipe,Sertão Sergipano,Nordeste,Itabaiana,Itabaiana
2806107,Rosário do Catete,SE,Sergipe,Leste Sergipano,Nordeste,Aracaju,Aracaju
2806206,Salgado,SE,Sergipe,Leste Sergipano,Nordeste,Lagarto,Itabaiana
2806305,Santa Luzia do Itanhy,SE,Sergipe,Leste Sergipano,Nordeste,Estância,Aracaju
2806404,Santana do São Francisco,SE,Sergipe,Leste Sergipano,Nordeste,Propriá,Aracaju
2806503,Santa Rosa de Lima,SE,Sergipe,Leste Sergipano,Nordeste,Aracaju,Aracaju
2806602,Santo Amaro das Brotas,SE,Sergipe,Leste Sergipano,Nordeste,Aracaju,Aracaju
2806701,São Cristóvão,SE,Sergipe,Leste Sergipano,Nordeste,Aracaju,Aracaju
2806800,São Domingos,SE,Sergipe,Agreste Sergipano,Nordeste,Itabaiana,Itabaiana
2806909,São Francisco,SE,Sergipe,Leste Sergipano,Nordeste,Propriá,Aracaju
2807006,São Miguel do Aleixo,SE,Sergipe,Agreste Sergipano,Nordeste,Itabaiana,Itabaiana
2807105,Simão Dias,SE,Sergipe,Agreste Sergipano,Nordeste,Lagarto,Itabaiana
2807204,Siriri,SE,Sergipe,Leste Sergipano,Nordeste,Aracaju,Aracaju
2807303,Telha,SE,Sergipe,Leste Sergipano,Nordeste,Propriá,Aracaju
2807402,Tobias Barreto,SE,Sergipe,Agreste Sergipano,Nordeste,Lagarto,Itabaiana
2807501,Tomar do Geru,SE,Sergipe,Leste Sergipano,Nordeste,Estância,Aracaju
2807600,Umbaúba,SE,Sergipe,Leste Sergipano,Nordeste,Estância,Aracaju
1700251,Abreulândia,TO,Tocantins,Ocidental do Tocantins,Norte,Paraíso do Tocantins,Palmas
1700301,Aguiarnópolis,TO,Tocantins,Ocidental do Tocantins,Norte,Tocantinópolis,Araguaína
1700350,Aliança do Tocantins,TO,Tocantins,Ocidental do Tocantins,Norte,Gurupi,Gurupi
1700400,Almas,TO,Tocantins,Oriental do Tocantins,Norte,Dianópolis,Gurupi
1700707,Alvorada,TO,Tocantins,Ocidental do Tocantins,Norte,Gurupi,Gurupi
1701002,Ananás,TO,Tocantins,Ocidental do Tocantins,Norte,Araguaína,Araguaína
1701051,Angico,TO,Tocantins,Ocidental do Tocantins,Norte,Araguaína,Araguaína
1701101,Aparecida do Rio Negro,TO,Tocantins,Oriental do Tocantins,Norte,Palmas,Palmas
1701309,Aragominas,TO,Tocantins,Ocidental do Tocantins,Norte,Araguaína,Araguaína
1701903,Araguacema,TO,Tocantins,Ocidental do Tocantins,Norte,Paraíso do Tocantins,Palmas
1702000,Araguaçu,TO,Tocantins,Ocidental do Tocantins,Norte,Gurupi,Gurupi
1702109,Araguaína,TO,Tocantins,Ocidental do Tocantins,Norte,Araguaína,Araguaína
1702158,Araguanã,TO,Tocantins,Ocidental do Tocantins,Norte,Araguaína,Araguaína
1702208,Araguatins,TO,Tocantins,Ocidental do Tocantins,Norte,Araguatins,Araguaína
1702307,Arapoema,TO,Tocantins,Ocidental do Tocantins,Norte,Araguaína,Araguaína
1702406,Arraias,TO,Tocantins,Oriental do Tocantins,Norte,Dianópolis,Gurupi
1702554,Augustinópolis,TO,Tocantins,Ocidental do Tocantins,Norte,Araguatins,Araguaína
1702703,Aurora do Tocantins,TO,Tocantins,Oriental do Tocantins,Norte,Dianópolis,Gurupi
1702901,Axixá do Tocantins,TO,Tocantins,Ocidental do Tocantins,Norte,Araguatins,Araguaína
1703008,Babaçulândia,TO,Tocantins,Ocidental do Tocantins,Norte,Araguaína,Araguaína
1703057,Bandeirantes do Tocantins,TO,Tocantins,Ocidental do Tocantins,Norte,Colinas do Tocantins,Araguaína
1703073,Barra do Ouro,TO,Tocantins,Oriental do Tocantins,Norte,Araguaína,Araguaína
1703107,Barrolândia,TO,Tocantins,Ocidental do Tocantins,Norte,Paraíso do Tocantins,Palmas
1703206,Bernardo Sayão,TO,Tocantins,Ocidental do Tocantins,Norte,Colinas do Tocantins,Araguaína
1703305,Bom Jesus do Tocantins,TO,Tocantins,Oriental do Tocantins,Norte,Guaraí,Araguaína
1703602,Brasilândia do Tocantins,TO,Tocantins,Ocidental do Tocantins,Norte,Colinas do Tocantins,Araguaína
1703701,Brejinho de Nazaré,TO,Tocantins,Ocidental do Tocantins,Norte,Porto Nacional,Palmas
1703800,Buriti do Tocantins,TO,Tocantins,Ocidental do Tocantins,Norte,Araguatins,Araguaína
1703826,Cachoeirinha,TO,Tocantins,Ocidental do Tocantins,Norte,Tocantinópolis,Araguaína
1703842,Campos Lindos,TO,Tocantins,Oriental do Tocantins,Norte,Araguaína,Araguaína
1703867,Cariri do Tocantins,TO,Tocantins,Ocidental do Tocantins,Norte,Gurupi,Gurupi
1703883,Carmolândia,TO,Tocantins,Ocidental do Tocantins,Norte,Araguaína,Araguaína
1703891,Carrasco Bonito,TO,Tocantins,Ocidental do Tocantins,Norte,Araguatins,Araguaína
1703909,Caseara,TO,Tocantins,Ocidental do Tocantins,Norte,Paraíso do Tocantins,Palmas
1704105,Centenário,TO,Tocantins,Oriental do Tocantins,Norte,Guaraí,Araguaína
1704600,Chapada de Areia,TO,Tocantins,Ocidental do Tocantins,Norte,Paraíso do Tocantins,Palmas
1705102,Chapada da Natividade,TO,Tocantins,Oriental do Tocantins,Norte,Porto Nacional,Palmas
1705508,Colinas do Tocantins,TO,Tocantins,Ocidental do Tocantins,Norte,Colinas do Tocantins,Araguaína
1705557,Combinado,TO,Tocantins,Oriental do Tocantins,Norte,Dianópolis,Gurupi
1705607,Conceição do Tocantins,TO,Tocantins,Oriental do Tocantins,Norte,Dianópolis,Gurupi
1706001,Couto Magalhães,TO,Tocantins,Ocidental do Tocantins,Norte,Guaraí,Araguaína
1706100,Cristalândia,TO,Tocantins,Ocidental do Tocantins,Norte,Paraíso do Tocantins,Palmas
1706258,Crixás do Tocantins,TO,Tocantins,Ocidental do Tocantins,Norte,Gurupi,Gurupi
1706506,Darcinópolis,TO,Tocantins,Ocidental do Tocantins,Norte,Araguaína,Araguaína
1707009,Dianópolis,TO,Tocantins,Oriental do Tocantins,Norte,Dianópolis,Gurupi
1707108,Divinópolis do Tocantins,TO,Tocantins,Ocidental do Tocantins,Norte,Paraíso do Tocantins,Palmas
1707207,Dois Irmãos do Tocantins,TO,Tocantins,Ocidental do Tocantins,Norte,Miracema do Tocantins,Palmas
1707306,Dueré,TO,Tocantins,Ocidental do Tocantins,Norte,Gurupi,Gurupi
1707405,Esperantina,TO,Tocantins,Ocidental do Tocantins,Norte,Araguatins,Araguaína
1707553,Fátima,TO,Tocantins,Ocidental do Tocantins,Norte,Porto Nacional,Palmas
1707652,Figueirópolis,TO,Tocantins,Ocidental do Tocantins,Norte,Gurupi,Gurupi
1707702,Filadélfia,TO,Tocantins,Ocidental do Tocantins,Norte,Araguaína,Araguaína
1708205,Formoso do Araguaia,TO,Tocantins,Ocidental do Tocantins,Norte,Gurupi,Gurupi
1708254,Tabocão,TO,Tocantins,Ocidental do Tocantins,Norte,Guaraí,Araguaína
1708304,Goianorte,TO,Tocantins,Ocidental do Tocantins,Norte,Guaraí,Araguaína
1709005,Goiatins,TO,Tocantins,Oriental do Tocantins,Norte,Araguaína,Araguaína
1709302,Guaraí,TO,Tocantins,Ocidental do Tocantins,Norte,Guaraí,Araguaína
1709500,Gurupi,TO,Tocantins,Ocidental do Tocantins,Norte,Gurupi,Gurupi
1709807,Ipueiras,TO,Tocantins,Oriental do Tocantins,Norte,Porto Nacional,Palmas
1710508,Itacajá,TO,Tocantins,Oriental do Tocantins,Norte,Colinas do Tocantins,Araguaína
1710706,Itaguatins,TO,Tocantins,Ocidental do Tocantins,Norte,Araguatins,Araguaína
1710904,Itapiratins,TO,Tocantins,Oriental do Tocantins,Norte,Colinas do Tocantins,Araguaína
1711100,Itaporã do Tocantins,TO,Tocantins,Ocidental do Tocantins,Norte,Guaraí,Araguaína
1711506,Jaú do Tocantins,TO,Tocantins,Ocidental do Tocantins,Norte,Gurupi,Gurupi
1711803,Juarina,TO,Tocantins,Ocidental do Tocantins,Norte,Colinas do Tocantins,Araguaína
1711902,Lagoa da Confusão,TO,Tocantins,Ocidental do Tocantins,Norte,Paraíso do Tocantins,Palmas
1711951,Lagoa do Tocantins,TO,Tocantins,Oriental do Tocantins,Norte,Palmas,Palmas
1712009,Lajeado,TO,Tocantins,Oriental do Tocantins,Norte,Palmas,Palmas
1712157,Lavandeira,TO,Tocantins,Oriental do Tocantins,Norte,Dianópolis,Gurupi
1712405,Lizarda,TO,Tocantins,Oriental do Tocantins,Norte,Palmas,Palmas
1712454,Luzinópolis,TO,Tocantins,Ocidental do Tocantins,Norte,Tocantinópolis,Araguaína
1712504,Marianópolis do Tocantins,TO,Tocantins,Ocidental do Tocantins,Norte,Paraíso do Tocantins,Palmas
1712702,Mateiros,TO,Tocantins,Oriental do Tocantins,Norte,Palmas,Palmas
1712801,Maurilândia do Tocantins,TO,Tocantins,Ocidental do Tocantins,Norte,Tocantinópolis,Araguaína
1713205,Miracema do Tocantins,TO,Tocantins,Ocidental do Tocantins,Norte,Miracema do Tocantins,Palmas
1713304,Miranorte,TO,Tocantins,Ocidental do Tocantins,Norte,Miracema do Tocantins,Palmas
1713601,Monte do Carmo,TO,Tocantins,Oriental do Tocantins,Norte,Porto Nacional,Palmas
1713700,Monte Santo do Tocantins,TO,Tocantins,Ocidental do Tocantins,Norte,Paraíso do Tocantins,Palmas
1713809,Palmeiras do Tocantins,TO,Tocantins,Ocidental do Tocantins,Norte,Tocantinópolis,Araguaína
1713957,Muricilândia,TO,Tocantins,Ocidental do Tocantins,Norte,Araguaína,Araguaína
1714203,Natividade,TO,Tocantins,Oriental do Tocantins,Norte,Porto Nacional,Palmas
1714302,Nazaré,TO,Tocantins,Ocidental do Tocantins,Norte,Tocantinópolis,Araguaína
1714880,Nova Olinda,TO,Tocantins,Ocidental do Tocantins,Norte,Araguaína,Araguaína
1715002,Nova Rosalândia,TO,Tocantins,Ocidental do Tocantins,Norte,Paraíso do Tocantins,Palmas
1715101,Novo Acordo,TO,Tocantins,Oriental do Tocantins,Norte,Palmas,Palmas
1715150,Novo Alegre,TO,Tocantins,Oriental do Tocantins,Norte,Dianópolis,Gurupi
1715259,Novo Jardim,TO,Tocantins,Oriental do Tocantins,Norte,Dianópolis,Gurupi
1715507,Oliveira de Fátima,TO,Tocantins,Ocidental do Tocantins,Norte,Porto Nacional,Palmas
1715705,Palmeirante,TO,Tocantins,Ocidental do Tocantins,Norte,Colinas do Tocantins,Araguaína
1715754,Palmeirópolis,TO,Tocantins,Ocidental do Tocantins,Norte,Gurupi,Gurupi
1716109,Paraíso do Tocantins,TO,Tocantins,Ocidental do Tocantins,Norte,Paraíso do Tocantins,Palmas
1716208,Paranã,TO,Tocantins,Oriental do Tocantins,Norte,Gurupi,Gurupi
1716307,Pau D'Arco,TO,Tocantins,Ocidental do Tocantins,Norte,Araguaína,Araguaína
1716505,Pedro Afonso,TO,Tocantins,Oriental do Tocantins,Norte,Guaraí,Araguaína
1716604,Peixe,TO,Tocantins,Ocidental do Tocantins,Norte,Gurupi,Gurupi
1716653,Pequizeiro,TO,Tocantins,Ocidental do Tocantins,Norte,Guaraí,Araguaína
1716703,Colméia,TO,Tocantins,Ocidental do Tocantins,Norte,Guaraí,Araguaína
1717008,Pindorama do Tocantins,TO,Tocantins,Oriental do Tocantins,Norte,Porto Nacional,Palmas
1717206,Piraquê,TO,Tocantins,Ocidental do Tocantins,Norte,Araguaína,Araguaína
1717503,Pium,TO,Tocantins,Ocidental do Tocantins,Norte,Paraíso do Tocantins,Palmas
1717800,Ponte Alta do Bom Jesus,TO,Tocantins,Oriental do Tocantins,Norte,Dianópolis,Gurupi
1717909,Ponte Alta do Tocantins,TO,Tocantins,Oriental do Tocantins,Norte,Porto Nacional,Palmas
1718006,Porto Alegre do Tocantins,TO,Tocantins,Oriental do Tocantins,Norte,Dianópolis,Gurupi
1718204,Porto Nacional,TO,Tocantins,Oriental do Tocantins,Norte,Porto Nacional,Palmas
1718303,Praia Norte,TO,Tocantins,Ocidental do Tocantins,Norte,Araguatins,Araguaína
1718402,Presidente Kennedy,TO,Tocantins,Ocidental do Tocantins,Norte,Guaraí,Araguaína
1718451,Pugmil,TO,Tocantins,Ocidental do Tocantins,Norte,Paraíso do Tocantins,Palmas
1718501,Recursolândia,TO,Tocantins,Oriental do Tocantins,Norte,Guaraí,Araguaína
1718550,Riachinho,TO,Tocantins,Ocidental do Tocantins,Norte,Araguaína,Araguaína
1718659,Rio da Conceição,TO,Tocantins,Oriental do Tocantins,Norte,Dianópolis,Gurupi
1718709,Rio dos Bois,TO,Tocantins,Ocidental do Tocantins,Norte,Miracema do Tocantins,Palmas
1718758,Rio Sono,TO,Tocantins,Oriental do Tocantins,Norte,Palmas,Palmas
1718808,Sampaio,TO,Tocantins,Ocidental do Tocantins,Norte,Araguatins,Araguaína
1718840,Sandolândia,TO,Tocantins,Ocidental do Tocantins,Norte,Gurupi,Gurupi
1718865,Santa Fé do Araguaia,TO,Tocantins,Ocidental do Tocantins,Norte,Araguaína,Araguaína
1718881,Santa Maria do Tocantins,TO,Tocantins,Oriental do Tocantins,Norte,Guaraí,Araguaína
1718899,Santa Rita do Tocantins,TO,Tocantins,Ocidental do Tocantins,Norte,Porto Nacional,Palmas
1718907,Santa Rosa do Tocantins,TO,Tocantins,Oriental do Tocantins,Norte,Porto Nacional,Palmas
1719004,Santa Tereza do Tocantins,TO,Tocantins,Oriental do Tocantins,Norte,Palmas,Palmas
1720002,Santa Terezinha do Tocantins,TO,Tocantins,Ocidental do Tocantins,Norte,Tocantinópolis,Araguaína
1720101,São Bento do Tocantins,TO,Tocantins,Ocidental do Tocantins,Norte,Araguatins,Araguaína
1720150,São Félix do Tocantins,TO,Tocantins,Oriental do Tocantins,Norte,Palmas,Palmas
1720200,São Miguel do Tocantins,TO,Tocantins,Ocidental do Tocantins,Norte,Araguatins,Araguaína
1720259,São Salvador do Tocantins,TO,Tocantins,Ocidental do Tocantins,Norte,Gurupi,Gurupi
1720309,São Sebastião do Tocantins,TO,Tocantins,Ocidental do Tocantins,Norte,Araguatins,Araguaína
1720499,São Valério,TO,Tocantins,Oriental do Tocantins,Norte,Gurupi,Gurupi
1720655,Silvanópolis,TO,Tocantins,Oriental do Tocantins,Norte,Porto Nacional,Palmas
1720804,Sítio Novo do Tocantins,TO,Tocantins,Ocidental do Tocantins,Norte,Araguatins,Araguaína
1720853,Sucupira,TO,Tocantins,Ocidental do Tocantins,Norte,Gurupi,Gurupi
1720903,Taguatinga,TO,Tocantins,Oriental do Tocantins,Norte,Dianópolis,Gurupi
1720937,Taipas do Tocantins,TO,Tocantins,Oriental do Tocantins,Norte,Dianópolis,Gurupi
1720978,Talismã,TO,Tocantins,Ocidental do Tocantins,Norte,Gurupi,Gurupi
1721000,Palmas,TO,Tocantins,Oriental do Tocantins,Norte,Palmas,Palmas
1721109,Tocantínia,TO,Tocantins,Oriental do Tocantins,Norte,Miracema do Tocantins,Palmas
1721208,Tocantinópolis,TO,Tocantins,Ocidental do Tocantins,Norte,Tocantinópolis,Araguaína
1721257,Tupirama,TO,Tocantins,Ocidental do Tocantins,Norte,Guaraí,Araguaína
1721307,Tupiratins,TO,Tocantins,Ocidental do Tocantins,Norte,Colinas do Tocantins,Araguaína
1722081,Wanderlândia,TO,Tocantins,Ocidental do Tocantins,Norte,Araguaína,Araguaína
1722107,Xambioá,TO,Tocantins,Ocidental do Tocantins,Norte,Araguaína,Araguaína
